-- phpMyAdmin SQL Dump
-- version 4.6.4
-- https://www.phpmyadmin.net/
--
-- Host: 127.0.0.1
-- Generation Time: May 05, 2021 at 09:35 AM
-- Server version: 5.7.14
-- PHP Version: 5.6.25

SET SQL_MODE = "NO_AUTO_VALUE_ON_ZERO";
SET time_zone = "+00:00";


/*!40101 SET @OLD_CHARACTER_SET_CLIENT=@@CHARACTER_SET_CLIENT */;
/*!40101 SET @OLD_CHARACTER_SET_RESULTS=@@CHARACTER_SET_RESULTS */;
/*!40101 SET @OLD_COLLATION_CONNECTION=@@COLLATION_CONNECTION */;
/*!40101 SET NAMES utf8mb4 */;

--
-- Database: `ipp`
--

-- --------------------------------------------------------

--
-- Table structure for table `bag_digital_master`
--

CREATE TABLE `bag_digital_master` (
  `bdm_id` int(50) NOT NULL,
  `bdm_url` varchar(100) NOT NULL,
  `bdm_name` varchar(100) NOT NULL,
  `bdm_valid` int(1) NOT NULL DEFAULT '1'
) ENGINE=MyISAM DEFAULT CHARSET=latin1;

--
-- Dumping data for table `bag_digital_master`
--

INSERT INTO `bag_digital_master` (`bdm_id`, `bdm_url`, `bdm_name`, `bdm_valid`) VALUES
(1, 'assets/wo/bag/2_1.jpg', 'Bag Single Weld & Bottom Fold', 1),
(2, 'assets/wo/bag/2_2.jpg', 'Bag Double Weld & Bottom Fold', 1),
(3, 'assets/wo/bag/2_3.jpg', 'Bag Single Weld & Bottom Gusset', 1),
(4, 'assets/wo/bag/2_4.jpg', 'Bag Double Weld & Bottom Gusset', 1),
(5, 'assets/wo/bag/2_5.jpg', 'Bag Side Gusset & Weldom Weld', 1);

-- --------------------------------------------------------

--
-- Table structure for table `bag_digital_params`
--

CREATE TABLE `bag_digital_params` (
  `bdp_id` int(10) NOT NULL,
  `bdp_bdm_id` int(10) NOT NULL,
  `bdp_title` varchar(25) NOT NULL
) ENGINE=MyISAM DEFAULT CHARSET=latin1;

--
-- Dumping data for table `bag_digital_params`
--

INSERT INTO `bag_digital_params` (`bdp_id`, `bdp_bdm_id`, `bdp_title`) VALUES
(1, 1, 'Length'),
(2, 1, 'Width'),
(3, 2, 'Length'),
(4, 2, 'Width'),
(5, 3, 'Length'),
(6, 3, 'Width'),
(7, 3, 'A - Bottom Gusset'),
(8, 4, 'Length'),
(9, 4, 'Width'),
(10, 4, 'A - Bottom Gusset'),
(11, 5, 'Length'),
(12, 5, 'Width'),
(13, 5, 'A - Side Gusset');

-- --------------------------------------------------------

--
-- Table structure for table `clients_main`
--

CREATE TABLE `clients_main` (
  `client_id` int(80) NOT NULL,
  `client_code` varchar(80) NOT NULL,
  `client_name` varchar(80) NOT NULL,
  `client_dnt` varchar(80) NOT NULL DEFAULT '14444444',
  `client_lum_id` int(80) NOT NULL DEFAULT '1',
  `client_show` int(1) NOT NULL DEFAULT '1'
) ENGINE=InnoDB DEFAULT CHARSET=latin1;

--
-- Dumping data for table `clients_main`
--

INSERT INTO `clients_main` (`client_id`, `client_code`, `client_name`, `client_dnt`, `client_lum_id`, `client_show`) VALUES
(1, 'A003', 'Al Khan Foodstuff LLC', '14444444', 1, 1),
(2, 'A004', 'Al Madina Dates - Tamoor', '14444444', 1, 1),
(3, 'A005', 'Akbar Brothers (Pvt.) Ltd.', '14444444', 1, 1),
(4, 'A006', 'Al Nauras Factory for Juice', '14444444', 1, 1),
(5, 'A007', 'Kerry Foods - Ali & Abdul Karim Trading Co. AATCO', '14444444', 1, 1),
(6, 'A008', 'Al Hilwine Factory', '14444444', 1, 1),
(7, 'A009', 'Aarax Foods', '14444444', 1, 1),
(8, 'A010', 'Alwan Dubai Mills', '14444444', 1, 1),
(9, 'A011', 'Al Shihhe Ind. - Build Well Plastics Co. LLC', '14444444', 1, 1),
(10, 'A012', 'Al Jadeed Bakery', '14444444', 1, 1),
(11, 'A013', 'Al Amjaad Est. for Coffee (BARNIE\'S)', '14444444', 1, 1),
(12, 'A016', 'Firdous Flour Mill', '14444444', 1, 1),
(13, 'A017', 'Al Jazeera Company', '14444444', 1, 1),
(14, 'A018', 'Al Duhayan Deluxe Dates', '14444444', 1, 1),
(15, 'A019', 'Atyab Bakery L.L.C', '14444444', 1, 1),
(16, 'A020', 'Al Seef Gate Trading Co. W.L.L', '14444444', 1, 1),
(17, 'A021', 'Al Halees Group Trading Co. Ltd.', '14444444', 1, 1),
(18, 'A029', 'Al Bustan Factory', '14444444', 1, 1),
(19, 'A022', 'Abreen Factory Foodstuff', '14444444', 1, 1),
(20, 'A023', 'Abu Dhabi Refreshment', '14444444', 1, 1),
(21, 'A024', 'Al Janob Store General Trading', '14444444', 1, 1),
(22, 'A025', 'Al Samir Plastic', '14444444', 1, 1),
(23, 'A026', 'Al Hasna for Cosmetics', '14444444', 1, 1),
(24, 'A027', 'Arab Factory for Confectionary & Chocolate Co.', '14444444', 1, 1),
(25, 'A028', 'Al Marai Co.', '14444444', 1, 1),
(26, 'A030', 'Al Wazzan Foodstuffs Factory', '14444444', 1, 1),
(27, 'A032', 'Anorka Food Ind. - Al Hamwi Co. Ltd.', '14444444', 1, 1),
(28, 'A033', 'Qahwat Al Shayoukh Coffee Est.', '14444444', 1, 1),
(29, 'A034', 'Al Maraya Adv.', '14444444', 1, 1),
(30, 'A035', 'Arabian Beverage Co. Ltd. - ABC', '14444444', 1, 1),
(31, 'A036', 'Abu Harira Food Industry', '14444444', 1, 1),
(32, 'A037', 'Alokozay', '14444444', 1, 1),
(33, 'A038', 'Al Korat Ardiya Perfume', '14444444', 1, 1),
(34, 'A039', 'Al Gudari Inst. Corp.', '14444444', 1, 1),
(35, 'A040', 'Al Waha Filling & Packing Est.', '14444444', 1, 1),
(36, 'A041', 'Arabica Int\'l', '14444444', 1, 1),
(37, 'A042', 'Ali Bin Ali - Pepsi Qatar', '14444444', 1, 1),
(38, 'A043', 'Atiq Abdulla Flour Mill', '14444444', 1, 1),
(39, 'A044', 'ADA Food Complex', '14444444', 1, 1),
(40, 'A045', 'Al SalemTrading', '14444444', 1, 1),
(41, 'A046', 'Al Barakah Dates Factory', '14444444', 1, 1),
(42, 'A047', 'Arab Ind. Complex for Foodstuff & Poultry - YAFCO', '14444444', 1, 1),
(43, 'A048', 'Al Falah Poultry Farms', '14444444', 1, 1),
(44, 'A049', 'Azeema Multi Industries Ltd.', '14444444', 1, 1),
(45, 'A049-SAB', 'Sab Products L.D.A', '14444444', 1, 1),
(46, 'A050', 'Al Jawhara Co. for Food', '14444444', 1, 1),
(47, 'A051', 'Ali Al Rashid Al Amin Co. B.S.C', '14444444', 1, 1),
(48, 'A052', 'Addis Dallas Industries PLC.', '14444444', 1, 1),
(49, 'A053', 'ATM Enterprises', '14444444', 1, 1),
(50, 'A054', 'Al Sahel Omani Sweet', '14444444', 1, 1),
(51, 'A055', 'Alrode South Distributors - Zoomarati Beverages', '14444444', 1, 1),
(52, 'A056', 'Al Adil General Trading', '14444444', 1, 1),
(53, 'A057', 'Ahadukes Food Products Company', '14444444', 1, 1),
(54, 'A058', 'Al Adil Trading', '14444444', 1, 1),
(55, 'A060', 'Ammar Jordan Co. for Food Industry', '14444444', 1, 1),
(56, 'A061', 'Abu Rayan & Brothers for Trade & Import', '14444444', 1, 1),
(57, 'A062', 'Arab Biscuits Factory', '14444444', 1, 1),
(58, 'A063', 'Al Kbous Trading Corporation', '14444444', 1, 1),
(59, 'A064', 'Al Wadaq Industry FZC', '14444444', 1, 1),
(60, 'A065', 'Al Ragawi Trading Corp.', '14444444', 1, 1),
(61, 'A066', 'Al Sallan Food Ind. Co. SAOG', '14444444', 1, 1),
(62, 'A067', 'Al Muhr Al Arabi Foods', '14444444', 1, 1),
(63, 'A068', 'Oman Foodstuff Trading - Amis Food Ind.', '14444444', 1, 1),
(64, 'A069', 'Al Mashwi Flour Mill', '14444444', 1, 1),
(65, 'A071', 'Al Wefag Factory', '14444444', 1, 1),
(66, 'A072', 'Ayan Trading LDA', '14444444', 1, 1),
(67, 'A073', 'Mani Foods Industry', '14444444', 1, 1),
(68, 'A015', 'Al Homaizi Foodstuff', '14444444', 1, 1),
(69, 'A074', 'Al Mulla Trading', '14444444', 1, 1),
(70, 'A075', 'Al Seedawi Sweets', '14444444', 1, 1),
(71, 'A076', 'Al Mahasen General Trading', '14444444', 1, 1),
(72, 'A077', 'Al Foah Company LLC', '14444444', 1, 1),
(73, 'A078', 'Abdul Karim Alwan', '14444444', 1, 1),
(74, 'A079', 'Al Shami Sugar', '14444444', 1, 1),
(75, 'A080', 'Al Rai Meat - Al Gousi', '14444444', 1, 1),
(76, 'A081', 'Al Kawakeb Property', '14444444', 1, 1),
(77, 'A082', 'Abeba Flour & Biscuits Factory', '14444444', 1, 1),
(78, 'A083', 'Alwan for Manufacturing & Trading', '14444444', 1, 1),
(79, 'A084', 'Al Saiee Spices', '14444444', 1, 1),
(80, 'A085', 'Al Taher Spices Mills LLC', '14444444', 1, 1),
(81, 'A086', 'Al Wathbah Food', '14444444', 1, 1),
(82, 'A087', 'Anwar Flour Mills', '14444444', 1, 1),
(83, 'A088', 'AMS Baeshan - Rabea', '14444444', 1, 1),
(84, 'A089', 'Al Karamah Dough', '14444444', 1, 1),
(85, 'A090', 'Al Zawaq Foods', '14444444', 1, 1),
(86, 'A091', 'Areej Vegetable Oils & Derivatives S.A.O.G', '14444444', 1, 1),
(87, 'A092', 'Adventures Coffee', '14444444', 1, 1),
(88, 'A093', 'Al Kazemi Int\'l', '14444444', 1, 1),
(89, 'A094', 'Al Fathimiya Trading', '14444444', 1, 1),
(90, 'A095', 'Ahmed Foods International', '14444444', 1, 1),
(91, 'A096', 'Al Hashim Company', '14444444', 1, 1),
(92, 'A097', 'AMIMZA - Amir Hamza (T) Limited', '14444444', 1, 1),
(93, 'A098', 'Al Otair Factory for Sweets', '14444444', 1, 1),
(94, 'A099', 'Al Bedey Management Ltd.', '14444444', 1, 1),
(95, 'A100', 'Al Hakimi Supermarket', '14444444', 1, 1),
(96, 'A101', 'Al Adel Foodstuff Trading', '14444444', 1, 1),
(97, 'A102', 'Awafi Foodstuff Ind. Co. LLC', '14444444', 1, 1),
(98, 'A103', 'Al Barajoub Group', '14444444', 1, 1),
(99, 'A104', 'Al Zariki Co. for Food Snack', '14444444', 1, 1),
(100, 'A105', 'Al Ajji for Trdg.-Light Food Ind.', '14444444', 1, 1),
(101, 'A106', 'Aujan Soft Drink Ind.', '14444444', 1, 1),
(102, 'A 108', 'Al Nusari For Industry & Trade Co. Ltd.', '14444444', 1, 1),
(103, 'A109', 'Al Rasa Trading', '14444444', 1, 1),
(104, 'A110', 'Al Ain Vegegtable Processing & Canning', '14444444', 1, 1),
(105, 'A111', 'Al Yami Trading Company', '14444444', 1, 1),
(106, 'A112', 'Abdullah Essa for Soap Production', '14444444', 1, 1),
(107, 'A113', 'Mohd. Al Mansour Coffee Est.', '14444444', 1, 1),
(108, 'A114', 'Adamji Multi Supplier Ltd.', '14444444', 1, 1),
(109, 'A115', 'Arafat Coffee Mills Co.', '14444444', 1, 1),
(110, 'A116', 'Al Jufair Food Industry Co. - Al Shaihani', '14444444', 1, 1),
(111, 'A117', 'Anwar Abha Company for Import & Export', '14444444', 1, 1),
(112, 'A118', 'Al Msouti Company', '14444444', 1, 1),
(113, 'A119', 'Al Durra For General Trading & Investment Co. Ltd.', '14444444', 1, 1),
(114, 'A119-B', 'Al Durra Food Products Co.', '14444444', 1, 1),
(115, 'A120', 'ABC Foods Pty. Ltd.', '14444444', 1, 1),
(116, 'A121', 'Al Rai Food Industries', '14444444', 1, 1),
(117, 'A122', 'Akma Packaging Industries LLC', '14444444', 1, 1),
(118, 'A123', 'Al Mannai Hospitality', '14444444', 1, 1),
(119, 'A124', 'Athraa General Trading LLC - Natrocuticals Health Food Trading LLC', '14444444', 1, 1),
(120, 'A125', 'Al Shareef Biscuits Factory', '14444444', 1, 1),
(121, 'A126', 'Aroom Company', '14444444', 1, 1),
(122, 'A127', 'Al Hamawi Co. Ltd. - Akram H. Hamawi Sons Co.', '14444444', 1, 1),
(123, 'A128', 'Al Douri Group', '14444444', 1, 1),
(124, 'A129', 'Ahlia Group Co. W.L.L for Foodstuff and Consumer Products', '14444444', 1, 1),
(125, 'A130', 'Aloqab Roasters & Mills', '14444444', 1, 1),
(126, 'A131', 'Africa PLC - Africa Food Complex - Afre Star General Trading LLC', '14444444', 1, 1),
(127, 'A132', 'Al Rashed Food Company Limited', '14444444', 1, 1),
(128, 'A133', 'Al Mugarmesh First Group', '14444444', 1, 1),
(129, 'A134', 'Arab Beverages Establishment', '14444444', 1, 1),
(130, 'A135', 'Al Wafi Food Products Factory LLC - B.R.F Foods GmbH', '14444444', 1, 1),
(131, 'A136', 'Arabian Wet Wipes FZC', '14444444', 1, 1),
(132, 'A137', 'Al Sham Food Factory', '14444444', 1, 1),
(133, 'A138', 'Al Haif Trading Co. LLC', '14444444', 1, 1),
(134, 'A139', 'Al Setour Foodstuff Trading', '14444444', 1, 1),
(135, 'A140', 'AAC Global Food Industries', '14444444', 1, 1),
(136, 'A141', 'Abela & Co.', '14444444', 1, 1),
(137, 'A142', 'Al Khaleej Sugar Co LLC', '14444444', 1, 1),
(138, 'A143', 'Al Fakhamah Tobacco Company', '14444444', 1, 1),
(139, 'A144', 'Asif Rafiq Plastic Industry - Bladex', '14444444', 1, 1),
(140, 'A145', 'Al Rahi Meat Supply Factory LLC - Sweden Foods General Trading', '14444444', 1, 1),
(141, 'A146', 'ALLDEE Foods& Beverages Industries LLC', '14444444', 1, 1),
(142, 'B001', 'Bonite Bottlers Limited', '14444444', 1, 1),
(143, 'B002', 'Bakery & Co. / Dr. Café', '14444444', 1, 1),
(144, 'B003', 'Baraka International Co. for Foodstuff', '14444444', 1, 1),
(145, 'B004', 'Blooming Foods FZCO', '14444444', 1, 1),
(146, 'B005', 'Ballyrashane', '14444444', 1, 1),
(147, 'B006', 'Bahadi Trading Est.', '14444444', 1, 1),
(148, 'B007', 'Blue Pages', '14444444', 1, 1),
(149, 'B008', 'Black Tulip Flowers', '14444444', 1, 1),
(150, 'B009', 'Bahrain Flour Mills Company B.S.C', '14444444', 1, 1),
(151, 'B010', 'Bullseye Advertisement', '14444444', 1, 1),
(152, 'B012', 'Bon Café', '14444444', 1, 1),
(153, 'B013', 'Baniyas Spike', '14444444', 1, 1),
(154, 'B014', 'Baba Foodstuff', '14444444', 1, 1),
(155, 'B015', 'Bacchus Treasures', '14444444', 1, 1),
(156, 'B016', 'Bridges Int\'l', '14444444', 1, 1),
(157, 'B017', 'Bin Ablan Food', '14444444', 1, 1),
(158, 'B018', 'Bustan Macaroni', '14444444', 1, 1),
(159, 'B019', 'Best Choice Industries L.L.C', '14444444', 1, 1),
(160, 'B020', 'Babel Factory for Trdg.', '14444444', 1, 1),
(161, 'B021', 'Bio Amla - Forvil Cosmetics', '14444444', 1, 1),
(162, 'B022', 'Bin Menqash Marketing', '14444444', 1, 1),
(163, 'B023', 'Barna For Food Ind. & Investment', '14444444', 1, 1),
(164, 'B024', 'Best Food Company LLC', '14444444', 1, 1),
(165, 'B025', 'Brothers Co. For Food Products', '14444444', 1, 1),
(166, 'B026', 'Bliss Brands Pty.', '14444444', 1, 1),
(167, 'B027', 'Baja Food Industries Company', '14444444', 1, 1),
(168, 'B028', 'Buono Foodz FZC', '14444444', 1, 1),
(169, 'C001', 'Co-Op Islamic - Fresh Chiken Restaurant', '14444444', 1, 1),
(170, 'C002', 'Cold Alex for Food Processing', '14444444', 1, 1),
(171, 'C003', 'Carawan Sweets', '14444444', 1, 1),
(172, 'C004', 'Coca Cola - Al Ahlia', '14444444', 1, 1),
(173, 'C005', 'Castle Dairies', '14444444', 1, 1),
(174, 'C006', 'Cascade Marine Foods - SAHAR', '14444444', 1, 1),
(175, 'C007', 'Caspian Int\'l', '14444444', 1, 1),
(176, 'C008', 'Eastern Co. of Manuf. Sweet & Chocolate - COVERTINA', '14444444', 1, 1),
(177, 'C009', 'Chilalo Food Complex', '14444444', 1, 1),
(178, 'C010', 'Chequer Foods', '14444444', 1, 1),
(179, 'C011', 'Caretecs Int\'l', '14444444', 1, 1),
(180, 'C012', 'Country Side Food Factory', '14444444', 1, 1),
(181, 'C013', 'Conserve Food - Khazan', '14444444', 1, 1),
(182, 'C014', 'Cendhurr Telecom LLC', '14444444', 1, 1),
(183, 'C015', 'Commodities Intertrade', '14444444', 1, 1),
(184, 'C016', 'Cofftea', '14444444', 1, 1),
(185, 'C017', 'Caviar Classic', '14444444', 1, 1),
(186, 'C018', 'Concept FZE', '14444444', 1, 1),
(187, 'C019', 'Charlotte Trading & Cont.', '14444444', 1, 1),
(188, 'C020', 'Candelite LLC', '14444444', 1, 1),
(189, 'C021', 'Crescent Company for Milk Products', '14444444', 1, 1),
(190, 'C022', 'Cape Cookies', '14444444', 1, 1),
(191, 'C023', 'Spa Cevital Bejaia', '14444444', 1, 1),
(192, 'C024', 'Commubiz General Trading LLC - Sahara', '14444444', 1, 1),
(193, 'C025', 'Clear Ice LLC', '14444444', 1, 1),
(194, 'D001', 'Delta Food Industries FZE', '14444444', 1, 1),
(195, 'D009', 'Delta Food Processing & Packing Co. Ltd.', '14444444', 1, 1),
(196, 'D002', 'Detpak Middle East FZE', '14444444', 1, 1),
(197, 'D003', 'Digital World Group', '14444444', 1, 1),
(198, 'D004', 'Dubai Petroleum', '14444444', 1, 1),
(199, 'D005', 'Dubai Refreshments', '14444444', 1, 1),
(200, 'D006', 'Dubai Shopping Festival', '14444444', 1, 1),
(201, 'D007', 'DSGS Trade & Marketing', '14444444', 1, 1),
(202, 'D008', 'Defaf Al Nahrayn for Food Industries & Drinks', '14444444', 1, 1),
(203, 'D010', 'Ditra/Scitra Soap & Chemicals', '14444444', 1, 1),
(204, 'D011', 'Dabur Int\'l Ltd. / Redrock Int\'l.', '14444444', 1, 1),
(205, 'D012', 'Diamond Star General Trading', '14444444', 1, 1),
(206, 'D013', 'Dario Pro Pty. Ltd. - Yummy Snacks', '14444444', 1, 1),
(207, 'D014', 'Dar Al Ibdaa Gift', '14444444', 1, 1),
(208, 'D015', 'Dalmaza Snack Foods', '14444444', 1, 1),
(209, 'D016', 'Dal Food Ind.', '14444444', 1, 1),
(210, 'D017', 'Dubai Factories with Raw Material & Packaging Material', '14444444', 1, 1),
(211, 'D018', 'Do Freeze', '14444444', 1, 1),
(212, 'D019', 'Dhamma Perfumes', '14444444', 1, 1),
(213, 'D020', 'Dawliya Factory Co. Ltd.', '14444444', 1, 1),
(214, 'D021', 'Datar & Sons Limited', '14444444', 1, 1),
(215, 'D022', 'Durur Al Naqwa Trading Est.', '14444444', 1, 1),
(216, 'D023', 'Dental Film FZCO', '14444444', 1, 1),
(217, 'D024', 'Delmonte Foods', '14444444', 1, 1),
(218, 'D024-A', 'Delmonte Foods K.S.A', '14444444', 1, 1),
(219, 'D025', 'Diamond Meat Processing LLC - Siniora Food', '14444444', 1, 1),
(220, 'D026', 'DETCO E&T', '14444444', 1, 1),
(221, 'D027', 'Diwa Factory', '14444444', 1, 1),
(222, 'D028', 'Dishaka LLC', '14444444', 1, 1),
(223, 'D029', 'Darsot Food Corporation - A.H Vest Limited T/A - All Joy Foods', '14444444', 1, 1),
(224, 'D030', 'Desert Turfcare General Trading LLC - Desert Energy', '14444444', 1, 1),
(225, 'D031', 'Dawit Teshome Tilahun - Gonde Food Complex', '14444444', 1, 1),
(226, 'D032', 'Dumont Perfumes Factory LLC', '14444444', 1, 1),
(227, 'D033', 'De-Lite No Sugar Added Sweets Trading', '14444444', 1, 1),
(228, 'D034', 'Doner & Gyros', '14444444', 1, 1),
(229, 'E001', 'Al Barda for Soft Drinks & Natural Juices', '14444444', 1, 1),
(230, 'E002', 'Emirates Wet Wipes FZCO', '14444444', 1, 1),
(231, 'E003', 'Excel Plastics', '14444444', 1, 1),
(232, 'E004', 'Emirates Refining Company - ERCO', '14444444', 1, 1),
(233, 'E012', 'Egypt Foods Group', '14444444', 1, 1),
(234, 'E005', 'Emirates Grain - Emigrain', '14444444', 1, 1),
(235, 'E006', 'Mamoun Elberier Group of Co.', '14444444', 1, 1),
(236, 'E007', 'Emirates - DNATA', '14444444', 1, 1),
(237, 'E008', 'Emirates Explosives', '14444444', 1, 1),
(238, 'E009', 'Europack Trading', '14444444', 1, 1),
(239, 'E010', 'Elnasr Industrial Trading Co. Ltd.', '14444444', 1, 1),
(240, 'E011', 'El Maleka for Food Industries', '14444444', 1, 1),
(241, 'E013', 'Emirates Danish - Edam', '14444444', 1, 1),
(242, 'E014', 'Emirates Modern Poultry', '14444444', 1, 1),
(243, 'E015', 'East African Agri Business', '14444444', 1, 1),
(244, 'E016', 'Emstar International', '14444444', 1, 1),
(245, 'E017', 'East African Tiger Brands', '14444444', 1, 1),
(246, 'E018', 'ETMCO - Layalina', '14444444', 1, 1),
(247, 'E019', 'Ethiopian Spice Extraction Factory PLC', '14444444', 1, 1),
(248, 'E020', 'El Rehab Foodstuffs', '14444444', 1, 1),
(249, 'E021', 'El Doha Group for Foodstuff Co.', '14444444', 1, 1),
(250, 'E022', 'ECO', '14444444', 1, 1),
(251, 'E023', 'Emirates Color Services', '14444444', 1, 1),
(252, 'E024', 'Eco Pack Packaging Material', '14444444', 1, 1),
(253, 'E025', 'Emirates Macaroni', '14444444', 1, 1),
(254, 'E026', 'Emirates Printing Press', '14444444', 1, 1),
(255, 'E027', 'Essco Foods', '14444444', 1, 1),
(256, 'E028', 'Emirates Delight Foods', '14444444', 1, 1),
(257, 'E029', 'Emirates Pure Spring', '14444444', 1, 1),
(258, 'E030', 'Emirates Refreshments P.J.S.C - JEEMA', '14444444', 1, 1),
(259, 'E031', 'Energy & Industrial Solution', '14444444', 1, 1),
(260, 'E032', 'Evergreen Plastics', '14444444', 1, 1),
(261, 'E033', 'Equal General Trading - UAE - Ronnani Industria LDA - ANGOLA', '14444444', 1, 1),
(262, 'E034', 'ECS General Trading (Emirates Cooperative)', '14444444', 1, 1),
(263, 'E035', 'Euro Star Communication', '14444444', 1, 1),
(264, 'E036', 'Esnad Food Co. Ltd.', '14444444', 1, 1),
(265, 'E037', 'Enercon International FZE', '14444444', 1, 1),
(266, 'E038', 'Export Trading Group (E.T.G)', '14444444', 1, 1),
(267, 'E039', 'Emiru Oljira Food Complex', '14444444', 1, 1),
(268, 'E040', 'Ember Snacks', '14444444', 1, 1),
(269, 'E041', 'El Manar for Food Ind. Co. + El Yousr for Foor Ind. Co.', '14444444', 1, 1),
(270, 'F001', 'Fanar Group', '14444444', 1, 1),
(271, 'F002', 'Village Valley Foodstuff', '14444444', 1, 1),
(272, 'F003', 'National Food Industries Company - Luna', '14444444', 1, 1),
(273, 'F004', 'Star Food Industry', '14444444', 1, 1),
(274, 'F005', 'Fayaz Bakers Limited', '14444444', 1, 1),
(275, 'F006', 'General Food Processing LLC - Al Maya Lsl\'s', '14444444', 1, 1),
(276, 'F007', 'Forsan Foods & Consumer Products Co. Ltd.', '14444444', 1, 1),
(277, 'F008', 'Freezerlink Frozen Foods', '14444444', 1, 1),
(278, 'F009', 'Farma Food - Kuwait', '14444444', 1, 1),
(279, 'F010', 'Freeze Pops - Chilly Willy', '14444444', 1, 1),
(280, 'F011', 'Freshly Frozen', '14444444', 1, 1),
(281, 'F012', 'Flahavan Trading', '14444444', 1, 1),
(282, 'F014', 'Falcon Chemicals', '14444444', 1, 1),
(283, 'F015', 'Faragalla Food Industries', '14444444', 1, 1),
(284, 'F016', 'Food Industries Co. - FICO', '14444444', 1, 1),
(285, 'F017', 'Fatima Trading Co.', '14444444', 1, 1),
(286, 'F018', 'Fine Hygiene - Dubai', '14444444', 1, 1),
(287, 'F013', 'Al Bardi Paper Mill Co.', '14444444', 1, 1),
(288, 'F019', 'Farm Frites - Int\'l Co.', '14444444', 1, 1),
(289, 'F020', 'Fairway Gen. Trading', '14444444', 1, 1),
(290, 'F021', 'Frimax Foods', '14444444', 1, 1),
(291, 'F022', 'Fibertex Industries FZC', '14444444', 1, 1),
(292, 'F023', 'Faisal Brothers', '14444444', 1, 1),
(293, 'F024', 'Farm Fresh', '14444444', 1, 1),
(294, 'F025', 'Famico - SARL BTL BILLEL', '14444444', 1, 1),
(295, 'F026', 'Fawakhe', '14444444', 1, 1),
(296, 'F027', 'Fajr Al Tatweer General Contracting - Al Fajr Water', '14444444', 1, 1),
(297, 'G001', 'Guts Agro Industries PLC', '14444444', 1, 1),
(298, 'G002', 'Gonas Best Ltd.', '14444444', 1, 1),
(299, 'G019', 'Gulf Manufacturing Est.', '14444444', 1, 1),
(300, 'G003', 'Giant Group', '14444444', 1, 1),
(301, 'G004', 'Goldline Limitada', '14444444', 1, 1),
(302, 'G005', 'Galaxy Plastic', '14444444', 1, 1),
(303, 'G006', 'Gulf Sea Food', '14444444', 1, 1),
(304, 'G007', 'Green Asia Trading LLC', '14444444', 1, 1),
(305, 'G008', 'Gautam General Trading', '14444444', 1, 1),
(306, 'G009', 'Gourmet Foods FZC', '14444444', 1, 1),
(307, 'G010', 'Gift Media Advertising', '14444444', 1, 1),
(308, 'G011 A', 'Global Foods Ind. - Seafood Division', '14444444', 1, 1),
(309, 'G011 B', 'Global Foods Ind. - Snacks Division', '14444444', 1, 1),
(310, 'G012', 'Gargash Enterprises', '14444444', 1, 1),
(311, 'G014', 'Groupe Labelle - SPA Tomoca (Bonal Café)', '14444444', 1, 1),
(312, 'G015', 'Gulfa Mineral Water', '14444444', 1, 1),
(313, 'G016', 'Gulf Food - California G.', '14444444', 1, 1),
(314, 'G017', 'Golden Beans', '14444444', 1, 1),
(315, 'G018', 'Ghadeer Mineral Water', '14444444', 1, 1),
(316, 'G020', 'Gyma Food Ind. - Bayara', '14444444', 1, 1),
(317, 'G021', 'Golf In Dubai', '14444444', 1, 1),
(318, 'G022', 'Gulfar Foodstuff', '14444444', 1, 1),
(319, 'G023', 'Gulf Processing Ind.', '14444444', 1, 1),
(320, 'G024', 'Gulf Greetings', '14444444', 1, 1),
(321, 'G026', 'Sharif Pound', '14444444', 1, 1),
(322, 'G025', 'Golden Harvest - Dawn', '14444444', 1, 1),
(323, 'G027', 'Gulf Rice Factory', '14444444', 1, 1),
(324, 'G028', 'Gold Crown Foods', '14444444', 1, 1),
(325, 'G029', 'Genpack - General Industries & Packages', '14444444', 1, 1),
(326, 'G030', 'Galletas Asinez, S.A.', '14444444', 1, 1),
(327, 'G031', 'Golden Rise Processing & Pack', '14444444', 1, 1),
(328, 'G032', 'Green Planet Industries LLC', '14444444', 1, 1),
(329, 'G033', 'Green Season Company', '14444444', 1, 1),
(330, 'G034', 'Global Catering Services - Meera Al Sham Global Kitchen & Sweet LLC', '14444444', 1, 1),
(331, 'G035', 'Glamour Beauty Concepts DMCC', '14444444', 1, 1),
(332, 'H001', 'Hot Rest Sugar', '14444444', 1, 1),
(333, 'H007', 'High Grade Cashew Ltd.', '14444444', 1, 1),
(334, 'H002', 'Hassani Group', '14444444', 1, 1),
(335, 'H004', 'Harvest Foods', '14444444', 1, 1),
(336, 'H005', 'Household Cleaning Products Co. - Clorox', '14444444', 1, 1),
(337, 'H006', 'Bedo Factory for Food - Bedo Bakery', '14444444', 1, 1),
(338, 'H008', 'Heinz - Egypt', '14444444', 1, 1),
(339, 'H009', 'Halwani Bros. Co. - Saudi', '14444444', 1, 1),
(340, 'H003', 'Halwani Bros. Co. - Egypt', '14444444', 1, 1),
(341, 'H010', 'Hussain and Qaisar', '14444444', 1, 1),
(342, 'H011', 'Hunter Foods', '14444444', 1, 1),
(343, 'H012', 'Hassan Saqer Flour', '14444444', 1, 1),
(344, 'H013', 'Halwani & Tahhan', '14444444', 1, 1),
(345, 'H014', 'Herfy Food Services Co.', '14444444', 1, 1),
(346, 'H015', 'Horizon Adhesive Label', '14444444', 1, 1),
(347, 'H016', 'Hayat Commodities Industries (Pvt.) Ltd.', '14444444', 1, 1),
(348, 'H017', 'Herbion Pakistan', '14444444', 1, 1),
(349, 'H018', 'Hourani Foods and Nutrition LLC (Lightwhey)', '14444444', 1, 1),
(350, 'H019', 'Hill Group - Hill Packaging', '14444444', 1, 1),
(351, 'H020', 'Heritage Touch Trading LLC', '14444444', 1, 1),
(352, 'H021', 'Healthy Snacks Food Manufacturing LLC - Munchbox', '14444444', 1, 1),
(353, 'H022', 'H.F.C PPC', '14444444', 1, 1),
(354, 'H023', 'Hot N Fresh Pastry Factory - Al Nameer Group', '14444444', 1, 1),
(355, 'I001', 'Ibson General Trading', '14444444', 1, 1),
(356, 'I002', 'Indus Pharma (Private) Limited', '14444444', 1, 1),
(357, 'I003', 'IKA Trading LLC', '14444444', 1, 1),
(358, 'I004', 'International Foods Co.', '14444444', 1, 1),
(359, 'I005', 'Interplast Co. Ltd.', '14444444', 1, 1),
(360, 'I006', 'Ileys Detergent Industry Corp.', '14444444', 1, 1),
(361, 'I007', 'Icepac Limited', '14444444', 1, 1),
(362, 'I008', 'Indhadeero Detergent', '14444444', 1, 1),
(363, 'I009', 'Innoplastic Ltd.', '14444444', 1, 1),
(364, 'I010', 'Ibn Al Qayyim Group', '14444444', 1, 1),
(365, 'I011', 'Imaginered Models', '14444444', 1, 1),
(366, 'I012', 'Ikaf Arabian Co. (Makkah Dates)', '14444444', 1, 1),
(367, 'I013', 'Ice Lab Company L.L.C', '14444444', 1, 1),
(368, 'I014', 'Ideal Sweet & Pastry LLC - ID Fresh Food', '14444444', 1, 1),
(369, 'J001', 'Jalap Brother Company', '14444444', 1, 1),
(370, 'J002', 'Jerry Snacks LDA', '14444444', 1, 1),
(371, 'J003', 'Jawad Fashion', '14444444', 1, 1),
(372, 'J004', 'Jaynee Foodstuff', '14444444', 1, 1),
(373, 'J005', 'Jawharat Perfume Est', '14444444', 1, 1),
(374, 'J006', 'Joofri\'s', '14444444', 1, 1),
(375, 'J007', 'Jaleel General Trading', '14444444', 1, 1),
(376, 'J008', 'Jercy Foodstuff Inc.', '14444444', 1, 1),
(377, 'J009', 'Jigsaw Foods Limited', '14444444', 1, 1),
(378, 'J010', 'J.B.S Foods (SEARA)', '14444444', 1, 1),
(379, 'K001', 'Kenana Sugar Company Ltd.', '14444444', 1, 1),
(380, 'K002', 'Krikab Food Industries Co. Ltd.', '14444444', 1, 1),
(381, 'K003', 'Kuwait Indo Trdg. - Kitco', '14444444', 1, 1),
(382, 'K004', 'Mondelez - Kraft Foods M.E', '14444444', 1, 1),
(383, 'K005', 'Kinapharma Ltd.', '14444444', 1, 1),
(384, 'K006', 'Kuwait Food Company - Americana', '14444444', 1, 1),
(385, 'K007', 'Komanco Foods', '14444444', 1, 1),
(386, 'K008', 'Khushi Trading', '14444444', 1, 1),
(387, 'K009', 'Khazan Meat', '14444444', 1, 1),
(388, 'K010', 'Kuwaiti Danish Dairy', '14444444', 1, 1),
(389, 'K011', 'Kings Food - Hilal', '14444444', 1, 1),
(390, 'K012', 'Kesava General Trading', '14444444', 1, 1),
(391, 'K013', 'Kaliti Foods - Romel Holding Co.', '14444444', 1, 1),
(392, 'K014', 'Ketley International FZE', '14444444', 1, 1),
(393, 'K015', 'K.R.C Food Industries', '14444444', 1, 1),
(394, 'K016', 'Khaltat Al Gharbi Factory', '14444444', 1, 1),
(395, 'K017', 'Al Khadlaj Perfumes Industries LLC', '14444444', 1, 1),
(396, 'K018', 'Koch & Ali FZ. LLC', '14444444', 1, 1),
(397, 'K019', 'Khalid Derea Al Derea Partner & Co. - Cotto Food Ind.', '14444444', 1, 1),
(398, 'L001', 'La Ronda Emirates', '14444444', 1, 1),
(399, 'L002', 'Lutfi Trading', '14444444', 1, 1),
(400, 'L003', 'Lutfi Opticals', '14444444', 1, 1),
(401, 'L004', 'Mobarak Group - Latif Gostar Diba Co.', '14444444', 1, 1),
(402, 'L005', 'Laziza Int\'l - Convenience Foods Ind. Pvt. Ltd.', '14444444', 1, 1),
(403, 'L006', 'Latifullah', '14444444', 1, 1),
(404, 'L007', 'Leemar Food Industries', '14444444', 1, 1),
(405, 'L008', 'Law Print & Packaging', '14444444', 1, 1),
(406, 'L009', 'Lumiglass Ind.', '14444444', 1, 1),
(407, 'L010', 'Leader - Senyorita Foods', '14444444', 1, 1),
(408, 'L011', 'Lifco Group', '14444444', 1, 1),
(409, 'L012', 'Lulu Hyper Market LLC', '14444444', 1, 1),
(410, 'L014', 'Leminar Air Conditioning Ind. - Shirawi Group', '14444444', 1, 1),
(411, 'L015', 'Let\'s Popcorn', '14444444', 1, 1),
(412, 'L016', 'Lacto Foods FZE', '14444444', 1, 1),
(413, 'L017', 'Le Chocolat LLC', '14444444', 1, 1),
(414, 'L018', 'Liwa Dates for Food Industries LLC', '14444444', 1, 1),
(415, 'M001', 'Momin Oil Ind.', '14444444', 1, 1),
(416, 'M002', 'Matco Rice Processing (Pvt.) Ltd.', '14444444', 1, 1),
(417, 'M003', 'Multirange Ltd.', '14444444', 1, 1),
(418, 'M004', 'Maatouk 1960 Factory L.L.C - Maison Du Café', '14444444', 1, 1),
(419, 'M005', 'Modern Oman Bakery', '14444444', 1, 1),
(420, 'M006', 'Mersi Trading', '14444444', 1, 1),
(421, 'M007', '3M Gulf Ltd.', '14444444', 1, 1),
(422, 'M008', 'Madhoor LLC', '14444444', 1, 1),
(423, 'M009', 'Mega Market', '14444444', 1, 1),
(424, 'M010', 'Metropolic Papers', '14444444', 1, 1),
(425, 'M011', 'Metro Printing Press', '14444444', 1, 1),
(426, 'M012', 'Manzoor Food Ind.', '14444444', 1, 1),
(427, 'M013', 'Al Manama Group', '14444444', 1, 1),
(428, 'M014', 'Majan Printing', '14444444', 1, 1),
(429, 'M015', 'Brothers Flour & Biscuit Factory', '14444444', 1, 1),
(430, 'M016', 'Meltan Food Industries', '14444444', 1, 1),
(431, 'M017', 'Momair Trading LLC - Fresh Start Meals', '14444444', 1, 1),
(432, 'M018', 'Mujezat Al Shifa', '14444444', 1, 1),
(433, 'M019', 'Mega Carpets', '14444444', 1, 1),
(434, 'M020', 'Masdar Al Hayat Food Ind. Co.', '14444444', 1, 1),
(435, 'M021', 'M.R.S (FZE)', '14444444', 1, 1),
(436, 'M022', 'Blossom Trading', '14444444', 1, 1),
(437, 'M023', 'Makelit Food Complex', '14444444', 1, 1),
(438, 'M024', 'Malsons Trading', '14444444', 1, 1),
(439, 'M025', 'My Perfurmes', '14444444', 1, 1),
(440, 'M026', 'Saudi Master Bakers', '14444444', 1, 1),
(441, 'M027', 'Majid Spices', '14444444', 1, 1),
(442, 'M028', 'Majdi Food Company', '14444444', 1, 1),
(443, 'M029', 'Mohd. Bin Ghlaitha Trading', '14444444', 1, 1),
(444, 'M030', 'Margarine Industries', '14444444', 1, 1),
(445, 'M031', 'Magenta Fish & Seafood Supply', '14444444', 1, 1),
(446, 'M032', 'Mimo Meat Factory', '14444444', 1, 1),
(447, 'M034', 'Mehdi Foods', '14444444', 1, 1),
(448, 'M035', 'Merec Industries', '14444444', 1, 1),
(449, 'M036', 'Mai Dubai LLC', '14444444', 1, 1),
(450, 'M037', 'Maple Home Linen Industries LLC - Safetex Group', '14444444', 1, 1),
(451, 'M038', 'Modern Plastic Industry LLC', '14444444', 1, 1),
(452, 'M039', 'Markable General Trading LLC', '14444444', 1, 1),
(453, 'N001', 'National Food Ind. - NFI', '14444444', 1, 1),
(454, 'N002', 'National Detergent Co.', '14444444', 1, 1),
(455, 'N003', 'National Food Company - Americana', '14444444', 1, 1),
(456, 'N004', 'National Canned Food Products', '14444444', 1, 1),
(457, 'N005', 'Nas Foods PLC', '14444444', 1, 1),
(458, 'N006', 'Nuplas Ind.', '14444444', 1, 1),
(459, 'N007', 'Noorani Cosmetics', '14444444', 1, 1),
(460, 'N008', 'Nabil / A\'Nabil Biscuits', '14444444', 1, 1),
(461, 'N009', 'National Foodstuff Corporation', '14444444', 1, 1),
(462, 'N010-A', 'Nestle Middle East', '14444444', 1, 1),
(463, 'N010-B', 'Nestle Waters Factory H&O LLC', '14444444', 1, 1),
(464, 'N011', 'National Cables Industry', '14444444', 1, 1),
(465, 'N012', 'Nile Soft Drinks Bottling Factory', '14444444', 1, 1),
(466, 'N013', 'National Foodstuff - Zadi', '14444444', 1, 1),
(467, 'N014', 'National Supreme Co. for Icecream - Al Amal', '14444444', 1, 1),
(468, 'N015', 'Nuts Island', '14444444', 1, 1),
(469, 'N016', 'National Tea Co.', '14444444', 1, 1),
(470, 'N017', 'Nasma Foods', '14444444', 1, 1),
(471, 'N018', 'New Style Foodstuff Trading', '14444444', 1, 1),
(472, 'N019', 'National Biscuits & Confectionary (N.B.C.C)', '14444444', 1, 1),
(473, 'N020', 'Nazeer Ahmed G. M. Factory', '14444444', 1, 1),
(474, 'N021', 'Niki Manufacturing Co. Ltd.', '14444444', 1, 1),
(475, 'N022', 'National Flexible Ltd.', '14444444', 1, 1),
(476, 'N023', 'Nuts Valley', '14444444', 1, 1),
(477, 'N024', 'Natural Way Snacks', '14444444', 1, 1),
(478, 'N025', 'National Q for Molasses Production Co.', '14444444', 1, 1),
(479, 'N026', 'NAFCO Industries Limitada', '14444444', 1, 1),
(480, 'N027', 'N. R. INVESTMENTS LTD.', '14444444', 1, 1),
(481, 'N028', 'National Industries Company', '14444444', 1, 1),
(482, 'O001', 'Oman Foodstuff Factory', '14444444', 1, 1),
(483, 'O001-A', 'Munar Food Ind. LLC', '14444444', 1, 1),
(484, 'O002', 'Oasis Water', '14444444', 1, 1),
(485, 'O003', 'Oasis Star General Trading LLC', '14444444', 1, 1),
(486, 'O004', 'Omar Kasem Al Esayi', '14444444', 1, 1),
(487, 'O005', 'Otto Cosmetic', '14444444', 1, 1),
(488, 'O006', 'Ommdurman / Sulphonia Soap', '14444444', 1, 1),
(489, 'O007', 'Original Coffee', '14444444', 1, 1),
(490, 'O008', 'Oman Agro Ind. LLC', '14444444', 1, 1),
(491, 'O009', 'Optimum Savour Food Industries LLC', '14444444', 1, 1),
(492, 'P001', 'Panesar Foods - Global Choice Foods Ltd.', '14444444', 1, 1),
(493, 'P002', 'Parisvally Perfumes', '14444444', 1, 1),
(494, 'P003', 'Pan Industries', '14444444', 1, 1),
(495, 'P004', 'Pastalini Foods', '14444444', 1, 1),
(496, 'P005', 'Paradise Est.', '14444444', 1, 1),
(497, 'P006', 'Petra Foof Manufacturing Co.', '14444444', 1, 1),
(498, 'P007', 'Polybit', '14444444', 1, 1),
(499, 'P008', 'Pinhal Conpany SPC', '14444444', 1, 1),
(500, 'P009', 'Purefoods', '14444444', 1, 1),
(501, 'P010', 'Propack Ltd.', '14444444', 1, 1),
(502, 'P011', 'Phoenix Middle East FZCO - Roya Foods Inc. (U.S.A)', '14444444', 1, 1),
(503, 'P011-B', 'Ispice Foods Inc. (U.S.A)', '14444444', 1, 1),
(504, 'P012', 'Pwc Global Logistics', '14444444', 1, 1),
(505, 'P013', 'Parkinsons Clarke', '14444444', 1, 1),
(506, 'P014', 'Prince Foods Industries', '14444444', 1, 1),
(507, 'P015', 'Packages Limited', '14444444', 1, 1),
(508, 'P016', 'Pac Technology', '14444444', 1, 1),
(509, 'P017', 'Packit Industries', '14444444', 1, 1),
(510, 'P018', 'Pure Icecream Co.', '14444444', 1, 1),
(511, 'P019', 'Pavilion Foods', '14444444', 1, 1),
(512, 'P020', 'Property Shop Investment', '14444444', 1, 1),
(513, 'P021', 'Palmary Food - SARL SOBCO', '14444444', 1, 1),
(514, 'P022', 'Premium Food Products (Pvt.) Ltd.', '14444444', 1, 1),
(515, 'P023', 'Power Wrap Industries M.E', '14444444', 1, 1),
(516, 'P024', 'Plastix Plus Industries', '14444444', 1, 1),
(517, 'P025', 'Promasidor', '14444444', 1, 1),
(518, 'P026', 'P.V.M Products (Pty.) Ltd.', '14444444', 1, 1),
(519, 'P027', 'Pulsar Foodstuff Trading', '14444444', 1, 1),
(520, 'P028', 'Prime Bite Limited - Hunter\'s Biltong', '14444444', 1, 1),
(521, 'P029', 'Ultra Prime for Packaging', '14444444', 1, 1),
(522, 'Q001', 'Qatari German Medical Devices QSC.', '14444444', 1, 1),
(523, 'Q002', 'Qatafat Trading Est.', '14444444', 1, 1),
(524, 'Q003', 'Q Home Décor LLC', '14444444', 1, 1),
(525, 'Q004', 'Qatar Flour Mills Co.', '14444444', 1, 1),
(526, 'Q005', 'Qatar Food Factories Co.', '14444444', 1, 1),
(527, 'Q006', 'Delight Food Industries', '14444444', 1, 1),
(528, 'R001', 'Regina Co. for Pasta and Food Processing', '14444444', 1, 1),
(529, 'R002', 'Real Marketing Solutions', '14444444', 1, 1),
(530, 'R003', 'Royal Cotton Product', '14444444', 1, 1),
(531, 'R004', 'Rasasi Perfumes Industry', '14444444', 1, 1),
(532, 'R005', 'Fares - Rawabit Int\'l', '14444444', 1, 1),
(533, 'R006', 'Rotana Laundry', '14444444', 1, 1),
(534, 'R007', 'Regal\'s', '14444444', 1, 1),
(535, 'R008', 'Rawabi Al Furat Trading & Cont.', '14444444', 1, 1),
(536, 'R009', 'Rawoot Foods', '14444444', 1, 1),
(537, 'R010', 'Rio International', '14444444', 1, 1),
(538, 'R012', 'Robough Al Hofuf Trading', '14444444', 1, 1),
(539, 'R013', 'Riyadh Food Ind. Co.', '14444444', 1, 1),
(540, 'R014', 'Riz Industria Lda.', '14444444', 1, 1),
(541, 'R015', 'Royal Fisheries', '14444444', 1, 1),
(542, 'R016', 'Royal Meat Industry', '14444444', 1, 1),
(543, 'R017', 'Royal Crown Food Man.', '14444444', 1, 1),
(544, 'R018', 'Rayyan Mineral Water', '14444444', 1, 1),
(545, 'R019', 'RAG Foodstuff Trading', '14444444', 1, 1),
(546, 'R020', 'Refreshment Trading Company', '14444444', 1, 1),
(547, 'R021', 'Ralph Blackie & Associates', '14444444', 1, 1),
(548, 'R022', 'Repi Soap & Detergents S.C', '14444444', 1, 1),
(549, 'R023', 'Reckitt Benckiser', '14444444', 1, 1),
(550, 'R024', 'Reef Bakery', '14444444', 1, 1),
(551, 'R025', 'RTE Snacks cc - On the Go Fusion Snack', '14444444', 1, 1),
(552, 'R026', 'Rediet Food Complex', '14444444', 1, 1),
(553, 'R027', 'Rice Experts Enterprises', '14444444', 1, 1),
(554, 'S001', 'Sweets of Oman', '14444444', 1, 1),
(555, 'S002', 'Switz Int\'l Limited', '14444444', 1, 1),
(556, 'S003', 'Speciality Eng. - Spec', '14444444', 1, 1),
(557, 'S004', 'Salam Kazim Trading Establishment', '14444444', 1, 1),
(558, 'S005', 'Saadeddin Group', '14444444', 1, 1),
(559, 'S006', 'Saigol & Gulf Ltd.', '14444444', 1, 1),
(560, 'S007 - CH', 'IFFCO - Seville Products Co. - Chocolate', '14444444', 1, 1),
(561, 'S007 - PS', 'IFFCO - Seville Products Co. - Pasta', '14444444', 1, 1),
(562, 'S020 - FZ', 'IFFCO - Seville Products Co. - Frozen + Seafood', '14444444', 1, 1),
(563, 'S053 - SP', 'IFFCO - Seville Products Co. - Soap', '14444444', 1, 1),
(564, 'S053 - BV', 'IFFCO - Beverage Solutions', '14444444', 1, 1),
(565, 'S022', 'IFFCO - Shama Food Ind. - Spices', '14444444', 1, 1),
(566, 'S008', 'Star Foodstuff Manufacturing Company LLC', '14444444', 1, 1),
(567, 'S008-C', 'Classic Food Industries', '14444444', 1, 1),
(568, 'S009', 'Sopack / Inpackmo', '14444444', 1, 1),
(569, 'S010', 'Sayga Flour Mills - Celebrus Trading', '14444444', 1, 1),
(570, 'S011', 'Shahi Foods & Spices', '14444444', 1, 1),
(571, 'S012', 'Star Line Seeds', '14444444', 1, 1),
(572, 'S013', 'Siriana Foodstuff Manufacturing Co.LLC', '14444444', 1, 1),
(573, 'S014', 'Star Soap & Detergent Industries PLC.', '14444444', 1, 1),
(574, 'S015', 'Starcup Coffee Co.', '14444444', 1, 1),
(575, 'S016', 'Sharjah Dates Factory', '14444444', 1, 1),
(576, 'S017', 'Suliman Saleh Al Rasheed Co.', '14444444', 1, 1),
(577, 'S018', 'Saif Foodstuff Import & Export Est.', '14444444', 1, 1),
(578, 'S019', 'Seen Development Co.', '14444444', 1, 1),
(579, 'S021', 'Sweet Factory - Zakaria', '14444444', 1, 1),
(580, 'S023', 'Speciality Printers (Pvt.) Ltd.', '14444444', 1, 1),
(581, 'S024', 'Al Sahaba Int\'l Co. Ltd.', '14444444', 1, 1),
(582, 'S025', 'Al Sunbulah Group', '14444444', 1, 1),
(583, 'S026', 'Signature Snacks Company', '14444444', 1, 1),
(584, 'S027', 'Spectrum Int\'l Fzc.', '14444444', 1, 1),
(585, 'S028', 'Sweetos L.D.A', '14444444', 1, 1),
(586, 'S029', 'Les Moulins Sosemie', '14444444', 1, 1),
(587, 'S030', 'Safeer Group', '14444444', 1, 1),
(588, 'S031', 'Super Snacks - Super Chicken', '14444444', 1, 1),
(589, 'S032', 'SUZ International Food Brands', '14444444', 1, 1),
(590, 'S033', 'Sixth Element', '14444444', 1, 1),
(591, 'S034', 'Silver Plate Factory', '14444444', 1, 1),
(592, 'S035', 'S.I.P.A', '14444444', 1, 1),
(593, 'S036', 'Societe Sibed SARL', '14444444', 1, 1),
(594, 'S037', 'Sky Packing', '14444444', 1, 1),
(595, 'S038', 'Sultan Triveni', '14444444', 1, 1),
(596, 'S039', 'Behshahr Industrial Co. Savola Group', '14444444', 1, 1),
(597, 'S040', 'Star Line', '14444444', 1, 1),
(598, 'S041', 'Salim Saleh Abdulla', '14444444', 1, 1),
(599, 'S042', 'United Sugar Company - Savola Group', '14444444', 1, 1),
(600, 'S043', 'Safa Food Trading', '14444444', 1, 1),
(601, 'S044', '7D Food Factory PLC', '14444444', 1, 1),
(602, 'S045', 'Shurook Factory for W.&J.', '14444444', 1, 1),
(603, 'S046', 'Sharjah Co-op Society', '14444444', 1, 1),
(604, 'S047', 'Shahrazad Foodstuff Co.', '14444444', 1, 1),
(605, 'S048', 'Safitex General Trading', '14444444', 1, 1),
(606, 'S049', 'Shangrila Pvt. Ltd.', '14444444', 1, 1),
(607, 'S050', 'Strategic Food Int\'l', '14444444', 1, 1),
(608, 'S051', 'Savola Edible Oil', '14444444', 1, 1),
(609, 'S052', 'Saravana Foodstuff', '14444444', 1, 1),
(610, 'S053', 'Star Food Industries FZC', '14444444', 1, 1),
(611, 'S056', 'Sardoba Food Industries', '14444444', 1, 1),
(612, 'S057', 'Salalah Macaroni Co. SAOG', '14444444', 1, 1),
(613, 'S058', 'Sarwana & Sohzshim', '14444444', 1, 1),
(614, 'S059', 'The Searle Company Limited', '14444444', 1, 1),
(615, 'S060', 'Sharmeen Foods Pvt. Ltd.', '14444444', 1, 1),
(616, 'S061', 'Sona Roastery', '14444444', 1, 1),
(617, 'S062', 'Sintayehu Mulatu Flour & Biscuit Factory - Sayem Food Complex', '14444444', 1, 1),
(618, 'S063', 'Simply Fresh Roastery LLC', '14444444', 1, 1),
(619, 'S064', 'Shawaf Group for Industry & Commerce Ltd.', '14444444', 1, 1),
(620, 'T001', 'IFFCO - Tiffany Foods Ltd. - Biscuits', '14444444', 1, 1),
(621, 'T002', 'The Saudi Ice Cream Factory Co. Kwality', '14444444', 1, 1),
(622, 'T003', 'Trempak Trading (Pty.) Ltd.', '14444444', 1, 1),
(623, 'T004', 'Tyler Packaging Ltd.', '14444444', 1, 1),
(624, 'T005', 'Talal Hassan Foodstuff', '14444444', 1, 1),
(625, 'T007', 'Tasty Foods PLC', '14444444', 1, 1),
(626, 'T008', 'Trade Synergies LLC', '14444444', 1, 1),
(627, 'T009', 'Tag El Melouk Food Ind.', '14444444', 1, 1),
(628, 'T010', 'Talal Supermarket', '14444444', 1, 1),
(629, 'T011', 'Trofina Foods Middle East', '14444444', 1, 1),
(630, 'T012', 'Tulip of Yemen Int\'l Trdg. Co', '14444444', 1, 1),
(631, 'T013', 'SARL Traveps', '14444444', 1, 1),
(632, 'T014', 'Tayseer Arar Industry of Dairy Products LLC', '14444444', 1, 1),
(633, 'T015', 'The Himalaya Drug Company FZCO', '14444444', 1, 1),
(634, 'T016', 'Quality Wipes LLC', '14444444', 1, 1),
(635, 'T017', 'Tendaybelt General Trading P.L.C', '14444444', 1, 1),
(636, 'T018', 'The Oromia Coffee Farmers Co-Operative Union', '14444444', 1, 1),
(637, 'U001', 'United Food Ind. Corp.- PRIDE', '14444444', 1, 1),
(638, 'U002', 'United Kaipara - Unikai', '14444444', 1, 1),
(639, 'U002-B', 'United Foods Company PJSC', '14444444', 1, 1),
(640, 'U003', 'IFFCO - Unipex Dairy Product - Dry Grains', '14444444', 1, 1),
(641, 'U004', 'United Coffee - Mochachino Est.', '14444444', 1, 1),
(642, 'U005', 'United Fisheries of Kuwait', '14444444', 1, 1),
(643, 'U006', 'United Food - Aseel', '14444444', 1, 1),
(644, 'U007', 'Uniline Trading', '14444444', 1, 1),
(645, 'U008', 'Ultra Care', '14444444', 1, 1),
(646, 'U009', 'United Packaging Factory', '14444444', 1, 1),
(647, 'U010', 'Universal Islamic Meat / Flexibles', '14444444', 1, 1),
(648, 'U011', 'United Snack Foods Co. (Al Rahabi)', '14444444', 1, 1),
(649, 'U012', 'Unipack (Fzc)', '14444444', 1, 1),
(650, 'U013', 'Union Beverages', '14444444', 1, 1),
(651, 'U014', 'United Food Ind.Corp. - Deemah', '14444444', 1, 1),
(652, 'U015', 'United Int\'l Trdg. - Qatar', '14444444', 1, 1),
(653, 'U016', 'United Product - Sweetex', '14444444', 1, 1),
(654, 'U017', 'United Foodstuff Ind. Group', '14444444', 1, 1),
(655, 'U018', 'Unilever Gulf FZE', '14444444', 1, 1),
(656, 'U019', 'Universal Cold Store for Food Products - Meat Factory', '14444444', 1, 1),
(657, 'U020', 'Unibisco Biscuit S.A. (Pty.) Ltd.', '14444444', 1, 1),
(658, 'V001', 'Pan Gulf Food Co. - Vita Food', '14444444', 1, 1),
(659, 'V002', 'Pasgianos Food & Beverage Co. Ltd.', '14444444', 1, 1),
(660, 'V003', 'Visions Corporation FZC', '14444444', 1, 1),
(661, 'W001', 'West Zone Group', '14444444', 1, 1),
(662, 'W002', 'White House Perfume', '14444444', 1, 1),
(663, 'W003', 'Wafra International', '14444444', 1, 1),
(664, 'W004', 'Wardat Store', '14444444', 1, 1),
(665, 'W005', 'Walid Commercial Project', '14444444', 1, 1),
(666, 'W006', 'Windsor Foodstuff', '14444444', 1, 1),
(667, 'W007', 'Wilsons Pet Food', '14444444', 1, 1),
(668, 'X001', 'X-Calibur Construction', '14444444', 1, 1),
(669, 'Y001', 'Yoyo Foods Ltd.', '14444444', 1, 1),
(670, 'Y002', 'Yemen Company For Industry & Commerce - Y.C.I.C', '14444444', 1, 1),
(671, 'Y003', 'Young\'s Private Ltd.', '14444444', 1, 1),
(672, 'Y004', 'Yemen Company For Ghee & Soap Industry - Y.C.G.S.I', '14444444', 1, 1),
(673, 'Y005', 'Yemen Snacks Foods Co. (Al Aqil Group)', '14444444', 1, 1),
(674, 'Y006', 'Yatooq Trading Est.', '14444444', 1, 1),
(675, 'Y007', 'Yank Snacks (Pty.) Ltd/', '14444444', 1, 1),
(676, 'Y008', 'Yaumi International Bakeries', '14444444', 1, 1),
(677, 'Z001', 'Zowayed Plastic', '14444444', 1, 1),
(678, 'Z002', 'Zest Restaurant', '14444444', 1, 1),
(679, 'Z003', 'Zilgo Int\'l', '14444444', 1, 1),
(680, 'Z004', 'Zarouni Foods', '14444444', 1, 1),
(681, 'Z005', 'Zood Foods', '14444444', 1, 1),
(682, 'Z006', 'Zamil Food Industries Co. Ltd.', '14444444', 1, 1),
(683, 'Z007', 'Ziwa Wet Wipes FZCO', '14444444', 1, 1);

-- --------------------------------------------------------

--
-- Table structure for table `conditional_release_identity`
--

CREATE TABLE `conditional_release_identity` (
  `crd_id` int(4) NOT NULL,
  `crd_text` varchar(40) NOT NULL
) ENGINE=MyISAM DEFAULT CHARSET=latin1;

--
-- Dumping data for table `conditional_release_identity`
--

INSERT INTO `conditional_release_identity` (`crd_id`, `crd_text`) VALUES
(1, 'Requesting Conditional Release'),
(2, 'Conditional Release Approved'),
(3, 'Conditional Release Rejected');

-- --------------------------------------------------------

--
-- Table structure for table `conditional_release_reason`
--

CREATE TABLE `conditional_release_reason` (
  `crr_id` int(10) NOT NULL,
  `crr_value` varchar(50) NOT NULL,
  `crr_show` int(10) NOT NULL DEFAULT '1'
) ENGINE=MyISAM DEFAULT CHARSET=latin1;

--
-- Dumping data for table `conditional_release_reason`
--

INSERT INTO `conditional_release_reason` (`crr_id`, `crr_value`, `crr_show`) VALUES
(1, 'This is Reason 1', 1),
(2, 'This is Reason 2', 1);

-- --------------------------------------------------------

--
-- Table structure for table `conditional_release_wo`
--

CREATE TABLE `conditional_release_wo` (
  `crw_id` int(50) NOT NULL,
  `crw_wo_ref` int(50) NOT NULL,
  `crw_crr_id` int(50) DEFAULT NULL,
  `crw_reason` varchar(50) NOT NULL,
  `crw_ncr` varchar(50) DEFAULT NULL,
  `crw_lum_id` int(50) NOT NULL,
  `crw_dnt` varchar(100) NOT NULL,
  `crw_status` int(2) NOT NULL DEFAULT '1'
) ENGINE=MyISAM DEFAULT CHARSET=latin1;

--
-- Dumping data for table `conditional_release_wo`
--

INSERT INTO `conditional_release_wo` (`crw_id`, `crw_wo_ref`, `crw_crr_id`, `crw_reason`, `crw_ncr`, `crw_lum_id`, `crw_dnt`, `crw_status`) VALUES
(1, 8014, 2, 'Release it', '123', 1, '1619996353', 1),
(2, 8014, NULL, 'Accepted', '-', 2, '1619996371', 2),
(3, 8009, 1, 'bg', 'g', 1, '1620045026', 1);

-- --------------------------------------------------------

--
-- Table structure for table `logcat_main`
--

CREATE TABLE `logcat_main` (
  `logcat_id` int(15) NOT NULL,
  `logcat_lum_id` int(15) NOT NULL,
  `logcat_page` varchar(36) NOT NULL,
  `logcat_session_hash` varchar(36) NOT NULL,
  `logcat_ip` varchar(100) NOT NULL,
  `logcat_text` text NOT NULL,
  `logcat_dnt` varchar(100) NOT NULL
) ENGINE=MyISAM DEFAULT CHARSET=latin1;

--
-- Dumping data for table `logcat_main`
--

INSERT INTO `logcat_main` (`logcat_id`, `logcat_lum_id`, `logcat_page`, `logcat_session_hash`, `logcat_ip`, `logcat_text`, `logcat_dnt`) VALUES
(1, 1, 'home.php', 'IPPSESSID6085c9da80e01', '94.203.255.182', 'This login protected page has been accessed', '1619380698'),
(2, 1, 'work_order_sales.php', 'IPPSESSID6085c9da80e01', '94.203.255.182', 'This login protected page has been accessed', '1619380700'),
(3, 11, 'work_order_sales.php', 'IPPSESSID6086a917b640b', '86.98.30.153', 'This login protected page has been accessed', '1619437848'),
(4, 11, 'work_order_sales_generate.php', 'IPPSESSID6086a917b640b', '86.98.30.153', 'This login protected page has been accessed', '1619437854'),
(5, 11, 'work_order_sales_generate.php', 'IPPSESSID6086a917b640b', '86.98.30.153', 'This login protected page has been accessed', '1619437856'),
(6, 11, 'FormAllDynController.php', 'IPPSESSID6086a917b640b', '86.98.30.153', 'This login protected page has been accessed', '1619437858'),
(7, 11, 'FormAllDynController.php', 'IPPSESSID6086a917b640b', '86.98.30.153', 'This login protected page has been accessed', '1619437858'),
(8, 13, 'work_order_sales.php', 'IPPSESSID6086a9827662a', '86.98.30.153', 'This login protected page has been accessed', '1619437954'),
(9, 13, 'work_order_sales_generate.php', 'IPPSESSID6086a9827662a', '86.98.30.153', 'This login protected page has been accessed', '1619437975'),
(10, 13, 'FormAllDynController.php', 'IPPSESSID6086a9827662a', '86.98.30.153', 'This login protected page has been accessed', '1619437977'),
(11, 13, 'FormAllDynController.php', 'IPPSESSID6086a9827662a', '86.98.30.153', 'This login protected page has been accessed', '1619437977'),
(12, 12, 'work_order_sales.php', 'IPPSESSID6086a9b089660', '86.98.30.153', 'This login protected page has been accessed', '1619438000'),
(13, 12, 'work_order_sales_generate.php', 'IPPSESSID6086a9b089660', '86.98.30.153', 'This login protected page has been accessed', '1619438006'),
(14, 12, 'FormAllDynController.php', 'IPPSESSID6086a9b089660', '86.98.30.153', 'This login protected page has been accessed', '1619438008'),
(15, 12, 'FormAllDynController.php', 'IPPSESSID6086a9b089660', '86.98.30.153', 'This login protected page has been accessed', '1619438008'),
(16, 6, 'work_order_sales.php', 'IPPSESSID6086a9e0aee87', '86.98.30.153', 'This login protected page has been accessed', '1619438048'),
(17, 6, 'work_order_tracker.php', 'IPPSESSID6086a9e0aee87', '86.98.30.153', 'This login protected page has been accessed', '1619438064'),
(18, 6, 'home.php', 'IPPSESSID6086a9e0aee87', '86.98.30.153', 'This login protected page has been accessed', '1619438067'),
(19, 6, 'profile.php', 'IPPSESSID6086a9e0aee87', '86.98.30.153', 'This login protected page has been accessed', '1619438068'),
(20, 6, 'work_order_sales_generate.php', 'IPPSESSID6086a9e0aee87', '86.98.30.153', 'This login protected page has been accessed', '1619438070'),
(21, 6, 'FormAllDynController.php', 'IPPSESSID6086a9e0aee87', '86.98.30.153', 'This login protected page has been accessed', '1619438072'),
(22, 6, 'FormAllDynController.php', 'IPPSESSID6086a9e0aee87', '86.98.30.153', 'This login protected page has been accessed', '1619438072'),
(23, 11, 'FormAllDynController.php', 'IPPSESSID6086a917b640b', '86.98.30.153', 'This login protected page has been accessed', '1619438252'),
(24, 7, 'work_order_sales.php', 'IPPSESSID6086aab767d88', '86.98.30.153', 'This login protected page has been accessed', '1619438263'),
(25, 7, 'work_order_sales_generate.php', 'IPPSESSID6086aab767d88', '86.98.30.153', 'This login protected page has been accessed', '1619438287'),
(26, 7, 'FormAllDynController.php', 'IPPSESSID6086aab767d88', '86.98.30.153', 'This login protected page has been accessed', '1619438290'),
(27, 7, 'FormAllDynController.php', 'IPPSESSID6086aab767d88', '86.98.30.153', 'This login protected page has been accessed', '1619438290'),
(28, 11, 'SalesWorkOrderSubmit.php', 'IPPSESSID6086a917b640b', '86.98.30.153', 'This login protected page has been accessed', '1619438579'),
(29, 11, 'SalesWorkOrderSubmit.php', 'IPPSESSID6086a917b640b', '86.98.30.153', 'S-13 added sales order with REF: 8000 ID: 1', '1619438579'),
(30, 11, 'work_order_sales_verify.php', 'IPPSESSID6086a917b640b', '86.98.30.153', 'This login protected page has been accessed', '1619438582'),
(31, 11, 'work_order_sales_verify.php', 'IPPSESSID6086a917b640b', '86.98.30.153', 'This login protected page has been accessed', '1619438585'),
(32, 11, 'work_order_sales_verify.php', 'IPPSESSID6086a917b640b', '86.98.30.153', 'This login protected page has been accessed', '1619438587'),
(33, 11, 'work_order_sales.php', 'IPPSESSID6086a917b640b', '86.98.30.153', 'This login protected page has been accessed', '1619438591'),
(34, 11, 'MainWorkOrderSubmit.php', 'IPPSESSID6086a917b640b', '86.98.30.153', 'This login protected page has been accessed', '1619438596'),
(35, 11, 'MainWorkOrderSubmit.php', 'IPPSESSID6086a917b640b', '86.98.30.153', 'S-13 published sales order with REF: 8000 ID: NA to sales verification', '1619438596'),
(36, 11, 'work_order_sales_generate.php', 'IPPSESSID6086a917b640b', '86.98.30.153', 'This login protected page has been accessed', '1619438600'),
(37, 11, 'FormAllDynController.php', 'IPPSESSID6086a917b640b', '86.98.30.153', 'This login protected page has been accessed', '1619438601'),
(38, 11, 'FormAllDynController.php', 'IPPSESSID6086a917b640b', '86.98.30.153', 'This login protected page has been accessed', '1619438601'),
(39, 10, 'work_order_sales.php', 'IPPSESSID6086ac6a1daab', '86.98.30.153', 'This login protected page has been accessed', '1619438698'),
(40, 10, 'work_order_sales_generate.php', 'IPPSESSID6086ac6a1daab', '86.98.30.153', 'This login protected page has been accessed', '1619438703'),
(41, 10, 'FormAllDynController.php', 'IPPSESSID6086ac6a1daab', '86.98.30.153', 'This login protected page has been accessed', '1619438706'),
(42, 10, 'FormAllDynController.php', 'IPPSESSID6086ac6a1daab', '86.98.30.153', 'This login protected page has been accessed', '1619438706'),
(43, 7, 'FormAllDynController.php', 'IPPSESSID6086aab767d88', '86.98.30.153', 'This login protected page has been accessed', '1619438709'),
(44, 7, 'work_order_tracker.php', 'IPPSESSID6086aab767d88', '86.98.30.153', 'This login protected page has been accessed', '1619438762'),
(45, 7, 'work_order_tracker.php', 'IPPSESSID6086aab767d88', '86.98.30.153', 'This login protected page has been accessed', '1619438768'),
(46, 7, 'work_order_view_print.php', 'IPPSESSID6086aab767d88', '86.98.30.153', 'This login protected page has been accessed', '1619438776'),
(47, 12, 'SalesWorkOrderSubmit.php', 'IPPSESSID6086a9b089660', '86.98.30.153', 'This login protected page has been accessed', '1619438777'),
(48, 12, 'SalesWorkOrderSubmit.php', 'IPPSESSID6086a9b089660', '86.98.30.153', 'S-19 M added sales order with REF: 8001 ID: 3', '1619438777'),
(49, 12, 'work_order_sales_generate.php', 'IPPSESSID6086a9b089660', '86.98.30.153', 'This login protected page has been accessed', '1619438787'),
(50, 12, 'FormAllDynController.php', 'IPPSESSID6086a9b089660', '86.98.30.153', 'This login protected page has been accessed', '1619438788'),
(51, 12, 'FormAllDynController.php', 'IPPSESSID6086a9b089660', '86.98.30.153', 'This login protected page has been accessed', '1619438788'),
(52, 13, 'SalesWorkOrderSubmit.php', 'IPPSESSID6086a9827662a', '86.98.30.153', 'This login protected page has been accessed', '1619438788'),
(53, 13, 'SalesWorkOrderSubmit.php', 'IPPSESSID6086a9827662a', '86.98.30.153', 'NA added sales order with REF: 8002 ID: 4', '1619438788'),
(54, 12, 'work_order_sales_verify.php', 'IPPSESSID6086a9b089660', '86.98.30.153', 'This login protected page has been accessed', '1619438797'),
(55, 12, 'home.php', 'IPPSESSID6086a9b089660', '86.98.30.153', 'This login protected page has been accessed', '1619438800'),
(56, 12, 'work_order_tracker.php', 'IPPSESSID6086a9b089660', '86.98.30.153', 'This login protected page has been accessed', '1619438802'),
(57, 7, 'work_order_tracker.php', 'IPPSESSID6086aab767d88', '86.98.30.153', 'This login protected page has been accessed', '1619438803'),
(58, 13, 'work_order_sales_generate.php', 'IPPSESSID6086a9827662a', '86.98.30.153', 'This login protected page has been accessed', '1619438806'),
(59, 12, 'work_order_tracker.php', 'IPPSESSID6086a9b089660', '86.98.30.153', 'This login protected page has been accessed', '1619438806'),
(60, 13, 'FormAllDynController.php', 'IPPSESSID6086a9827662a', '86.98.30.153', 'This login protected page has been accessed', '1619438807'),
(61, 13, 'FormAllDynController.php', 'IPPSESSID6086a9827662a', '86.98.30.153', 'This login protected page has been accessed', '1619438807'),
(62, 13, 'work_order_sales_generate.php', 'IPPSESSID6086a9827662a', '86.98.30.153', 'This login protected page has been accessed', '1619438807'),
(63, 13, 'FormAllDynController.php', 'IPPSESSID6086a9827662a', '86.98.30.153', 'This login protected page has been accessed', '1619438808'),
(64, 13, 'FormAllDynController.php', 'IPPSESSID6086a9827662a', '86.98.30.153', 'This login protected page has been accessed', '1619438808'),
(65, 13, 'work_order_sales.php', 'IPPSESSID6086a9827662a', '86.98.30.153', 'This login protected page has been accessed', '1619438808'),
(66, 12, 'work_order_view_print.php', 'IPPSESSID6086a9b089660', '86.98.30.153', 'This login protected page has been accessed', '1619438810'),
(67, 12, 'work_order_tracker.php', 'IPPSESSID6086a9b089660', '86.98.30.153', 'This login protected page has been accessed', '1619438815'),
(68, 12, 'work_order_view_print.php', 'IPPSESSID6086a9b089660', '86.98.30.153', 'This login protected page has been accessed', '1619438816'),
(69, 13, 'work_order_sales_generate.php', 'IPPSESSID6086a9827662a', '86.98.30.153', 'This login protected page has been accessed', '1619438817'),
(70, 13, 'FormAllDynController.php', 'IPPSESSID6086a9827662a', '86.98.30.153', 'This login protected page has been accessed', '1619438818'),
(71, 13, 'FormAllDynController.php', 'IPPSESSID6086a9827662a', '86.98.30.153', 'This login protected page has been accessed', '1619438818'),
(72, 13, 'FormAllDynController.php', 'IPPSESSID6086a9827662a', '86.98.30.153', 'This login protected page has been accessed', '1619438818'),
(73, 13, 'FormAllDynController.php', 'IPPSESSID6086a9827662a', '86.98.30.153', 'This login protected page has been accessed', '1619438819'),
(74, 7, 'home.php', 'IPPSESSID6086aab767d88', '86.98.30.153', 'This login protected page has been accessed', '1619438819'),
(75, 13, 'work_order_view_print.php', 'IPPSESSID6086a9827662a', '86.98.30.153', 'This login protected page has been accessed', '1619438822'),
(76, 7, 'profile.php', 'IPPSESSID6086aab767d88', '86.98.30.153', 'This login protected page has been accessed', '1619438823'),
(77, 7, 'work_order_tracker.php', 'IPPSESSID6086aab767d88', '86.98.30.153', 'This login protected page has been accessed', '1619438825'),
(78, 7, 'work_order_tracker.php', 'IPPSESSID6086aab767d88', '86.98.30.153', 'This login protected page has been accessed', '1619438835'),
(79, 7, 'work_order_view_print.php', 'IPPSESSID6086aab767d88', '86.98.30.153', 'This login protected page has been accessed', '1619438837'),
(80, 12, 'work_order_view_print.php', 'IPPSESSID6086a9b089660', '86.98.30.153', 'This login protected page has been accessed', '1619438852'),
(81, 12, 'work_order_tracker.php', 'IPPSESSID6086a9b089660', '86.98.30.153', 'This login protected page has been accessed', '1619438854'),
(82, 12, 'work_order_sales_verify.php', 'IPPSESSID6086a9b089660', '86.98.30.153', 'This login protected page has been accessed', '1619438857'),
(83, 12, 'work_order_tracker.php', 'IPPSESSID6086a9b089660', '86.98.30.153', 'This login protected page has been accessed', '1619438859'),
(84, 12, 'work_order_tracker.php', 'IPPSESSID6086a9b089660', '86.98.30.153', 'This login protected page has been accessed', '1619438862'),
(85, 12, 'work_order_view_print.php', 'IPPSESSID6086a9b089660', '86.98.30.153', 'This login protected page has been accessed', '1619438867'),
(86, 12, 'work_order_tracker.php', 'IPPSESSID6086a9b089660', '86.98.30.153', 'This login protected page has been accessed', '1619438874'),
(87, 12, 'work_order_view_print.php', 'IPPSESSID6086a9b089660', '86.98.30.153', 'This login protected page has been accessed', '1619438877'),
(88, 12, 'work_order_tracker.php', 'IPPSESSID6086a9b089660', '86.98.30.153', 'This login protected page has been accessed', '1619438881'),
(89, 12, 'work_order_sales_verify.php', 'IPPSESSID6086a9b089660', '86.98.30.153', 'This login protected page has been accessed', '1619438883'),
(90, 12, 'work_order_sales_generate.php', 'IPPSESSID6086a9b089660', '86.98.30.153', 'This login protected page has been accessed', '1619438884'),
(91, 12, 'FormAllDynController.php', 'IPPSESSID6086a9b089660', '86.98.30.153', 'This login protected page has been accessed', '1619438885'),
(92, 12, 'FormAllDynController.php', 'IPPSESSID6086a9b089660', '86.98.30.153', 'This login protected page has been accessed', '1619438885'),
(93, 12, 'work_order_sales.php', 'IPPSESSID6086a9b089660', '86.98.30.153', 'This login protected page has been accessed', '1619438886'),
(94, 12, 'MainWorkOrderSubmit.php', 'IPPSESSID6086a9b089660', '86.98.30.153', 'This login protected page has been accessed', '1619438892'),
(95, 12, 'MainWorkOrderSubmit.php', 'IPPSESSID6086a9b089660', '86.98.30.153', 'S-19 M published sales order with REF: 8001 ID: NA to sales verification', '1619438892'),
(96, 12, 'work_order_sales.php', 'IPPSESSID6086a9b089660', '86.98.30.153', 'This login protected page has been accessed', '1619438902'),
(97, 13, 'work_order_sales_generate.php', 'IPPSESSID6086a9827662a', '86.98.30.153', 'This login protected page has been accessed', '1619438902'),
(98, 13, 'FormAllDynController.php', 'IPPSESSID6086a9827662a', '86.98.30.153', 'This login protected page has been accessed', '1619438903'),
(99, 13, 'FormAllDynController.php', 'IPPSESSID6086a9827662a', '86.98.30.153', 'This login protected page has been accessed', '1619438903'),
(100, 12, 'work_order_tracker.php', 'IPPSESSID6086a9b089660', '86.98.30.153', 'This login protected page has been accessed', '1619438903'),
(101, 13, 'FormAllDynController.php', 'IPPSESSID6086a9827662a', '86.98.30.153', 'This login protected page has been accessed', '1619438904'),
(102, 13, 'FormAllDynController.php', 'IPPSESSID6086a9827662a', '86.98.30.153', 'This login protected page has been accessed', '1619438904'),
(103, 12, 'work_order_tracker.php', 'IPPSESSID6086a9b089660', '86.98.30.153', 'This login protected page has been accessed', '1619438907'),
(104, 12, 'work_order_view_print.php', 'IPPSESSID6086a9b089660', '86.98.30.153', 'This login protected page has been accessed', '1619438909'),
(105, 12, 'work_order_tracker.php', 'IPPSESSID6086a9b089660', '86.98.30.153', 'This login protected page has been accessed', '1619438912'),
(106, 12, 'work_order_view_print.php', 'IPPSESSID6086a9b089660', '86.98.30.153', 'This login protected page has been accessed', '1619438914'),
(107, 12, 'work_order_tracker.php', 'IPPSESSID6086a9b089660', '86.98.30.153', 'This login protected page has been accessed', '1619438916'),
(108, 12, 'work_order_tracker.php', 'IPPSESSID6086a9b089660', '86.98.30.153', 'This login protected page has been accessed', '1619438918'),
(109, 12, 'work_order_tracker.php', 'IPPSESSID6086a9b089660', '86.98.30.153', 'This login protected page has been accessed', '1619438920'),
(110, 12, 'work_order_view_print.php', 'IPPSESSID6086a9b089660', '86.98.30.153', 'This login protected page has been accessed', '1619438923'),
(111, 12, 'work_order_tracker.php', 'IPPSESSID6086a9b089660', '86.98.30.153', 'This login protected page has been accessed', '1619438950'),
(112, 12, 'work_order_view_print.php', 'IPPSESSID6086a9b089660', '86.98.30.153', 'This login protected page has been accessed', '1619438954'),
(113, 13, 'SalesWorkOrderSubmit.php', 'IPPSESSID6086a9827662a', '86.98.30.153', 'This login protected page has been accessed', '1619439017'),
(114, 13, 'SalesWorkOrderSubmit.php', 'IPPSESSID6086a9827662a', '86.98.30.153', 'NA edited sales order with REF: 8002 ID: 6', '1619439017'),
(115, 13, 'work_order_sales_generate.php', 'IPPSESSID6086a9827662a', '86.98.30.153', 'This login protected page has been accessed', '1619439020'),
(116, 13, 'FormAllDynController.php', 'IPPSESSID6086a9827662a', '86.98.30.153', 'This login protected page has been accessed', '1619439020'),
(117, 13, 'FormAllDynController.php', 'IPPSESSID6086a9827662a', '86.98.30.153', 'This login protected page has been accessed', '1619439020'),
(118, 13, 'work_order_sales.php', 'IPPSESSID6086a9827662a', '86.98.30.153', 'This login protected page has been accessed', '1619439022'),
(119, 13, 'MainWorkOrderSubmit.php', 'IPPSESSID6086a9827662a', '86.98.30.153', 'This login protected page has been accessed', '1619439028'),
(120, 13, 'MainWorkOrderSubmit.php', 'IPPSESSID6086a9827662a', '86.98.30.153', 'NA published sales order with REF: 8002 ID: NA to sales verification', '1619439028'),
(121, 13, 'work_order_sales_generate.php', 'IPPSESSID6086a9827662a', '86.98.30.153', 'This login protected page has been accessed', '1619439041'),
(122, 15, 'work_order_sales.php', 'IPPSESSID6086adf5d6dd9', '86.98.30.153', 'This login protected page has been accessed', '1619439094'),
(123, 15, 'work_order_sales_generate.php', 'IPPSESSID6086adf5d6dd9', '86.98.30.153', 'This login protected page has been accessed', '1619439098'),
(124, 15, 'FormAllDynController.php', 'IPPSESSID6086adf5d6dd9', '86.98.30.153', 'This login protected page has been accessed', '1619439099'),
(125, 15, 'FormAllDynController.php', 'IPPSESSID6086adf5d6dd9', '86.98.30.153', 'This login protected page has been accessed', '1619439100'),
(126, 15, 'work_order_sales_verify.php', 'IPPSESSID6086adf5d6dd9', '86.98.30.153', 'This login protected page has been accessed', '1619439102'),
(127, 15, 'work_order_sales_verify.php', 'IPPSESSID6086adf5d6dd9', '86.98.30.153', 'This login protected page has been accessed', '1619439102'),
(128, 15, 'work_order_sales_verify.php', 'IPPSESSID6086adf5d6dd9', '86.98.30.153', 'This login protected page has been accessed', '1619439107'),
(129, 15, 'work_order_tracker.php', 'IPPSESSID6086adf5d6dd9', '86.98.30.153', 'This login protected page has been accessed', '1619439108'),
(130, 15, 'work_order_tracker.php', 'IPPSESSID6086adf5d6dd9', '86.98.30.153', 'This login protected page has been accessed', '1619439113'),
(131, 15, 'work_order_view_print.php', 'IPPSESSID6086adf5d6dd9', '86.98.30.153', 'This login protected page has been accessed', '1619439128'),
(132, 15, 'work_order_tracker.php', 'IPPSESSID6086adf5d6dd9', '86.98.30.153', 'This login protected page has been accessed', '1619439142'),
(133, 15, 'work_order_tracker.php', 'IPPSESSID6086adf5d6dd9', '86.98.30.153', 'This login protected page has been accessed', '1619439159'),
(134, 15, 'work_order_view_print.php', 'IPPSESSID6086adf5d6dd9', '86.98.30.153', 'This login protected page has been accessed', '1619439166'),
(135, 15, 'work_order_view_print.php', 'IPPSESSID6086adf5d6dd9', '86.98.30.153', 'This login protected page has been accessed', '1619439194'),
(136, 15, 'home.php', 'IPPSESSID6086adf5d6dd9', '86.98.30.153', 'This login protected page has been accessed', '1619439199'),
(137, 15, 'work_order_tracker.php', 'IPPSESSID6086adf5d6dd9', '86.98.30.153', 'This login protected page has been accessed', '1619439202'),
(138, 15, 'work_order_tracker.php', 'IPPSESSID6086adf5d6dd9', '86.98.30.153', 'This login protected page has been accessed', '1619439204'),
(139, 10, 'SalesWorkOrderSubmit.php', 'IPPSESSID6086ac6a1daab', '86.98.30.153', 'This login protected page has been accessed', '1619439205'),
(140, 10, 'SalesWorkOrderSubmit.php', 'IPPSESSID6086ac6a1daab', '86.98.30.153', 'S-26 added sales order with REF: 8003 ID: 8', '1619439205'),
(141, 10, 'work_order_tracker.php', 'IPPSESSID6086ac6a1daab', '86.98.30.153', 'This login protected page has been accessed', '1619439208'),
(142, 15, 'work_order_tracker.php', 'IPPSESSID6086adf5d6dd9', '86.98.30.153', 'This login protected page has been accessed', '1619439210'),
(143, 10, 'work_order_sales.php', 'IPPSESSID6086ac6a1daab', '86.98.30.153', 'This login protected page has been accessed', '1619439212'),
(144, 10, 'work_order_tracker.php', 'IPPSESSID6086ac6a1daab', '86.98.30.153', 'This login protected page has been accessed', '1619439213'),
(145, 10, 'work_order_sales.php', 'IPPSESSID6086ac6a1daab', '86.98.30.153', 'This login protected page has been accessed', '1619439215'),
(146, 10, 'MainWorkOrderSubmit.php', 'IPPSESSID6086ac6a1daab', '86.98.30.153', 'This login protected page has been accessed', '1619439218'),
(147, 10, 'MainWorkOrderSubmit.php', 'IPPSESSID6086ac6a1daab', '86.98.30.153', 'S-26 published sales order with REF: 8003 ID: NA to sales verification', '1619439218'),
(148, 13, 'work_order_sales.php', 'IPPSESSID6086ae7471e92', '86.98.30.153', 'This login protected page has been accessed', '1619439220'),
(149, 10, 'work_order_sales.php', 'IPPSESSID6086ac6a1daab', '86.98.30.153', 'This login protected page has been accessed', '1619439226'),
(150, 13, 'work_order_sales_generate.php', 'IPPSESSID6086ae7471e92', '86.98.30.153', 'This login protected page has been accessed', '1619439229'),
(151, 13, 'FormAllDynController.php', 'IPPSESSID6086ae7471e92', '86.98.30.153', 'This login protected page has been accessed', '1619439230'),
(152, 13, 'FormAllDynController.php', 'IPPSESSID6086ae7471e92', '86.98.30.153', 'This login protected page has been accessed', '1619439230'),
(153, 10, 'work_order_sales.php', 'IPPSESSID6086ac6a1daab', '86.98.30.153', 'This login protected page has been accessed', '1619439231'),
(154, 7, 'home.php', 'IPPSESSID6086aab767d88', '86.98.30.153', 'This login protected page has been accessed', '1619439232'),
(155, 7, 'work_order_sales_generate.php', 'IPPSESSID6086aab767d88', '86.98.30.153', 'This login protected page has been accessed', '1619439237'),
(156, 11, 'work_order_sales.php', 'IPPSESSID6086ae8594e8c', '86.98.30.153', 'This login protected page has been accessed', '1619439237'),
(157, 7, 'work_order_sales.php', 'IPPSESSID6086aab767d88', '86.98.30.153', 'This login protected page has been accessed', '1619439238'),
(158, 11, 'work_order_tracker.php', 'IPPSESSID6086ae8594e8c', '86.98.30.153', 'This login protected page has been accessed', '1619439239'),
(159, 7, 'work_order_tracker.php', 'IPPSESSID6086aab767d88', '86.98.30.153', 'This login protected page has been accessed', '1619439241'),
(160, 11, 'work_order_tracker.php', 'IPPSESSID6086ae8594e8c', '86.98.30.153', 'This login protected page has been accessed', '1619439242'),
(161, 11, 'work_order_view_print.php', 'IPPSESSID6086ae8594e8c', '86.98.30.153', 'This login protected page has been accessed', '1619439248'),
(162, 11, 'work_order_tracker.php', 'IPPSESSID6086ae8594e8c', '86.98.30.153', 'This login protected page has been accessed', '1619439263'),
(163, 11, 'work_order_sales.php', 'IPPSESSID6086ae8594e8c', '86.98.30.153', 'This login protected page has been accessed', '1619439270'),
(164, 11, 'work_order_tracker.php', 'IPPSESSID6086ae8594e8c', '86.98.30.153', 'This login protected page has been accessed', '1619439276'),
(165, 11, 'work_order_sales.php', 'IPPSESSID6086ae8594e8c', '86.98.30.153', 'This login protected page has been accessed', '1619439278'),
(166, 11, 'work_order_sales_verify.php', 'IPPSESSID6086ae8594e8c', '86.98.30.153', 'This login protected page has been accessed', '1619439279'),
(167, 11, 'MainWorkOrderSubmit.php', 'IPPSESSID6086ae8594e8c', '86.98.30.153', 'This login protected page has been accessed', '1619439283'),
(168, 11, 'MainWorkOrderSubmit.php', 'IPPSESSID6086ae8594e8c', '86.98.30.153', 'S-13 verified sales order with REF: 8000 ID: NA and sent it to accounts', '1619439283'),
(169, 11, 'work_order_sales_verify.php', 'IPPSESSID6086ae8594e8c', '86.98.30.153', 'This login protected page has been accessed', '1619439292'),
(170, 1, 'home.php', 'IPPSESSID6086af36cfc42', '94.203.255.182', 'This login protected page has been accessed', '1619439415'),
(171, 1, 'form_manager.php', 'IPPSESSID6086af36cfc42', '94.203.255.182', 'This login protected page has been accessed', '1619439417'),
(172, 6, 'SalesWorkOrderSubmit.php', 'IPPSESSID6086a9e0aee87', '86.98.30.153', 'This login protected page has been accessed', '1619439582'),
(173, 6, 'SalesWorkOrderSubmit.php', 'IPPSESSID6086a9e0aee87', '86.98.30.153', 'S-25 added sales order with REF: 8004 ID: 11', '1619439582'),
(174, 6, 'work_order_sales.php', 'IPPSESSID6086a9e0aee87', '86.98.30.153', 'This login protected page has been accessed', '1619439585'),
(175, 7, 'work_order_sales.php', 'IPPSESSID608704fee6c32', '2.51.53.162', 'This login protected page has been accessed', '1619461375'),
(176, 7, 'work_order_tracker.php', 'IPPSESSID608704fee6c32', '2.51.53.162', 'This login protected page has been accessed', '1619461378'),
(177, 7, 'work_order_tracker.php', 'IPPSESSID608704fee6c32', '2.51.53.162', 'This login protected page has been accessed', '1619461382'),
(178, 7, 'work_order_view_print.php', 'IPPSESSID608704fee6c32', '2.51.53.162', 'This login protected page has been accessed', '1619461387'),
(179, 13, 'work_order_sales.php', 'IPPSESSID6087b3e64a8a9', '86.98.30.153', 'This login protected page has been accessed', '1619506150'),
(180, 13, 'work_order_sales_generate.php', 'IPPSESSID6087b3e64a8a9', '86.98.30.153', 'This login protected page has been accessed', '1619506153'),
(181, 13, 'FormAllDynController.php', 'IPPSESSID6087b3e64a8a9', '86.98.30.153', 'This login protected page has been accessed', '1619506154'),
(182, 13, 'FormAllDynController.php', 'IPPSESSID6087b3e64a8a9', '86.98.30.153', 'This login protected page has been accessed', '1619506154'),
(183, 13, 'home.php', 'IPPSESSID6087b3e64a8a9', '86.98.30.153', 'This login protected page has been accessed', '1619506159'),
(184, 13, 'profile.php', 'IPPSESSID6087b3e64a8a9', '86.98.30.153', 'This login protected page has been accessed', '1619506163'),
(185, 13, 'home.php', 'IPPSESSID6087b3e64a8a9', '86.98.30.153', 'This login protected page has been accessed', '1619506168'),
(186, 13, 'work_order_tracker.php', 'IPPSESSID6087b3e64a8a9', '86.98.30.153', 'This login protected page has been accessed', '1619506168'),
(187, 13, 'work_order_sales.php', 'IPPSESSID6087b3e64a8a9', '86.98.30.153', 'This login protected page has been accessed', '1619506189'),
(188, 13, 'work_order_sales_generate.php', 'IPPSESSID6087b3e64a8a9', '86.98.30.153', 'This login protected page has been accessed', '1619506191'),
(189, 13, 'FormAllDynController.php', 'IPPSESSID6087b3e64a8a9', '86.98.30.153', 'This login protected page has been accessed', '1619506192'),
(190, 13, 'FormAllDynController.php', 'IPPSESSID6087b3e64a8a9', '86.98.30.153', 'This login protected page has been accessed', '1619506192'),
(191, 13, 'FormAllDynController.php', 'IPPSESSID6087b3e64a8a9', '86.98.30.153', 'This login protected page has been accessed', '1619506540'),
(192, 13, 'FormAllDynController.php', 'IPPSESSID6087b3e64a8a9', '86.98.30.153', 'This login protected page has been accessed', '1619506919'),
(193, 13, 'FormAllDynController.php', 'IPPSESSID6087b3e64a8a9', '86.98.30.153', 'This login protected page has been accessed', '1619506961'),
(194, 13, 'FormAllDynController.php', 'IPPSESSID6087b3e64a8a9', '86.98.30.153', 'This login protected page has been accessed', '1619506972'),
(195, 8, 'work_order_sales.php', 'IPPSESSID6087b8628938c', '86.98.30.153', 'This login protected page has been accessed', '1619507298'),
(196, 8, 'work_order_sales_generate.php', 'IPPSESSID6087b8628938c', '86.98.30.153', 'This login protected page has been accessed', '1619507346'),
(197, 8, 'FormAllDynController.php', 'IPPSESSID6087b8628938c', '86.98.30.153', 'This login protected page has been accessed', '1619507347'),
(198, 8, 'FormAllDynController.php', 'IPPSESSID6087b8628938c', '86.98.30.153', 'This login protected page has been accessed', '1619507347'),
(199, 8, 'work_order_tracker.php', 'IPPSESSID6087b8628938c', '86.98.30.153', 'This login protected page has been accessed', '1619507623'),
(200, 8, 'home.php', 'IPPSESSID6087b8628938c', '86.98.30.153', 'This login protected page has been accessed', '1619507633'),
(201, 8, 'work_order_tracker.php', 'IPPSESSID6087b8628938c', '86.98.30.153', 'This login protected page has been accessed', '1619507636'),
(202, 8, 'work_order_sales_verify.php', 'IPPSESSID6087b8628938c', '86.98.30.153', 'This login protected page has been accessed', '1619507637'),
(203, 8, 'work_order_sales_generate.php', 'IPPSESSID6087b8628938c', '86.98.30.153', 'This login protected page has been accessed', '1619507638'),
(204, 8, 'FormAllDynController.php', 'IPPSESSID6087b8628938c', '86.98.30.153', 'This login protected page has been accessed', '1619507639'),
(205, 8, 'FormAllDynController.php', 'IPPSESSID6087b8628938c', '86.98.30.153', 'This login protected page has been accessed', '1619507639'),
(206, 8, 'work_order_sales.php', 'IPPSESSID6087b8628938c', '86.98.30.153', 'This login protected page has been accessed', '1619507641'),
(207, 8, 'work_order_sales_generate.php', 'IPPSESSID6087b8628938c', '86.98.30.153', 'This login protected page has been accessed', '1619507659'),
(208, 8, 'FormAllDynController.php', 'IPPSESSID6087b8628938c', '86.98.30.153', 'This login protected page has been accessed', '1619507660'),
(209, 8, 'FormAllDynController.php', 'IPPSESSID6087b8628938c', '86.98.30.153', 'This login protected page has been accessed', '1619507660'),
(210, 9, 'work_order_sales_verify.php', 'IPPSESSID6087babd69475', '86.98.30.153', 'This login protected page has been accessed', '1619507901'),
(211, 9, 'work_order_sales_verify.php', 'IPPSESSID6087babd69475', '86.98.30.153', 'This login protected page has been accessed', '1619507935'),
(212, 9, 'work_order_sales_verify.php', 'IPPSESSID6087babd69475', '86.98.30.153', 'This login protected page has been accessed', '1619507941'),
(213, 9, 'work_order_sales_generate.php', 'IPPSESSID6087babd69475', '86.98.30.153', 'This login protected page has been accessed', '1619507943'),
(214, 9, 'FormAllDynController.php', 'IPPSESSID6087babd69475', '86.98.30.153', 'This login protected page has been accessed', '1619507944'),
(215, 9, 'FormAllDynController.php', 'IPPSESSID6087babd69475', '86.98.30.153', 'This login protected page has been accessed', '1619507944'),
(216, 8, 'work_order_sales.php', 'IPPSESSID6087b8628938c', '86.98.30.153', 'This login protected page has been accessed', '1619507947'),
(217, 8, 'work_order_sales_generate.php', 'IPPSESSID6087b8628938c', '86.98.30.153', 'This login protected page has been accessed', '1619507998'),
(218, 8, 'FormAllDynController.php', 'IPPSESSID6087b8628938c', '86.98.30.153', 'This login protected page has been accessed', '1619507999'),
(219, 8, 'FormAllDynController.php', 'IPPSESSID6087b8628938c', '86.98.30.153', 'This login protected page has been accessed', '1619507999'),
(220, 10, 'work_order_sales.php', 'IPPSESSID6087c38a48f1d', '86.98.30.153', 'This login protected page has been accessed', '1619510154'),
(221, 10, 'work_order_sales_generate.php', 'IPPSESSID6087c38a48f1d', '86.98.30.153', 'This login protected page has been accessed', '1619510159'),
(222, 10, 'FormAllDynController.php', 'IPPSESSID6087c38a48f1d', '86.98.30.153', 'This login protected page has been accessed', '1619510160'),
(223, 10, 'FormAllDynController.php', 'IPPSESSID6087c38a48f1d', '86.98.30.153', 'This login protected page has been accessed', '1619510160'),
(224, 10, 'work_order_sales.php', 'IPPSESSID6087c38a48f1d', '86.98.30.153', 'This login protected page has been accessed', '1619510271'),
(225, 8, 'SalesWorkOrderSubmit.php', 'IPPSESSID6087b8628938c', '86.98.30.153', 'This login protected page has been accessed', '1619510587'),
(226, 8, 'SalesWorkOrderSubmit.php', 'IPPSESSID6087b8628938c', '86.98.30.153', 'This login protected page has been accessed', '1619510617'),
(227, 8, 'SalesWorkOrderSubmit.php', 'IPPSESSID6087b8628938c', '86.98.30.153', 'S-17 added sales order with REF: 8005 ID: 12', '1619510617'),
(228, 8, 'home.php', 'IPPSESSID6087b8628938c', '86.98.30.153', 'This login protected page has been accessed', '1619510664'),
(229, 8, 'work_order_sales.php', 'IPPSESSID6087b8628938c', '86.98.30.153', 'This login protected page has been accessed', '1619510666'),
(230, 8, 'work_order_sales_generate.php', 'IPPSESSID6087b8628938c', '86.98.30.153', 'This login protected page has been accessed', '1619510673'),
(231, 8, 'FormAllDynController.php', 'IPPSESSID6087b8628938c', '86.98.30.153', 'This login protected page has been accessed', '1619510674'),
(232, 8, 'FormAllDynController.php', 'IPPSESSID6087b8628938c', '86.98.30.153', 'This login protected page has been accessed', '1619510674'),
(233, 8, 'FormAllDynController.php', 'IPPSESSID6087b8628938c', '86.98.30.153', 'This login protected page has been accessed', '1619510674'),
(234, 8, 'FormAllDynController.php', 'IPPSESSID6087b8628938c', '86.98.30.153', 'This login protected page has been accessed', '1619510674'),
(235, 8, 'work_order_sales.php', 'IPPSESSID6087b8628938c', '86.98.30.153', 'This login protected page has been accessed', '1619510682'),
(236, 8, 'work_order_view_print.php', 'IPPSESSID6087b8628938c', '86.98.30.153', 'This login protected page has been accessed', '1619510685'),
(237, 8, 'work_order_sales.php', 'IPPSESSID6087b8628938c', '86.98.30.153', 'This login protected page has been accessed', '1619510719'),
(238, 8, 'work_order_sales_generate.php', 'IPPSESSID6087b8628938c', '86.98.30.153', 'This login protected page has been accessed', '1619510720'),
(239, 8, 'FormAllDynController.php', 'IPPSESSID6087b8628938c', '86.98.30.153', 'This login protected page has been accessed', '1619510721'),
(240, 8, 'FormAllDynController.php', 'IPPSESSID6087b8628938c', '86.98.30.153', 'This login protected page has been accessed', '1619510721'),
(241, 8, 'work_order_sales.php', 'IPPSESSID6087b8628938c', '86.98.30.153', 'This login protected page has been accessed', '1619510741'),
(242, 7, 'work_order_sales.php', 'IPPSESSID6087cb2c50f4d', '86.98.30.153', 'This login protected page has been accessed', '1619512108'),
(243, 7, 'work_order_sales_generate.php', 'IPPSESSID6087cb2c50f4d', '86.98.30.153', 'This login protected page has been accessed', '1619512110'),
(244, 7, 'FormAllDynController.php', 'IPPSESSID6087cb2c50f4d', '86.98.30.153', 'This login protected page has been accessed', '1619512114'),
(245, 7, 'FormAllDynController.php', 'IPPSESSID6087cb2c50f4d', '86.98.30.153', 'This login protected page has been accessed', '1619512114'),
(246, 13, 'SalesWorkOrderSubmit.php', 'IPPSESSID6087b3e64a8a9', '86.98.30.153', 'This login protected page has been accessed', '1619517626'),
(247, 13, 'SalesWorkOrderSubmit.php', 'IPPSESSID6087b3e64a8a9', '86.98.30.153', 'This login protected page has been accessed', '1619517711'),
(248, 13, 'work_order_sales_generate.php', 'IPPSESSID6087b3e64a8a9', '86.98.30.153', 'This login protected page has been accessed', '1619517724'),
(249, 13, 'FormAllDynController.php', 'IPPSESSID6087b3e64a8a9', '86.98.30.153', 'This login protected page has been accessed', '1619517726'),
(250, 13, 'FormAllDynController.php', 'IPPSESSID6087b3e64a8a9', '86.98.30.153', 'This login protected page has been accessed', '1619517726'),
(251, 6, 'work_order_sales_generate.php', 'IPPSESSID6086a9e0aee87', '86.98.30.153', 'This login protected page has been accessed', '1619517784'),
(252, 13, 'SalesWorkOrderSubmit.php', 'IPPSESSID6087b3e64a8a9', '86.98.30.153', 'This login protected page has been accessed', '1619517784'),
(253, 6, 'FormAllDynController.php', 'IPPSESSID6086a9e0aee87', '86.98.30.153', 'This login protected page has been accessed', '1619517784'),
(254, 6, 'FormAllDynController.php', 'IPPSESSID6086a9e0aee87', '86.98.30.153', 'This login protected page has been accessed', '1619517784'),
(255, 6, 'SalesWorkOrderSubmit.php', 'IPPSESSID6086a9e0aee87', '86.98.30.153', 'This login protected page has been accessed', '1619518284'),
(256, 6, 'SalesWorkOrderSubmit.php', 'IPPSESSID6086a9e0aee87', '86.98.30.153', 'This login protected page has been accessed', '1619518312'),
(257, 6, 'SalesWorkOrderSubmit.php', 'IPPSESSID6086a9e0aee87', '86.98.30.153', 'This login protected page has been accessed', '1619518371'),
(258, 6, 'SalesWorkOrderSubmit.php', 'IPPSESSID6086a9e0aee87', '86.98.30.153', 'S-25 added sales order with REF: 8006 ID: 13', '1619518371'),
(259, 6, 'work_order_sales.php', 'IPPSESSID6086a9e0aee87', '86.98.30.153', 'This login protected page has been accessed', '1619518376'),
(260, 6, 'work_order_sales_generate.php', 'IPPSESSID6086a9e0aee87', '86.98.30.153', 'This login protected page has been accessed', '1619518391'),
(261, 6, 'FormAllDynController.php', 'IPPSESSID6086a9e0aee87', '86.98.30.153', 'This login protected page has been accessed', '1619518392'),
(262, 6, 'FormAllDynController.php', 'IPPSESSID6086a9e0aee87', '86.98.30.153', 'This login protected page has been accessed', '1619518392'),
(263, 6, 'work_order_sales.php', 'IPPSESSID6086a9e0aee87', '86.98.30.153', 'This login protected page has been accessed', '1619518663'),
(264, 6, 'work_order_sales_generate.php', 'IPPSESSID6086a9e0aee87', '86.98.30.153', 'This login protected page has been accessed', '1619518666'),
(265, 6, 'FormAllDynController.php', 'IPPSESSID6086a9e0aee87', '86.98.30.153', 'This login protected page has been accessed', '1619518668'),
(266, 6, 'FormAllDynController.php', 'IPPSESSID6086a9e0aee87', '86.98.30.153', 'This login protected page has been accessed', '1619518668'),
(267, 6, 'FormAllDynController.php', 'IPPSESSID6086a9e0aee87', '86.98.30.153', 'This login protected page has been accessed', '1619518668'),
(268, 6, 'FormAllDynController.php', 'IPPSESSID6086a9e0aee87', '86.98.30.153', 'This login protected page has been accessed', '1619518668'),
(269, 6, 'work_order_sales_generate.php', 'IPPSESSID6086a9e0aee87', '86.98.30.153', 'This login protected page has been accessed', '1619518803'),
(270, 6, 'FormAllDynController.php', 'IPPSESSID6086a9e0aee87', '86.98.30.153', 'This login protected page has been accessed', '1619518804'),
(271, 6, 'FormAllDynController.php', 'IPPSESSID6086a9e0aee87', '86.98.30.153', 'This login protected page has been accessed', '1619518804'),
(272, 6, 'work_order_sales.php', 'IPPSESSID6086a9e0aee87', '86.98.30.153', 'This login protected page has been accessed', '1619519301'),
(273, 6, 'work_order_sales_generate.php', 'IPPSESSID6086a9e0aee87', '86.98.30.153', 'This login protected page has been accessed', '1619519304'),
(274, 6, 'FormAllDynController.php', 'IPPSESSID6086a9e0aee87', '86.98.30.153', 'This login protected page has been accessed', '1619519305'),
(275, 6, 'FormAllDynController.php', 'IPPSESSID6086a9e0aee87', '86.98.30.153', 'This login protected page has been accessed', '1619519305'),
(276, 6, 'FormAllDynController.php', 'IPPSESSID6086a9e0aee87', '86.98.30.153', 'This login protected page has been accessed', '1619519305'),
(277, 6, 'FormAllDynController.php', 'IPPSESSID6086a9e0aee87', '86.98.30.153', 'This login protected page has been accessed', '1619519305'),
(278, 6, 'work_order_sales.php', 'IPPSESSID6086a9e0aee87', '86.98.30.153', 'This login protected page has been accessed', '1619519325'),
(279, 6, 'work_order_sales.php', 'IPPSESSID6086a9e0aee87', '86.98.30.153', 'This login protected page has been accessed', '1619519379'),
(280, 6, 'work_order_sales_generate.php', 'IPPSESSID6086a9e0aee87', '86.98.30.153', 'This login protected page has been accessed', '1619519381'),
(281, 6, 'FormAllDynController.php', 'IPPSESSID6086a9e0aee87', '86.98.30.153', 'This login protected page has been accessed', '1619519382'),
(282, 6, 'FormAllDynController.php', 'IPPSESSID6086a9e0aee87', '86.98.30.153', 'This login protected page has been accessed', '1619519382'),
(283, 6, 'SalesWorkOrderSubmit.php', 'IPPSESSID6086a9e0aee87', '86.98.30.153', 'This login protected page has been accessed', '1619520015'),
(284, 6, 'SalesWorkOrderSubmit.php', 'IPPSESSID6086a9e0aee87', '86.98.30.153', 'S-25 added sales order with REF: 8007 ID: 14', '1619520015'),
(285, 6, 'work_order_sales.php', 'IPPSESSID6086a9e0aee87', '86.98.30.153', 'This login protected page has been accessed', '1619520017'),
(286, 6, 'work_order_sales_generate.php', 'IPPSESSID6086a9e0aee87', '86.98.30.153', 'This login protected page has been accessed', '1619520027'),
(287, 6, 'FormAllDynController.php', 'IPPSESSID6086a9e0aee87', '86.98.30.153', 'This login protected page has been accessed', '1619520028'),
(288, 6, 'FormAllDynController.php', 'IPPSESSID6086a9e0aee87', '86.98.30.153', 'This login protected page has been accessed', '1619520028'),
(289, 6, 'FormAllDynController.php', 'IPPSESSID6086a9e0aee87', '86.98.30.153', 'This login protected page has been accessed', '1619520028'),
(290, 6, 'FormAllDynController.php', 'IPPSESSID6086a9e0aee87', '86.98.30.153', 'This login protected page has been accessed', '1619520028'),
(291, 6, 'MainWorkOrderSubmit.php', 'IPPSESSID6086a9e0aee87', '86.98.30.153', 'This login protected page has been accessed', '1619520056'),
(292, 6, 'MainWorkOrderSubmit.php', 'IPPSESSID6086a9e0aee87', '86.98.30.153', 'S-25 published sales order with REF: 8007 ID: NA to sales verification', '1619520056'),
(293, 5, 'work_order_sales.php', 'IPPSESSID6087ea9d1abb0', '86.98.30.153', 'This login protected page has been accessed', '1619520157'),
(294, 6, 'MainWorkOrderSubmit.php', 'IPPSESSID6086a9e0aee87', '86.98.30.153', 'This login protected page has been accessed', '1619520176'),
(295, 6, 'MainWorkOrderSubmit.php', 'IPPSESSID6086a9e0aee87', '86.98.30.153', 'S-25 published sales order with REF: 8007 ID: NA to sales verification', '1619520176'),
(296, 5, 'work_order_view_print.php', 'IPPSESSID6087ea9d1abb0', '86.98.30.153', 'This login protected page has been accessed', '1619520196'),
(297, 9, 'work_order_sales_verify.php', 'IPPSESSID6087babd69475', '86.98.30.153', 'This login protected page has been accessed', '1619520260'),
(298, 9, 'work_order_sales_verify.php', 'IPPSESSID6087babd69475', '86.98.30.153', 'This login protected page has been accessed', '1619520269'),
(299, 9, 'work_order_sales_generate.php', 'IPPSESSID6087babd69475', '86.98.30.153', 'This login protected page has been accessed', '1619520287'),
(300, 9, 'FormAllDynController.php', 'IPPSESSID6087babd69475', '86.98.30.153', 'This login protected page has been accessed', '1619520287'),
(301, 9, 'FormAllDynController.php', 'IPPSESSID6087babd69475', '86.98.30.153', 'This login protected page has been accessed', '1619520287'),
(302, 9, 'work_order_sales.php', 'IPPSESSID6087babd69475', '86.98.30.153', 'This login protected page has been accessed', '1619520291'),
(303, 9, 'work_order_sales_verify.php', 'IPPSESSID6087babd69475', '86.98.30.153', 'This login protected page has been accessed', '1619520300'),
(304, 5, 'work_order_view_print.php', 'IPPSESSID6087ea9d1abb0', '86.98.30.153', 'This login protected page has been accessed', '1619520516'),
(305, 6, 'work_order_sales_generate.php', 'IPPSESSID6086a9e0aee87', '86.98.30.153', 'This login protected page has been accessed', '1619520662'),
(306, 6, 'FormAllDynController.php', 'IPPSESSID6086a9e0aee87', '86.98.30.153', 'This login protected page has been accessed', '1619520663'),
(307, 6, 'FormAllDynController.php', 'IPPSESSID6086a9e0aee87', '86.98.30.153', 'This login protected page has been accessed', '1619520663'),
(308, 6, 'FormAllDynController.php', 'IPPSESSID6086a9e0aee87', '86.98.30.153', 'This login protected page has been accessed', '1619520663'),
(309, 6, 'FormAllDynController.php', 'IPPSESSID6086a9e0aee87', '86.98.30.153', 'This login protected page has been accessed', '1619520663'),
(310, 6, 'work_order_sales_generate.php', 'IPPSESSID6086a9e0aee87', '86.98.30.153', 'This login protected page has been accessed', '1619520675'),
(311, 6, 'FormAllDynController.php', 'IPPSESSID6086a9e0aee87', '86.98.30.153', 'This login protected page has been accessed', '1619520676'),
(312, 6, 'FormAllDynController.php', 'IPPSESSID6086a9e0aee87', '86.98.30.153', 'This login protected page has been accessed', '1619520676'),
(313, 6, 'work_order_sales_generate.php', 'IPPSESSID6086a9e0aee87', '86.98.30.153', 'This login protected page has been accessed', '1619520678'),
(314, 6, 'FormAllDynController.php', 'IPPSESSID6086a9e0aee87', '86.98.30.153', 'This login protected page has been accessed', '1619520679'),
(315, 6, 'FormAllDynController.php', 'IPPSESSID6086a9e0aee87', '86.98.30.153', 'This login protected page has been accessed', '1619520679'),
(316, 7, 'work_order_tracker.php', 'IPPSESSID6087cb2c50f4d', '86.98.30.153', 'This login protected page has been accessed', '1619520771'),
(317, 7, 'work_order_sales_generate.php', 'IPPSESSID6087cb2c50f4d', '86.98.30.153', 'This login protected page has been accessed', '1619520773'),
(318, 7, 'FormAllDynController.php', 'IPPSESSID6087cb2c50f4d', '86.98.30.153', 'This login protected page has been accessed', '1619520774'),
(319, 7, 'FormAllDynController.php', 'IPPSESSID6087cb2c50f4d', '86.98.30.153', 'This login protected page has been accessed', '1619520774'),
(320, 7, 'work_order_sales.php', 'IPPSESSID6087cb2c50f4d', '86.98.30.153', 'This login protected page has been accessed', '1619520782'),
(321, 7, 'work_order_sales_generate.php', 'IPPSESSID6087cb2c50f4d', '86.98.30.153', 'This login protected page has been accessed', '1619520784'),
(322, 7, 'FormAllDynController.php', 'IPPSESSID6087cb2c50f4d', '86.98.30.153', 'This login protected page has been accessed', '1619520785'),
(323, 7, 'FormAllDynController.php', 'IPPSESSID6087cb2c50f4d', '86.98.30.153', 'This login protected page has been accessed', '1619520785'),
(324, 7, 'profile.php', 'IPPSESSID6087cb2c50f4d', '86.98.30.153', 'This login protected page has been accessed', '1619520980'),
(325, 7, 'work_order_sales_generate.php', 'IPPSESSID6087cb2c50f4d', '86.98.30.153', 'This login protected page has been accessed', '1619520982'),
(326, 7, 'FormAllDynController.php', 'IPPSESSID6087cb2c50f4d', '86.98.30.153', 'This login protected page has been accessed', '1619520983'),
(327, 7, 'FormAllDynController.php', 'IPPSESSID6087cb2c50f4d', '86.98.30.153', 'This login protected page has been accessed', '1619520983'),
(328, 1, 'home.php', 'IPPSESSID6087edd70f477', '94.203.255.182', 'This login protected page has been accessed', '1619520983'),
(329, 1, 'work_order_sales_verify.php', 'IPPSESSID6087edd70f477', '94.203.255.182', 'This login protected page has been accessed', '1619520990'),
(330, 7, 'home.php', 'IPPSESSID6087cb2c50f4d', '86.98.30.153', 'This login protected page has been accessed', '1619520990'),
(331, 7, 'home.php', 'IPPSESSID6087cb2c50f4d', '86.98.30.153', 'This login protected page has been accessed', '1619520992'),
(332, 7, 'profile.php', 'IPPSESSID6087cb2c50f4d', '86.98.30.153', 'This login protected page has been accessed', '1619520995'),
(333, 7, 'work_order_tracker.php', 'IPPSESSID6087cb2c50f4d', '86.98.30.153', 'This login protected page has been accessed', '1619520996'),
(334, 7, 'work_order_sales.php', 'IPPSESSID6087cb2c50f4d', '86.98.30.153', 'This login protected page has been accessed', '1619520997'),
(335, 7, 'work_order_sales_generate.php', 'IPPSESSID6087cb2c50f4d', '86.98.30.153', 'This login protected page has been accessed', '1619520999'),
(336, 7, 'FormAllDynController.php', 'IPPSESSID6087cb2c50f4d', '86.98.30.153', 'This login protected page has been accessed', '1619521000'),
(337, 7, 'FormAllDynController.php', 'IPPSESSID6087cb2c50f4d', '86.98.30.153', 'This login protected page has been accessed', '1619521000'),
(338, 7, 'work_order_sales.php', 'IPPSESSID6087cb2c50f4d', '86.98.30.153', 'This login protected page has been accessed', '1619521000'),
(339, 7, 'work_order_tracker.php', 'IPPSESSID6087cb2c50f4d', '86.98.30.153', 'This login protected page has been accessed', '1619521001'),
(340, 7, 'work_order_tracker.php', 'IPPSESSID6087cb2c50f4d', '86.98.30.153', 'This login protected page has been accessed', '1619521005'),
(341, 7, 'work_order_view_print.php', 'IPPSESSID6087cb2c50f4d', '86.98.30.153', 'This login protected page has been accessed', '1619521008'),
(342, 7, 'home.php', 'IPPSESSID6087cb2c50f4d', '86.98.30.153', 'This login protected page has been accessed', '1619521030'),
(343, 7, 'work_order_sales_generate.php', 'IPPSESSID6087cb2c50f4d', '86.98.30.153', 'This login protected page has been accessed', '1619521035'),
(344, 7, 'FormAllDynController.php', 'IPPSESSID6087cb2c50f4d', '86.98.30.153', 'This login protected page has been accessed', '1619521036'),
(345, 7, 'FormAllDynController.php', 'IPPSESSID6087cb2c50f4d', '86.98.30.153', 'This login protected page has been accessed', '1619521036'),
(346, 1, 'home.php', 'IPPSESSID6087eef78916e', '94.203.255.182', 'This login protected page has been accessed', '1619521271'),
(347, 6, 'SalesWorkOrderSubmit.php', 'IPPSESSID6086a9e0aee87', '86.98.30.153', 'This login protected page has been accessed', '1619521272'),
(348, 6, 'SalesWorkOrderSubmit.php', 'IPPSESSID6086a9e0aee87', '86.98.30.153', 'S-25 added sales order with REF: 8008 ID: 16', '1619521272'),
(349, 1, 'work_order_sales_verify.php', 'IPPSESSID6087eef78916e', '94.203.255.182', 'This login protected page has been accessed', '1619521273'),
(350, 6, 'work_order_sales.php', 'IPPSESSID6086a9e0aee87', '86.98.30.153', 'This login protected page has been accessed', '1619521274'),
(351, 6, 'work_order_sales_generate.php', 'IPPSESSID6086a9e0aee87', '86.98.30.153', 'This login protected page has been accessed', '1619521290'),
(352, 6, 'FormAllDynController.php', 'IPPSESSID6086a9e0aee87', '86.98.30.153', 'This login protected page has been accessed', '1619521291'),
(353, 6, 'FormAllDynController.php', 'IPPSESSID6086a9e0aee87', '86.98.30.153', 'This login protected page has been accessed', '1619521291'),
(354, 6, 'FormAllDynController.php', 'IPPSESSID6086a9e0aee87', '86.98.30.153', 'This login protected page has been accessed', '1619521291'),
(355, 6, 'FormAllDynController.php', 'IPPSESSID6086a9e0aee87', '86.98.30.153', 'This login protected page has been accessed', '1619521291'),
(356, 1, 'sales_groups.php', 'IPPSESSID6087eef78916e', '94.203.255.182', 'This login protected page has been accessed', '1619521323'),
(357, 6, 'SalesWorkOrderSubmit.php', 'IPPSESSID6086a9e0aee87', '86.98.30.153', 'This login protected page has been accessed', '1619521490'),
(358, 6, 'SalesWorkOrderSubmit.php', 'IPPSESSID6086a9e0aee87', '86.98.30.153', 'S-25 edited sales order with REF: 8004 ID: 17', '1619521490');
INSERT INTO `logcat_main` (`logcat_id`, `logcat_lum_id`, `logcat_page`, `logcat_session_hash`, `logcat_ip`, `logcat_text`, `logcat_dnt`) VALUES
(359, 6, 'work_order_sales.php', 'IPPSESSID6086a9e0aee87', '86.98.30.153', 'This login protected page has been accessed', '1619521491'),
(360, 6, 'work_order_sales_generate.php', 'IPPSESSID6086a9e0aee87', '86.98.30.153', 'This login protected page has been accessed', '1619521494'),
(361, 6, 'FormAllDynController.php', 'IPPSESSID6086a9e0aee87', '86.98.30.153', 'This login protected page has been accessed', '1619521495'),
(362, 6, 'FormAllDynController.php', 'IPPSESSID6086a9e0aee87', '86.98.30.153', 'This login protected page has been accessed', '1619521495'),
(363, 6, 'FormAllDynController.php', 'IPPSESSID6086a9e0aee87', '86.98.30.153', 'This login protected page has been accessed', '1619521495'),
(364, 6, 'FormAllDynController.php', 'IPPSESSID6086a9e0aee87', '86.98.30.153', 'This login protected page has been accessed', '1619521495'),
(365, 6, 'SalesWorkOrderSubmit.php', 'IPPSESSID6086a9e0aee87', '86.98.30.153', 'This login protected page has been accessed', '1619521534'),
(366, 6, 'SalesWorkOrderSubmit.php', 'IPPSESSID6086a9e0aee87', '86.98.30.153', 'S-25 edited sales order with REF: 8008 ID: 18', '1619521534'),
(367, 6, 'work_order_sales_generate.php', 'IPPSESSID6086a9e0aee87', '86.98.30.153', 'This login protected page has been accessed', '1619521538'),
(368, 6, 'FormAllDynController.php', 'IPPSESSID6086a9e0aee87', '86.98.30.153', 'This login protected page has been accessed', '1619521539'),
(369, 6, 'FormAllDynController.php', 'IPPSESSID6086a9e0aee87', '86.98.30.153', 'This login protected page has been accessed', '1619521539'),
(370, 6, 'FormAllDynController.php', 'IPPSESSID6086a9e0aee87', '86.98.30.153', 'This login protected page has been accessed', '1619521539'),
(371, 6, 'FormAllDynController.php', 'IPPSESSID6086a9e0aee87', '86.98.30.153', 'This login protected page has been accessed', '1619521539'),
(372, 1, 'work_order_view_print.php', 'IPPSESSID6087eef78916e', '94.203.255.182', 'This login protected page has been accessed', '1619521754'),
(373, 6, 'SalesWorkOrderSubmit.php', 'IPPSESSID6086a9e0aee87', '86.98.30.153', 'This login protected page has been accessed', '1619522024'),
(374, 6, 'SalesWorkOrderSubmit.php', 'IPPSESSID6086a9e0aee87', '86.98.30.153', 'S-25 edited sales order with REF: 8008 ID: 19', '1619522024'),
(375, 6, 'MainWorkOrderSubmit.php', 'IPPSESSID6086a9e0aee87', '86.98.30.153', 'This login protected page has been accessed', '1619522035'),
(376, 6, 'MainWorkOrderSubmit.php', 'IPPSESSID6086a9e0aee87', '86.98.30.153', 'S-25 published sales order with REF: 8008 ID: NA to sales verification', '1619522035'),
(377, 3, 'work_order_sales_verify.php', 'IPPSESSID6087f22d4bff5', '86.98.30.153', 'This login protected page has been accessed', '1619522093'),
(378, 11, 'work_order_sales.php', 'IPPSESSID6087f23209acb', '86.98.30.153', 'This login protected page has been accessed', '1619522098'),
(379, 11, 'work_order_sales_verify.php', 'IPPSESSID6087f23209acb', '86.98.30.153', 'This login protected page has been accessed', '1619522101'),
(380, 11, 'work_order_sales.php', 'IPPSESSID6087f23209acb', '86.98.30.153', 'This login protected page has been accessed', '1619522103'),
(381, 11, 'work_order_tracker.php', 'IPPSESSID6087f23209acb', '86.98.30.153', 'This login protected page has been accessed', '1619522105'),
(382, 3, 'work_order_view_print.php', 'IPPSESSID6087f22d4bff5', '86.98.30.153', 'This login protected page has been accessed', '1619522108'),
(383, 11, 'work_order_sales_verify.php', 'IPPSESSID6087f23209acb', '86.98.30.153', 'This login protected page has been accessed', '1619522115'),
(384, 11, 'work_order_sales_generate.php', 'IPPSESSID6087f23209acb', '86.98.30.153', 'This login protected page has been accessed', '1619522155'),
(385, 11, 'FormAllDynController.php', 'IPPSESSID6087f23209acb', '86.98.30.153', 'This login protected page has been accessed', '1619522156'),
(386, 11, 'FormAllDynController.php', 'IPPSESSID6087f23209acb', '86.98.30.153', 'This login protected page has been accessed', '1619522156'),
(387, 3, 'MainWorkOrderSubmit.php', 'IPPSESSID6087f22d4bff5', '86.98.30.153', 'This login protected page has been accessed', '1619522202'),
(388, 3, 'MainWorkOrderSubmit.php', 'IPPSESSID6087f22d4bff5', '86.98.30.153', 'S-03 verified sales order with REF: 8008 ID: NA and sent it to accounts', '1619522202'),
(389, 1, 'work_order_sales_verify.php', 'IPPSESSID6087eef78916e', '94.203.255.182', 'This login protected page has been accessed', '1619522211'),
(390, 1, 'admin_logs.php', 'IPPSESSID6087eef78916e', '94.203.255.182', 'This login protected page has been accessed', '1619522241'),
(391, 3, 'work_order_sales_generate.php', 'IPPSESSID6087f22d4bff5', '86.98.30.153', 'This login protected page has been accessed', '1619522287'),
(392, 3, 'FormAllDynController.php', 'IPPSESSID6087f22d4bff5', '86.98.30.153', 'This login protected page has been accessed', '1619522288'),
(393, 3, 'FormAllDynController.php', 'IPPSESSID6087f22d4bff5', '86.98.30.153', 'This login protected page has been accessed', '1619522288'),
(394, 3, 'work_order_sales.php', 'IPPSESSID6087f22d4bff5', '86.98.30.153', 'This login protected page has been accessed', '1619522292'),
(395, 1, 'work_order_sales_verify.php', 'IPPSESSID6087eef78916e', '94.203.255.182', 'This login protected page has been accessed', '1619522312'),
(396, 1, 'work_order_sales.php', 'IPPSESSID6087eef78916e', '94.203.255.182', 'This login protected page has been accessed', '1619522313'),
(397, 1, 'work_order_accounts.php', 'IPPSESSID6087eef78916e', '94.203.255.182', 'This login protected page has been accessed', '1619522339'),
(398, 1, 'AccountsController.php', 'IPPSESSID6087eef78916e', '94.203.255.182', 'This login protected page has been accessed', '1619522345'),
(399, 3, 'work_order_sales_generate.php', 'IPPSESSID6087f22d4bff5', '86.98.30.153', 'This login protected page has been accessed', '1619522384'),
(400, 3, 'FormAllDynController.php', 'IPPSESSID6087f22d4bff5', '86.98.30.153', 'This login protected page has been accessed', '1619522385'),
(401, 3, 'FormAllDynController.php', 'IPPSESSID6087f22d4bff5', '86.98.30.153', 'This login protected page has been accessed', '1619522385'),
(402, 3, 'work_order_sales_verify.php', 'IPPSESSID6087f22d4bff5', '86.98.30.153', 'This login protected page has been accessed', '1619522387'),
(403, 3, 'home.php', 'IPPSESSID6087f22d4bff5', '86.98.30.153', 'This login protected page has been accessed', '1619522411'),
(404, 3, 'profile.php', 'IPPSESSID6087f22d4bff5', '86.98.30.153', 'This login protected page has been accessed', '1619522414'),
(405, 3, 'work_order_sales_verify.php', 'IPPSESSID6087f22d4bff5', '86.98.30.153', 'This login protected page has been accessed', '1619522420'),
(406, 6, 'work_order_sales_generate.php', 'IPPSESSID6086a9e0aee87', '86.98.30.153', 'This login protected page has been accessed', '1619522543'),
(407, 6, 'FormAllDynController.php', 'IPPSESSID6086a9e0aee87', '86.98.30.153', 'This login protected page has been accessed', '1619522544'),
(408, 6, 'FormAllDynController.php', 'IPPSESSID6086a9e0aee87', '86.98.30.153', 'This login protected page has been accessed', '1619522544'),
(409, 6, 'work_order_sales.php', 'IPPSESSID6086a9e0aee87', '86.98.30.153', 'This login protected page has been accessed', '1619522545'),
(410, 11, 'SalesWorkOrderSubmit.php', 'IPPSESSID6087f23209acb', '86.98.30.153', 'This login protected page has been accessed', '1619522676'),
(411, 11, 'SalesWorkOrderSubmit.php', 'IPPSESSID6087f23209acb', '86.98.30.153', 'S-13 added sales order with REF: 8009 ID: 22', '1619522676'),
(412, 11, 'work_order_sales_verify.php', 'IPPSESSID6087f23209acb', '86.98.30.153', 'This login protected page has been accessed', '1619522677'),
(413, 11, 'work_order_sales.php', 'IPPSESSID6087f23209acb', '86.98.30.153', 'This login protected page has been accessed', '1619522679'),
(414, 6, 'work_order_sales_generate.php', 'IPPSESSID6086a9e0aee87', '86.98.30.153', 'This login protected page has been accessed', '1619522683'),
(415, 6, 'FormAllDynController.php', 'IPPSESSID6086a9e0aee87', '86.98.30.153', 'This login protected page has been accessed', '1619522684'),
(416, 6, 'FormAllDynController.php', 'IPPSESSID6086a9e0aee87', '86.98.30.153', 'This login protected page has been accessed', '1619522684'),
(417, 6, 'FormAllDynController.php', 'IPPSESSID6086a9e0aee87', '86.98.30.153', 'This login protected page has been accessed', '1619522684'),
(418, 6, 'FormAllDynController.php', 'IPPSESSID6086a9e0aee87', '86.98.30.153', 'This login protected page has been accessed', '1619522684'),
(419, 11, 'MainWorkOrderSubmit.php', 'IPPSESSID6087f23209acb', '86.98.30.153', 'This login protected page has been accessed', '1619522685'),
(420, 11, 'MainWorkOrderSubmit.php', 'IPPSESSID6087f23209acb', '86.98.30.153', 'S-13 published sales order with REF: 8009 ID: NA to sales verification', '1619522685'),
(421, 11, 'work_order_tracker.php', 'IPPSESSID6087f23209acb', '86.98.30.153', 'This login protected page has been accessed', '1619522690'),
(422, 11, 'work_order_tracker.php', 'IPPSESSID6087f23209acb', '86.98.30.153', 'This login protected page has been accessed', '1619522696'),
(423, 11, 'work_order_view_print.php', 'IPPSESSID6087f23209acb', '86.98.30.153', 'This login protected page has been accessed', '1619522698'),
(424, 11, 'work_order_tracker.php', 'IPPSESSID6087f23209acb', '86.98.30.153', 'This login protected page has been accessed', '1619522701'),
(425, 11, 'work_order_tracker.php', 'IPPSESSID6087f23209acb', '86.98.30.153', 'This login protected page has been accessed', '1619522702'),
(426, 11, 'work_order_tracker.php', 'IPPSESSID6087f23209acb', '86.98.30.153', 'This login protected page has been accessed', '1619522704'),
(427, 11, 'work_order_view_print.php', 'IPPSESSID6087f23209acb', '86.98.30.153', 'This login protected page has been accessed', '1619522706'),
(428, 11, 'work_order_tracker.php', 'IPPSESSID6087f23209acb', '86.98.30.153', 'This login protected page has been accessed', '1619522711'),
(429, 11, 'work_order_sales_verify.php', 'IPPSESSID6087f23209acb', '86.98.30.153', 'This login protected page has been accessed', '1619522714'),
(430, 11, 'MainWorkOrderSubmit.php', 'IPPSESSID6087f23209acb', '86.98.30.153', 'This login protected page has been accessed', '1619522720'),
(431, 11, 'MainWorkOrderSubmit.php', 'IPPSESSID6087f23209acb', '86.98.30.153', 'S-13 verified sales order with REF: 8009 ID: NA and sent it to accounts', '1619522720'),
(432, 11, 'work_order_sales_generate.php', 'IPPSESSID6087f23209acb', '86.98.30.153', 'This login protected page has been accessed', '1619522725'),
(433, 11, 'FormAllDynController.php', 'IPPSESSID6087f23209acb', '86.98.30.153', 'This login protected page has been accessed', '1619522726'),
(434, 11, 'FormAllDynController.php', 'IPPSESSID6087f23209acb', '86.98.30.153', 'This login protected page has been accessed', '1619522727'),
(435, 11, 'work_order_sales.php', 'IPPSESSID6087f23209acb', '86.98.30.153', 'This login protected page has been accessed', '1619522727'),
(436, 11, 'work_order_sales_verify.php', 'IPPSESSID6087f23209acb', '86.98.30.153', 'This login protected page has been accessed', '1619522729'),
(437, 11, 'work_order_tracker.php', 'IPPSESSID6087f23209acb', '86.98.30.153', 'This login protected page has been accessed', '1619522729'),
(438, 11, 'home.php', 'IPPSESSID6087f23209acb', '86.98.30.153', 'This login protected page has been accessed', '1619522734'),
(439, 11, 'profile.php', 'IPPSESSID6087f23209acb', '86.98.30.153', 'This login protected page has been accessed', '1619522736'),
(440, 6, 'work_order_sales.php', 'IPPSESSID6086a9e0aee87', '86.98.30.153', 'This login protected page has been accessed', '1619522888'),
(441, 18, 'home.php', 'IPPSESSID60880852a39c5', '86.98.30.153', 'This login protected page has been accessed', '1619527762'),
(442, 18, 'form_manager.php', 'IPPSESSID60880852a39c5', '86.98.30.153', 'This login protected page has been accessed', '1619527764'),
(443, 18, 'FormManagerController.php', 'IPPSESSID60880852a39c5', '86.98.30.153', 'This login protected page has been accessed', '1619527796'),
(444, 18, 'FormManagerController.php', 'IPPSESSID60880852a39c5', '86.98.30.153', 'This login protected page has been accessed', '1619527800'),
(445, 18, 'work_order_sales_generate.php', 'IPPSESSID60880852a39c5', '86.98.30.153', 'This login protected page has been accessed', '1619527993'),
(446, 18, 'FormAllDynController.php', 'IPPSESSID60880852a39c5', '86.98.30.153', 'This login protected page has been accessed', '1619527995'),
(447, 18, 'FormAllDynController.php', 'IPPSESSID60880852a39c5', '86.98.30.153', 'This login protected page has been accessed', '1619527995'),
(448, 18, 'FormAllDynController.php', 'IPPSESSID60880852a39c5', '86.98.30.153', 'This login protected page has been accessed', '1619528181'),
(449, 18, 'sales_groups.php', 'IPPSESSID60880852a39c5', '86.98.30.153', 'This login protected page has been accessed', '1619528388'),
(450, 1, 'work_order_sales_verify.php', 'IPPSESSID6087eef78916e', '94.203.255.182', 'This login protected page has been accessed', '1619528540'),
(451, 1, 'admin_users.php', 'IPPSESSID6087eef78916e', '94.203.255.182', 'This login protected page has been accessed', '1619528566'),
(452, 18, 'work_order_sales_generate.php', 'IPPSESSID60880852a39c5', '86.98.30.153', 'This login protected page has been accessed', '1619528585'),
(453, 18, 'FormAllDynController.php', 'IPPSESSID60880852a39c5', '86.98.30.153', 'This login protected page has been accessed', '1619528586'),
(454, 18, 'FormAllDynController.php', 'IPPSESSID60880852a39c5', '86.98.30.153', 'This login protected page has been accessed', '1619528586'),
(455, 3, 'work_order_sales_verify.php', 'IPPSESSID60880b8f84461', '94.203.255.182', 'This login protected page has been accessed', '1619528591'),
(456, 9, 'work_order_sales_generate.php', 'IPPSESSID6087babd69475', '86.98.30.153', 'This login protected page has been accessed', '1619528681'),
(457, 9, 'FormAllDynController.php', 'IPPSESSID6087babd69475', '86.98.30.153', 'This login protected page has been accessed', '1619528682'),
(458, 9, 'FormAllDynController.php', 'IPPSESSID6087babd69475', '86.98.30.153', 'This login protected page has been accessed', '1619528682'),
(459, 9, 'work_order_sales_verify.php', 'IPPSESSID6087babd69475', '86.98.30.153', 'This login protected page has been accessed', '1619528685'),
(460, 9, 'work_order_sales_verify.php', 'IPPSESSID6087babd69475', '86.98.30.153', 'This login protected page has been accessed', '1619528696'),
(461, 1, 'form_manager.php', 'IPPSESSID6087eef78916e', '94.203.255.182', 'This login protected page has been accessed', '1619528744'),
(462, 9, 'home.php', 'IPPSESSID6087babd69475', '86.98.30.153', 'This login protected page has been accessed', '1619528771'),
(463, 9, 'work_order_sales_verify.php', 'IPPSESSID6087babd69475', '86.98.30.153', 'This login protected page has been accessed', '1619528777'),
(464, 1, 'master_materials.php', 'IPPSESSID6087eef78916e', '94.203.255.182', 'This login protected page has been accessed', '1619528788'),
(465, 1, 'form_manager.php', 'IPPSESSID6087eef78916e', '94.203.255.182', 'This login protected page has been accessed', '1619528856'),
(466, 1, 'FormManagerController.php', 'IPPSESSID6087eef78916e', '94.203.255.182', 'This login protected page has been accessed', '1619528872'),
(467, 1, 'form_manager.php', 'IPPSESSID6087eef78916e', '94.203.255.182', 'This login protected page has been accessed', '1619528878'),
(468, 1, 'FormManagerController.php', 'IPPSESSID6087eef78916e', '94.203.255.182', 'This login protected page has been accessed', '1619528886'),
(469, 9, 'work_order_sales_verify.php', 'IPPSESSID6087babd69475', '86.98.30.153', 'This login protected page has been accessed', '1619528909'),
(470, 9, 'work_order_sales_generate.php', 'IPPSESSID6087babd69475', '86.98.30.153', 'This login protected page has been accessed', '1619528916'),
(471, 9, 'FormAllDynController.php', 'IPPSESSID6087babd69475', '86.98.30.153', 'This login protected page has been accessed', '1619528916'),
(472, 9, 'FormAllDynController.php', 'IPPSESSID6087babd69475', '86.98.30.153', 'This login protected page has been accessed', '1619528916'),
(473, 9, 'work_order_sales.php', 'IPPSESSID6087babd69475', '86.98.30.153', 'This login protected page has been accessed', '1619528918'),
(474, 9, 'work_order_sales_verify.php', 'IPPSESSID6087babd69475', '86.98.30.153', 'This login protected page has been accessed', '1619528920'),
(475, 9, 'work_order_sales_generate.php', 'IPPSESSID6087babd69475', '86.98.30.153', 'This login protected page has been accessed', '1619528922'),
(476, 9, 'FormAllDynController.php', 'IPPSESSID6087babd69475', '86.98.30.153', 'This login protected page has been accessed', '1619528922'),
(477, 9, 'FormAllDynController.php', 'IPPSESSID6087babd69475', '86.98.30.153', 'This login protected page has been accessed', '1619528922'),
(478, 9, 'profile.php', 'IPPSESSID6087babd69475', '86.98.30.153', 'This login protected page has been accessed', '1619528936'),
(479, 9, 'home.php', 'IPPSESSID6087babd69475', '86.98.30.153', 'This login protected page has been accessed', '1619528948'),
(480, 9, 'work_order_tracker.php', 'IPPSESSID6087babd69475', '86.98.30.153', 'This login protected page has been accessed', '1619528954'),
(481, 9, 'work_order_tracker.php', 'IPPSESSID6087babd69475', '86.98.30.153', 'This login protected page has been accessed', '1619528963'),
(482, 9, 'work_order_view_print.php', 'IPPSESSID6087babd69475', '86.98.30.153', 'This login protected page has been accessed', '1619528970'),
(483, 9, 'work_order_tracker.php', 'IPPSESSID6087babd69475', '86.98.30.153', 'This login protected page has been accessed', '1619528987'),
(484, 9, 'work_order_sales_verify.php', 'IPPSESSID6087babd69475', '86.98.30.153', 'This login protected page has been accessed', '1619528989'),
(485, 1, 'form_manager.php', 'IPPSESSID6087eef78916e', '94.203.255.182', 'This login protected page has been accessed', '1619528992'),
(486, 1, 'FormManagerController.php', 'IPPSESSID6087eef78916e', '94.203.255.182', 'This login protected page has been accessed', '1619529084'),
(487, 1, 'form_manager.php', 'IPPSESSID6087eef78916e', '94.203.255.182', 'This login protected page has been accessed', '1619529084'),
(488, 1, 'sales_groups.php', 'IPPSESSID6087eef78916e', '94.203.255.182', 'This login protected page has been accessed', '1619529120'),
(489, 1, 'work_order_sales.php', 'IPPSESSID6087eef78916e', '94.203.255.182', 'This login protected page has been accessed', '1619529149'),
(490, 1, 'sales_groups.php', 'IPPSESSID6087eef78916e', '94.203.255.182', 'This login protected page has been accessed', '1619529155'),
(491, 1, 'work_order_sales.php', 'IPPSESSID6087eef78916e', '94.203.255.182', 'This login protected page has been accessed', '1619529166'),
(492, 9, 'work_order_sales_verify.php', 'IPPSESSID6087babd69475', '86.98.30.153', 'This login protected page has been accessed', '1619529466'),
(493, 1, 'home.php', 'IPPSESSID6087eef78916e', '94.203.255.182', 'This login protected page has been accessed', '1619530370'),
(494, 9, 'work_order_sales_verify.php', 'IPPSESSID6088128f57520', '94.203.255.182', 'This login protected page has been accessed', '1619530383'),
(495, 9, 'work_order_sales.php', 'IPPSESSID6088128f57520', '94.203.255.182', 'This login protected page has been accessed', '1619530385'),
(496, 9, 'work_order_sales.php', 'IPPSESSID6088128f57520', '94.203.255.182', 'This login protected page has been accessed', '1619530441'),
(497, 10, 'work_order_sales.php', 'IPPSESSID6088fdd6895b1', '86.98.30.153', 'This login protected page has been accessed', '1619590614'),
(498, 10, 'work_order_sales_generate.php', 'IPPSESSID6088fdd6895b1', '86.98.30.153', 'This login protected page has been accessed', '1619590677'),
(499, 10, 'FormAllDynController.php', 'IPPSESSID6088fdd6895b1', '86.98.30.153', 'This login protected page has been accessed', '1619590678'),
(500, 10, 'FormAllDynController.php', 'IPPSESSID6088fdd6895b1', '86.98.30.153', 'This login protected page has been accessed', '1619590678'),
(501, 10, 'SalesWorkOrderSubmit.php', 'IPPSESSID6088fdd6895b1', '86.98.30.153', 'This login protected page has been accessed', '1619591026'),
(502, 10, 'SalesWorkOrderSubmit.php', 'IPPSESSID6088fdd6895b1', '86.98.30.153', 'S-26 added sales order with REF: 8010 ID: 25', '1619591026'),
(503, 10, 'work_order_sales.php', 'IPPSESSID6088fdd6895b1', '86.98.30.153', 'This login protected page has been accessed', '1619591027'),
(504, 10, 'MainWorkOrderSubmit.php', 'IPPSESSID6088fdd6895b1', '86.98.30.153', 'This login protected page has been accessed', '1619591032'),
(505, 10, 'MainWorkOrderSubmit.php', 'IPPSESSID6088fdd6895b1', '86.98.30.153', 'S-26 published sales order with REF: 8010 ID: NA to sales verification', '1619591032'),
(506, 9, 'work_order_sales_verify.php', 'IPPSESSID608900d53a5cf', '86.98.30.153', 'This login protected page has been accessed', '1619591381'),
(507, 9, 'work_order_sales_verify.php', 'IPPSESSID608900d53a5cf', '86.98.30.153', 'This login protected page has been accessed', '1619591386'),
(508, 9, 'work_order_sales_verify.php', 'IPPSESSID608900d53a5cf', '86.98.30.153', 'This login protected page has been accessed', '1619591390'),
(509, 9, 'work_order_sales_verify.php', 'IPPSESSID608900d53a5cf', '86.98.30.153', 'This login protected page has been accessed', '1619591393'),
(510, 9, 'work_order_sales_generate.php', 'IPPSESSID608900d53a5cf', '86.98.30.153', 'This login protected page has been accessed', '1619591402'),
(511, 9, 'FormAllDynController.php', 'IPPSESSID608900d53a5cf', '86.98.30.153', 'This login protected page has been accessed', '1619591403'),
(512, 9, 'FormAllDynController.php', 'IPPSESSID608900d53a5cf', '86.98.30.153', 'This login protected page has been accessed', '1619591403'),
(513, 9, 'work_order_sales.php', 'IPPSESSID608900d53a5cf', '86.98.30.153', 'This login protected page has been accessed', '1619591458'),
(514, 9, 'work_order_sales_generate.php', 'IPPSESSID608900d53a5cf', '86.98.30.153', 'This login protected page has been accessed', '1619591478'),
(515, 9, 'FormAllDynController.php', 'IPPSESSID608900d53a5cf', '86.98.30.153', 'This login protected page has been accessed', '1619591478'),
(516, 9, 'FormAllDynController.php', 'IPPSESSID608900d53a5cf', '86.98.30.153', 'This login protected page has been accessed', '1619591478'),
(517, 9, 'FormAllDynController.php', 'IPPSESSID608900d53a5cf', '86.98.30.153', 'This login protected page has been accessed', '1619591479'),
(518, 9, 'FormAllDynController.php', 'IPPSESSID608900d53a5cf', '86.98.30.153', 'This login protected page has been accessed', '1619591479'),
(519, 9, 'work_order_view_print.php', 'IPPSESSID608900d53a5cf', '86.98.30.153', 'This login protected page has been accessed', '1619591501'),
(520, 9, 'work_order_sales_generate.php', 'IPPSESSID608900d53a5cf', '86.98.30.153', 'This login protected page has been accessed', '1619591802'),
(521, 9, 'FormAllDynController.php', 'IPPSESSID608900d53a5cf', '86.98.30.153', 'This login protected page has been accessed', '1619591803'),
(522, 9, 'FormAllDynController.php', 'IPPSESSID608900d53a5cf', '86.98.30.153', 'This login protected page has been accessed', '1619591803'),
(523, 9, 'work_order_sales_verify.php', 'IPPSESSID608900d53a5cf', '86.98.30.153', 'This login protected page has been accessed', '1619597793'),
(524, 9, 'work_order_sales.php', 'IPPSESSID608900d53a5cf', '86.98.30.153', 'This login protected page has been accessed', '1619597803'),
(525, 1, 'home.php', 'IPPSESSID60892871d558f', '94.203.255.182', 'This login protected page has been accessed', '1619601522'),
(526, 1, 'admin_logs.php', 'IPPSESSID60892871d558f', '94.203.255.182', 'This login protected page has been accessed', '1619601526'),
(527, 1, 'work_order_sales.php', 'IPPSESSID60892871d558f', '94.203.255.182', 'This login protected page has been accessed', '1619601538'),
(528, 1, 'work_order_accounts.php', 'IPPSESSID60892871d558f', '94.203.255.182', 'This login protected page has been accessed', '1619601664'),
(529, 1, 'work_order_technical_verify.php', 'IPPSESSID60892871d558f', '94.203.255.182', 'This login protected page has been accessed', '1619601741'),
(530, 1, 'work_order_technical.php', 'IPPSESSID60892871d558f', '94.203.255.182', 'This login protected page has been accessed', '1619601744'),
(531, 1, 'work_order_all_complete.php', 'IPPSESSID60892871d558f', '94.203.255.182', 'This login protected page has been accessed', '1619601771'),
(532, 1, 'work_order_all.php', 'IPPSESSID60892871d558f', '94.203.255.182', 'This login protected page has been accessed', '1619601774'),
(533, 1, 'AllControllerTable.php', 'IPPSESSID60892871d558f', '94.203.255.182', 'This login protected page has been accessed', '1619601775'),
(534, 1, 'admin_logs.php', 'IPPSESSID60892871d558f', '94.203.255.182', 'This login protected page has been accessed', '1619601872'),
(535, 6, 'work_order_sales_generate.php', 'IPPSESSID6086a9e0aee87', '86.98.30.153', 'This login protected page has been accessed', '1619608211'),
(536, 6, 'FormAllDynController.php', 'IPPSESSID6086a9e0aee87', '86.98.30.153', 'This login protected page has been accessed', '1619608212'),
(537, 6, 'FormAllDynController.php', 'IPPSESSID6086a9e0aee87', '86.98.30.153', 'This login protected page has been accessed', '1619608212'),
(538, 9, 'work_order_sales_verify.php', 'IPPSESSID608944db4b842', '86.98.30.153', 'This login protected page has been accessed', '1619608795'),
(539, 9, 'work_order_sales_verify.php', 'IPPSESSID608944db4b842', '86.98.30.153', 'This login protected page has been accessed', '1619676732'),
(540, 9, 'work_order_sales_verify.php', 'IPPSESSID608944db4b842', '86.98.30.153', 'This login protected page has been accessed', '1619676737'),
(541, 9, 'work_order_sales.php', 'IPPSESSID608944db4b842', '86.98.30.153', 'This login protected page has been accessed', '1619676743'),
(542, 7, 'work_order_sales.php', 'IPPSESSID608a60bf59052', '86.98.30.153', 'This login protected page has been accessed', '1619681471'),
(543, 7, 'work_order_sales_generate.php', 'IPPSESSID608a60bf59052', '86.98.30.153', 'This login protected page has been accessed', '1619681474'),
(544, 7, 'FormAllDynController.php', 'IPPSESSID608a60bf59052', '86.98.30.153', 'This login protected page has been accessed', '1619681475'),
(545, 7, 'FormAllDynController.php', 'IPPSESSID608a60bf59052', '86.98.30.153', 'This login protected page has been accessed', '1619681475'),
(546, 7, 'work_order_tracker.php', 'IPPSESSID608a60bf59052', '86.98.30.153', 'This login protected page has been accessed', '1619681475'),
(547, 7, 'work_order_tracker.php', 'IPPSESSID608a60bf59052', '86.98.30.153', 'This login protected page has been accessed', '1619681478'),
(548, 7, 'work_order_view_print.php', 'IPPSESSID608a60bf59052', '86.98.30.153', 'This login protected page has been accessed', '1619681480'),
(549, 1, 'home.php', 'IPPSESSID608a7ecd2cf4b', '94.203.255.182', 'This login protected page has been accessed', '1619689165'),
(550, 1, 'admin_logs.php', 'IPPSESSID608a7ecd2cf4b', '94.203.255.182', 'This login protected page has been accessed', '1619689171'),
(551, 1, 'work_order_sales.php', 'IPPSESSID608a7ecd2cf4b', '94.203.255.182', 'This login protected page has been accessed', '1619689182'),
(552, 1, 'admin_logs.php', 'IPPSESSID608a7ecd2cf4b', '94.203.255.182', 'This login protected page has been accessed', '1619689203'),
(553, 1, 'admin_logs.php', 'IPPSESSID608a7ecd2cf4b', '94.203.255.182', 'This login protected page has been accessed', '1619689296'),
(554, 1, 'home.php', 'IPPSESSID608a7ecd2cf4b', '94.203.255.182', 'This login protected page has been accessed', '1619690267'),
(555, 1, 'profile.php', 'IPPSESSID608a7ecd2cf4b', '94.203.255.182', 'This login protected page has been accessed', '1619690276'),
(556, 1, 'home.php', 'IPPSESSID608a7ecd2cf4b', '94.203.255.182', 'This login protected page has been accessed', '1619690280'),
(557, 1, 'admin_logs.php', 'IPPSESSID608a7ecd2cf4b', '94.203.255.182', 'This login protected page has been accessed', '1619690280'),
(558, 1, 'profile.php', 'IPPSESSID608a7ecd2cf4b', '94.203.255.182', 'This login protected page has been accessed', '1619690284'),
(559, 1, 'master_clients.php', 'IPPSESSID608a7ecd2cf4b', '94.203.255.182', 'This login protected page has been accessed', '1619690286'),
(560, 1, 'ClientsController.php', 'IPPSESSID608a7ecd2cf4b', '94.203.255.182', 'This login protected page has been accessed', '1619690299'),
(561, 1, 'home.php', 'IPPSESSID608a7ecd2cf4b', '94.203.255.182', 'This login protected page has been accessed', '1619690341'),
(562, 1, 'home.php', 'IPPSESSID608a7ecd2cf4b', '94.203.255.182', 'This login protected page has been accessed', '1619690345'),
(563, 1, 'master_clients.php', 'IPPSESSID608a7ecd2cf4b', '94.203.255.182', 'This login protected page has been accessed', '1619690348'),
(564, 1, 'ClientsController.php', 'IPPSESSID608a7ecd2cf4b', '94.203.255.182', 'This login protected page has been accessed', '1619690350'),
(565, 1, 'master_clients.php', 'IPPSESSID608a7ecd2cf4b', '94.203.255.182', 'This login protected page has been accessed', '1619690354'),
(566, 1, 'ClientsController.php', 'IPPSESSID608a7ecd2cf4b', '94.203.255.182', 'This login protected page has been accessed', '1619690363'),
(567, 1, 'ClientsController.php', 'IPPSESSID608a7ecd2cf4b', '94.203.255.182', 'This login protected page has been accessed', '1619690382'),
(568, 1, 'master_clients.php', 'IPPSESSID608a7ecd2cf4b', '94.203.255.182', 'This login protected page has been accessed', '1619690383'),
(569, 1, 'sales_groups.php', 'IPPSESSID608a7ecd2cf4b', '94.203.255.182', 'This login protected page has been accessed', '1619690396'),
(570, 1, 'work_order_sales.php', 'IPPSESSID608a7ecd2cf4b', '94.203.255.182', 'This login protected page has been accessed', '1619690396'),
(571, 1, 'work_order_view_print.php', 'IPPSESSID608a7ecd2cf4b', '94.203.255.182', 'This login protected page has been accessed', '1619690422'),
(572, 1, 'work_order_sales_generate.php', 'IPPSESSID608a7ecd2cf4b', '94.203.255.182', 'This login protected page has been accessed', '1619690433'),
(573, 1, 'FormAllDynController.php', 'IPPSESSID608a7ecd2cf4b', '94.203.255.182', 'This login protected page has been accessed', '1619690434'),
(574, 1, 'FormAllDynController.php', 'IPPSESSID608a7ecd2cf4b', '94.203.255.182', 'This login protected page has been accessed', '1619690434'),
(575, 1, 'FormAllDynController.php', 'IPPSESSID608a7ecd2cf4b', '94.203.255.182', 'This login protected page has been accessed', '1619690434'),
(576, 1, 'FormAllDynController.php', 'IPPSESSID608a7ecd2cf4b', '94.203.255.182', 'This login protected page has been accessed', '1619690434'),
(577, 1, 'SalesWorkOrderSubmit.php', 'IPPSESSID608a7ecd2cf4b', '94.203.255.182', 'This login protected page has been accessed', '1619690452'),
(578, 6, 'work_order_sales.php', 'IPPSESSID608a8c3a1055a', '86.98.30.153', 'This login protected page has been accessed', '1619692602'),
(579, 6, 'work_order_sales_generate.php', 'IPPSESSID608a8c3a1055a', '86.98.30.153', 'This login protected page has been accessed', '1619692604'),
(580, 6, 'FormAllDynController.php', 'IPPSESSID608a8c3a1055a', '86.98.30.153', 'This login protected page has been accessed', '1619692605'),
(581, 6, 'FormAllDynController.php', 'IPPSESSID608a8c3a1055a', '86.98.30.153', 'This login protected page has been accessed', '1619692605'),
(582, 6, 'work_order_tracker.php', 'IPPSESSID608a8c3a1055a', '86.98.30.153', 'This login protected page has been accessed', '1619692606'),
(583, 6, 'home.php', 'IPPSESSID608a8c3a1055a', '86.98.30.153', 'This login protected page has been accessed', '1619692607'),
(584, 6, 'work_order_tracker.php', 'IPPSESSID608a8c3a1055a', '86.98.30.153', 'This login protected page has been accessed', '1619692609'),
(585, 6, 'home.php', 'IPPSESSID608a8c3a1055a', '86.98.30.153', 'This login protected page has been accessed', '1619692800'),
(586, 6, 'profile.php', 'IPPSESSID608a8c3a1055a', '86.98.30.153', 'This login protected page has been accessed', '1619692804'),
(587, 6, 'work_order_sales.php', 'IPPSESSID608a8c3a1055a', '86.98.30.153', 'This login protected page has been accessed', '1619692806'),
(588, 6, 'work_order_sales_generate.php', 'IPPSESSID608a8c3a1055a', '86.98.30.153', 'This login protected page has been accessed', '1619692807'),
(589, 6, 'FormAllDynController.php', 'IPPSESSID608a8c3a1055a', '86.98.30.153', 'This login protected page has been accessed', '1619692808'),
(590, 6, 'FormAllDynController.php', 'IPPSESSID608a8c3a1055a', '86.98.30.153', 'This login protected page has been accessed', '1619692808'),
(591, 18, 'home.php', 'IPPSESSID608a8e4352135', '86.98.30.153', 'This login protected page has been accessed', '1619693123'),
(592, 18, 'admin_users.php', 'IPPSESSID608a8e4352135', '86.98.30.153', 'This login protected page has been accessed', '1619693127'),
(593, 18, 'form_manager.php', 'IPPSESSID608a8e4352135', '86.98.30.153', 'This login protected page has been accessed', '1619693129'),
(594, 18, 'master_materials.php', 'IPPSESSID608a8e4352135', '86.98.30.153', 'This login protected page has been accessed', '1619693182'),
(595, 18, 'MaterialsController.php', 'IPPSESSID608a8e4352135', '86.98.30.153', 'This login protected page has been accessed', '1619693309'),
(596, 18, 'MaterialsController.php', 'IPPSESSID608a8e4352135', '86.98.30.153', 'This login protected page has been accessed', '1619693316'),
(597, 18, 'MaterialsController.php', 'IPPSESSID608a8e4352135', '86.98.30.153', 'This login protected page has been accessed', '1619693327'),
(598, 18, 'master_materials.php', 'IPPSESSID608a8e4352135', '86.98.30.153', 'This login protected page has been accessed', '1619693340'),
(599, 18, 'MaterialsController.php', 'IPPSESSID608a8e4352135', '86.98.30.153', 'This login protected page has been accessed', '1619693349'),
(600, 18, 'FormManagerController.php', 'IPPSESSID608a8e4352135', '86.98.30.153', 'This login protected page has been accessed', '1619693420'),
(601, 18, 'form_manager.php', 'IPPSESSID608a8e4352135', '86.98.30.153', 'This login protected page has been accessed', '1619693420'),
(602, 1, 'home.php', 'IPPSESSID608a8f7f8dbbb', '94.203.255.182', 'This login protected page has been accessed', '1619693439'),
(603, 1, 'master_materials.php', 'IPPSESSID608a8f7f8dbbb', '94.203.255.182', 'This login protected page has been accessed', '1619693442'),
(604, 18, 'FormManagerController.php', 'IPPSESSID608a8e4352135', '86.98.30.153', 'This login protected page has been accessed', '1619693541'),
(605, 18, 'form_manager.php', 'IPPSESSID608a8e4352135', '86.98.30.153', 'This login protected page has been accessed', '1619693541'),
(606, 18, 'FormManagerController.php', 'IPPSESSID608a8e4352135', '86.98.30.153', 'This login protected page has been accessed', '1619693548'),
(607, 18, 'form_manager.php', 'IPPSESSID608a8e4352135', '86.98.30.153', 'This login protected page has been accessed', '1619693548'),
(608, 18, 'FormManagerController.php', 'IPPSESSID608a8e4352135', '86.98.30.153', 'This login protected page has been accessed', '1619693556'),
(609, 18, 'form_manager.php', 'IPPSESSID608a8e4352135', '86.98.30.153', 'This login protected page has been accessed', '1619693556'),
(610, 18, 'FormManagerController.php', 'IPPSESSID608a8e4352135', '86.98.30.153', 'This login protected page has been accessed', '1619693584'),
(611, 18, 'form_manager.php', 'IPPSESSID608a8e4352135', '86.98.30.153', 'This login protected page has been accessed', '1619693584'),
(612, 1, 'home.php', 'IPPSESSID608a901d281e1', '94.203.255.182', 'This login protected page has been accessed', '1619693597'),
(613, 1, 'admin_logs.php', 'IPPSESSID608a901d88b7b', '94.203.255.182', 'This login protected page has been accessed', '1619693602'),
(614, 18, 'FormManagerController.php', 'IPPSESSID608a8e4352135', '86.98.30.153', 'This login protected page has been accessed', '1619693606'),
(615, 18, 'form_manager.php', 'IPPSESSID608a8e4352135', '86.98.30.153', 'This login protected page has been accessed', '1619693606'),
(616, 1, 'master_materials.php', 'IPPSESSID608a901d88b7b', '94.203.255.182', 'This login protected page has been accessed', '1619693616'),
(617, 1, 'admin_logs.php', 'IPPSESSID608a901d88b7b', '94.203.255.182', 'This login protected page has been accessed', '1619693626'),
(618, 18, 'FormManagerController.php', 'IPPSESSID608a8e4352135', '86.98.30.153', 'This login protected page has been accessed', '1619693631'),
(619, 18, 'form_manager.php', 'IPPSESSID608a8e4352135', '86.98.30.153', 'This login protected page has been accessed', '1619693631'),
(620, 18, 'FormManagerController.php', 'IPPSESSID608a8e4352135', '86.98.30.153', 'This login protected page has been accessed', '1619693645'),
(621, 18, 'form_manager.php', 'IPPSESSID608a8e4352135', '86.98.30.153', 'This login protected page has been accessed', '1619693646'),
(622, 18, 'FormManagerController.php', 'IPPSESSID608a8e4352135', '86.98.30.153', 'This login protected page has been accessed', '1619693664'),
(623, 18, 'form_manager.php', 'IPPSESSID608a8e4352135', '86.98.30.153', 'This login protected page has been accessed', '1619693665'),
(624, 18, 'FormManagerController.php', 'IPPSESSID608a8e4352135', '86.98.30.153', 'This login protected page has been accessed', '1619693680'),
(625, 18, 'form_manager.php', 'IPPSESSID608a8e4352135', '86.98.30.153', 'This login protected page has been accessed', '1619693680'),
(626, 1, 'admin_logs.php', 'IPPSESSID608a901d88b7b', '94.203.255.182', 'This login protected page has been accessed', '1619693725'),
(627, 7, 'home.php', 'IPPSESSID608a60bf59052', '86.98.30.153', 'This login protected page has been accessed', '1619693729'),
(628, 1, 'admin_logs.php', 'IPPSESSID608a901d88b7b', '94.203.255.182', 'This login protected page has been accessed', '1619693730'),
(629, 7, 'work_order_sales_generate.php', 'IPPSESSID608a60bf59052', '86.98.30.153', 'This login protected page has been accessed', '1619693731'),
(630, 7, 'FormAllDynController.php', 'IPPSESSID608a60bf59052', '86.98.30.153', 'This login protected page has been accessed', '1619693732'),
(631, 7, 'FormAllDynController.php', 'IPPSESSID608a60bf59052', '86.98.30.153', 'This login protected page has been accessed', '1619693732'),
(632, 18, 'master_materials.php', 'IPPSESSID608a8e4352135', '86.98.30.153', 'This login protected page has been accessed', '1619693741'),
(633, 1, 'admin_logs.php', 'IPPSESSID608a901d88b7b', '94.203.255.182', 'This login protected page has been accessed', '1619693741'),
(634, 1, 'admin_logs.php', 'IPPSESSID608a901d88b7b', '94.203.255.182', 'This login protected page has been accessed', '1619693748'),
(635, 18, 'MaterialsController.php', 'IPPSESSID608a8e4352135', '86.98.30.153', 'This login protected page has been accessed', '1619693749'),
(636, 18, 'master_materials.php', 'IPPSESSID608a8e4352135', '86.98.30.153', 'This login protected page has been accessed', '1619693749'),
(637, 1, 'admin_logs.php', 'IPPSESSID608a901d88b7b', '94.203.255.182', 'This login protected page has been accessed', '1619693751'),
(638, 18, 'MaterialsController.php', 'IPPSESSID608a8e4352135', '86.98.30.153', 'This login protected page has been accessed', '1619693811'),
(639, 18, 'master_materials.php', 'IPPSESSID608a8e4352135', '86.98.30.153', 'This login protected page has been accessed', '1619693811'),
(640, 18, 'MaterialsController.php', 'IPPSESSID608a8e4352135', '86.98.30.153', 'This login protected page has been accessed', '1619693813'),
(641, 18, 'master_materials.php', 'IPPSESSID608a8e4352135', '86.98.30.153', 'This login protected page has been accessed', '1619693813'),
(642, 18, 'MaterialsController.php', 'IPPSESSID608a8e4352135', '86.98.30.153', 'This login protected page has been accessed', '1619693821'),
(643, 18, 'master_materials.php', 'IPPSESSID608a8e4352135', '86.98.30.153', 'This login protected page has been accessed', '1619693822'),
(644, 1, 'admin_logs.php', 'IPPSESSID608a901d88b7b', '94.203.255.182', 'This login protected page has been accessed', '1619693833'),
(645, 18, 'MaterialsController.php', 'IPPSESSID608a8e4352135', '86.98.30.153', 'This login protected page has been accessed', '1619693902'),
(646, 18, 'master_materials.php', 'IPPSESSID608a8e4352135', '86.98.30.153', 'This login protected page has been accessed', '1619693902'),
(647, 18, 'MaterialsController.php', 'IPPSESSID608a8e4352135', '86.98.30.153', 'This login protected page has been accessed', '1619693926'),
(648, 18, 'master_materials.php', 'IPPSESSID608a8e4352135', '86.98.30.153', 'This login protected page has been accessed', '1619693926'),
(649, 6, 'FormAllDynController.php', 'IPPSESSID608a8c3a1055a', '86.98.30.153', 'This login protected page has been accessed', '1619694161'),
(650, 6, 'SalesWorkOrderSubmit.php', 'IPPSESSID608a8c3a1055a', '86.98.30.153', 'This login protected page has been accessed', '1619694436'),
(651, 6, 'SalesWorkOrderSubmit.php', 'IPPSESSID608a8c3a1055a', '86.98.30.153', 'S-25 added sales order with REF: 8011 ID: 27', '1619694436'),
(652, 6, 'work_order_sales.php', 'IPPSESSID608a8c3a1055a', '86.98.30.153', 'This login protected page has been accessed', '1619694441'),
(653, 1, 'admin_logs.php', 'IPPSESSID608a901d88b7b', '94.203.255.182', 'This login protected page has been accessed', '1619717236'),
(654, 1, 'work_order_sales.php', 'IPPSESSID608a901d88b7b', '94.203.255.182', 'This login protected page has been accessed', '1619717299'),
(655, 7, 'work_order_sales.php', 'IPPSESSID608ceedb8cd5c', '86.98.30.153', 'This login protected page has been accessed', '1619848923'),
(656, 7, 'work_order_sales_generate.php', 'IPPSESSID608ceedb8cd5c', '86.98.30.153', 'This login protected page has been accessed', '1619848926'),
(657, 7, 'FormAllDynController.php', 'IPPSESSID608ceedb8cd5c', '86.98.30.153', 'This login protected page has been accessed', '1619848927'),
(658, 7, 'FormAllDynController.php', 'IPPSESSID608ceedb8cd5c', '86.98.30.153', 'This login protected page has been accessed', '1619848927'),
(659, 7, 'work_order_tracker.php', 'IPPSESSID608ceedb8cd5c', '86.98.30.153', 'This login protected page has been accessed', '1619849502'),
(660, 7, 'work_order_sales_generate.php', 'IPPSESSID608ceedb8cd5c', '86.98.30.153', 'This login protected page has been accessed', '1619849505'),
(661, 7, 'FormAllDynController.php', 'IPPSESSID608ceedb8cd5c', '86.98.30.153', 'This login protected page has been accessed', '1619849506'),
(662, 7, 'FormAllDynController.php', 'IPPSESSID608ceedb8cd5c', '86.98.30.153', 'This login protected page has been accessed', '1619849506'),
(663, 1, 'home.php', 'IPPSESSID608d1fc6b57c7', '94.203.255.182', 'This login protected page has been accessed', '1619861447'),
(664, 1, 'admin_logs.php', 'IPPSESSID608d1fc6b57c7', '94.203.255.182', 'This login protected page has been accessed', '1619861450'),
(665, 1, 'work_order_sales.php', 'IPPSESSID608d1fc6b57c7', '94.203.255.182', 'This login protected page has been accessed', '1619861735'),
(666, 1, 'admin_users.php', 'IPPSESSID608d1fc6b57c7', '94.203.255.182', 'This login protected page has been accessed', '1619861747'),
(667, 1, 'AdminController.php', 'IPPSESSID608d1fc6b57c7', '94.203.255.182', 'This login protected page has been accessed', '1619861978'),
(668, 1, 'AdminController.php', 'IPPSESSID608d1fc6b57c7', '94.203.255.182', 'User : SU-1 has been added by MD-0', '1619861978'),
(669, 1, 'admin_logs.php', 'IPPSESSID608d1fc6b57c7', '94.203.255.182', 'This login protected page has been accessed', '1619861981'),
(670, 1, 'home.php', 'IPPSESSID608d2256c6def', '94.203.255.182', 'This login protected page has been accessed', '1619862103'),
(671, 1, 'home.php', 'IPPSESSID608d2256c6def', '94.203.255.182', 'This login protected page has been accessed', '1619862116'),
(672, 1, 'admin_logs.php', 'IPPSESSID608d2256c6def', '94.203.255.182', 'This login protected page has been accessed', '1619862118'),
(673, 11, 'work_order_sales.php', 'IPPSESSID608e7df6913b0', '86.98.30.153', 'This login protected page has been accessed', '1619951094'),
(674, 11, 'work_order_sales_verify.php', 'IPPSESSID608e7df6913b0', '86.98.30.153', 'This login protected page has been accessed', '1619951096'),
(675, 11, 'MainWorkOrderSubmit.php', 'IPPSESSID608e7df6913b0', '86.98.30.153', 'This login protected page has been accessed', '1619951102'),
(676, 11, 'MainWorkOrderSubmit.php', 'IPPSESSID608e7df6913b0', '86.98.30.153', 'S-13 verified sales order with REF: 8010 ID: NA and sent it to accounts', '1619951102'),
(677, 11, 'work_order_sales_generate.php', 'IPPSESSID608e7df6913b0', '86.98.30.153', 'This login protected page has been accessed', '1619951104'),
(678, 11, 'FormAllDynController.php', 'IPPSESSID608e7df6913b0', '86.98.30.153', 'This login protected page has been accessed', '1619951106'),
(679, 11, 'FormAllDynController.php', 'IPPSESSID608e7df6913b0', '86.98.30.153', 'This login protected page has been accessed', '1619951106'),
(680, 11, 'work_order_sales.php', 'IPPSESSID608e7df6913b0', '86.98.30.153', 'This login protected page has been accessed', '1619951106'),
(681, 11, 'work_order_tracker.php', 'IPPSESSID608e7df6913b0', '86.98.30.153', 'This login protected page has been accessed', '1619951109'),
(682, 11, 'work_order_tracker.php', 'IPPSESSID608e7df6913b0', '86.98.30.153', 'This login protected page has been accessed', '1619951112'),
(683, 11, 'work_order_view_print.php', 'IPPSESSID608e7df6913b0', '86.98.30.153', 'This login protected page has been accessed', '1619951114'),
(684, 11, 'work_order_tracker.php', 'IPPSESSID608e7df6913b0', '86.98.30.153', 'This login protected page has been accessed', '1619951118'),
(685, 11, 'work_order_sales_verify.php', 'IPPSESSID608e7df6913b0', '86.98.30.153', 'This login protected page has been accessed', '1619951121'),
(686, 11, 'work_order_sales_generate.php', 'IPPSESSID608e7df6913b0', '86.98.30.153', 'This login protected page has been accessed', '1619951123'),
(687, 11, 'FormAllDynController.php', 'IPPSESSID608e7df6913b0', '86.98.30.153', 'This login protected page has been accessed', '1619951123'),
(688, 11, 'FormAllDynController.php', 'IPPSESSID608e7df6913b0', '86.98.30.153', 'This login protected page has been accessed', '1619951123'),
(689, 11, 'work_order_sales.php', 'IPPSESSID608e7df6913b0', '86.98.30.153', 'This login protected page has been accessed', '1619951126'),
(690, 11, 'home.php', 'IPPSESSID608e7df6913b0', '86.98.30.153', 'This login protected page has been accessed', '1619951129'),
(691, 11, 'profile.php', 'IPPSESSID608e7df6913b0', '86.98.30.153', 'This login protected page has been accessed', '1619951130'),
(692, 11, 'work_order_sales_verify.php', 'IPPSESSID608e7df6913b0', '86.98.30.153', 'This login protected page has been accessed', '1619951141'),
(693, 7, 'home.php', 'IPPSESSID608ceedb8cd5c', '86.98.30.153', 'This login protected page has been accessed', '1619951572'),
(694, 7, 'work_order_sales_generate.php', 'IPPSESSID608ceedb8cd5c', '86.98.30.153', 'This login protected page has been accessed', '1619951576'),
(695, 7, 'FormAllDynController.php', 'IPPSESSID608ceedb8cd5c', '86.98.30.153', 'This login protected page has been accessed', '1619951578'),
(696, 7, 'FormAllDynController.php', 'IPPSESSID608ceedb8cd5c', '86.98.30.153', 'This login protected page has been accessed', '1619951578'),
(697, 7, 'SalesWorkOrderSubmit.php', 'IPPSESSID608ceedb8cd5c', '86.98.30.153', 'This login protected page has been accessed', '1619952361'),
(698, 7, 'SalesWorkOrderSubmit.php', 'IPPSESSID608ceedb8cd5c', '86.98.30.153', 'NA added sales order with REF: 8012 ID: 29', '1619952361'),
(699, 7, 'work_order_sales.php', 'IPPSESSID608ceedb8cd5c', '86.98.30.153', 'This login protected page has been accessed', '1619952364'),
(700, 7, 'work_order_sales_generate.php', 'IPPSESSID608ceedb8cd5c', '86.98.30.153', 'This login protected page has been accessed', '1619952367'),
(701, 7, 'FormAllDynController.php', 'IPPSESSID608ceedb8cd5c', '86.98.30.153', 'This login protected page has been accessed', '1619952369'),
(702, 7, 'FormAllDynController.php', 'IPPSESSID608ceedb8cd5c', '86.98.30.153', 'This login protected page has been accessed', '1619952369'),
(703, 7, 'FormAllDynController.php', 'IPPSESSID608ceedb8cd5c', '86.98.30.153', 'This login protected page has been accessed', '1619952369'),
(704, 7, 'FormAllDynController.php', 'IPPSESSID608ceedb8cd5c', '86.98.30.153', 'This login protected page has been accessed', '1619952370'),
(705, 7, 'work_order_view_print.php', 'IPPSESSID608ceedb8cd5c', '86.98.30.153', 'This login protected page has been accessed', '1619952372'),
(706, 7, 'work_order_sales_generate.php', 'IPPSESSID608ceedb8cd5c', '86.98.30.153', 'This login protected page has been accessed', '1619952381'),
(707, 7, 'FormAllDynController.php', 'IPPSESSID608ceedb8cd5c', '86.98.30.153', 'This login protected page has been accessed', '1619952382'),
(708, 7, 'FormAllDynController.php', 'IPPSESSID608ceedb8cd5c', '86.98.30.153', 'This login protected page has been accessed', '1619952382'),
(709, 7, 'FormAllDynController.php', 'IPPSESSID608ceedb8cd5c', '86.98.30.153', 'This login protected page has been accessed', '1619952382'),
(710, 7, 'FormAllDynController.php', 'IPPSESSID608ceedb8cd5c', '86.98.30.153', 'This login protected page has been accessed', '1619952383'),
(711, 7, 'work_order_sales.php', 'IPPSESSID608ceedb8cd5c', '86.98.30.153', 'This login protected page has been accessed', '1619952395'),
(712, 7, 'work_order_sales_generate.php', 'IPPSESSID608ceedb8cd5c', '86.98.30.153', 'This login protected page has been accessed', '1619952396'),
(713, 7, 'FormAllDynController.php', 'IPPSESSID608ceedb8cd5c', '86.98.30.153', 'This login protected page has been accessed', '1619952397'),
(714, 7, 'FormAllDynController.php', 'IPPSESSID608ceedb8cd5c', '86.98.30.153', 'This login protected page has been accessed', '1619952397'),
(715, 7, 'FormAllDynController.php', 'IPPSESSID608ceedb8cd5c', '86.98.30.153', 'This login protected page has been accessed', '1619952398'),
(716, 7, 'FormAllDynController.php', 'IPPSESSID608ceedb8cd5c', '86.98.30.153', 'This login protected page has been accessed', '1619952398'),
(717, 7, 'work_order_sales.php', 'IPPSESSID608ceedb8cd5c', '86.98.30.153', 'This login protected page has been accessed', '1619952400'),
(718, 7, 'work_order_view_print.php', 'IPPSESSID608ceedb8cd5c', '86.98.30.153', 'This login protected page has been accessed', '1619952402'),
(719, 7, 'work_order_sales_generate.php', 'IPPSESSID608ceedb8cd5c', '86.98.30.153', 'This login protected page has been accessed', '1619952571');
INSERT INTO `logcat_main` (`logcat_id`, `logcat_lum_id`, `logcat_page`, `logcat_session_hash`, `logcat_ip`, `logcat_text`, `logcat_dnt`) VALUES
(720, 7, 'FormAllDynController.php', 'IPPSESSID608ceedb8cd5c', '86.98.30.153', 'This login protected page has been accessed', '1619952572'),
(721, 7, 'FormAllDynController.php', 'IPPSESSID608ceedb8cd5c', '86.98.30.153', 'This login protected page has been accessed', '1619952572'),
(722, 7, 'FormAllDynController.php', 'IPPSESSID608ceedb8cd5c', '86.98.30.153', 'This login protected page has been accessed', '1619952573'),
(723, 7, 'FormAllDynController.php', 'IPPSESSID608ceedb8cd5c', '86.98.30.153', 'This login protected page has been accessed', '1619952573'),
(724, 7, 'work_order_sales.php', 'IPPSESSID608ceedb8cd5c', '86.98.30.153', 'This login protected page has been accessed', '1619953922'),
(725, 7, 'MainWorkOrderSubmit.php', 'IPPSESSID608ceedb8cd5c', '86.98.30.153', 'This login protected page has been accessed', '1619953924'),
(726, 7, 'MainWorkOrderSubmit.php', 'IPPSESSID608ceedb8cd5c', '86.98.30.153', 'NA published sales order with REF: 8012 ID: NA to sales verification', '1619953924'),
(727, 7, 'work_order_sales.php', 'IPPSESSID608ceedb8cd5c', '86.98.30.153', 'This login protected page has been accessed', '1619953930'),
(728, 16, 'work_order_sales.php', 'IPPSESSID608e897d7435e', '86.98.30.153', 'This login protected page has been accessed', '1619954045'),
(729, 16, 'work_order_sales_verify.php', 'IPPSESSID608e897d7435e', '86.98.30.153', 'This login protected page has been accessed', '1619954074'),
(730, 16, 'work_order_view_print.php', 'IPPSESSID608e897d7435e', '86.98.30.153', 'This login protected page has been accessed', '1619954089'),
(731, 16, 'work_order_sales_generate.php', 'IPPSESSID608e897d7435e', '86.98.30.153', 'This login protected page has been accessed', '1619954218'),
(732, 16, 'FormAllDynController.php', 'IPPSESSID608e897d7435e', '86.98.30.153', 'This login protected page has been accessed', '1619954220'),
(733, 16, 'FormAllDynController.php', 'IPPSESSID608e897d7435e', '86.98.30.153', 'This login protected page has been accessed', '1619954220'),
(734, 16, 'work_order_sales.php', 'IPPSESSID608e897d7435e', '86.98.30.153', 'This login protected page has been accessed', '1619954410'),
(735, 16, 'work_order_sales_generate.php', 'IPPSESSID608e897d7435e', '86.98.30.153', 'This login protected page has been accessed', '1619954412'),
(736, 16, 'FormAllDynController.php', 'IPPSESSID608e897d7435e', '86.98.30.153', 'This login protected page has been accessed', '1619954413'),
(737, 16, 'FormAllDynController.php', 'IPPSESSID608e897d7435e', '86.98.30.153', 'This login protected page has been accessed', '1619954413'),
(738, 16, 'work_order_sales.php', 'IPPSESSID608e897d7435e', '86.98.30.153', 'This login protected page has been accessed', '1619954421'),
(739, 7, 'work_order_sales_generate.php', 'IPPSESSID608ceedb8cd5c', '86.98.30.153', 'This login protected page has been accessed', '1619955750'),
(740, 7, 'FormAllDynController.php', 'IPPSESSID608ceedb8cd5c', '86.98.30.153', 'This login protected page has been accessed', '1619955752'),
(741, 7, 'FormAllDynController.php', 'IPPSESSID608ceedb8cd5c', '86.98.30.153', 'This login protected page has been accessed', '1619955752'),
(742, 7, 'work_order_sales.php', 'IPPSESSID608ceedb8cd5c', '86.98.30.153', 'This login protected page has been accessed', '1619955753'),
(743, 7, 'work_order_view_print.php', 'IPPSESSID608ceedb8cd5c', '86.98.30.153', 'This login protected page has been accessed', '1619955756'),
(744, 1, 'home.php', 'IPPSESSID608e91d334a26', '86.98.30.153', 'This login protected page has been accessed', '1619956179'),
(745, 1, 'work_order_sales.php', 'IPPSESSID608e91d334a26', '86.98.30.153', 'This login protected page has been accessed', '1619956222'),
(746, 18, 'home.php', 'IPPSESSID608e92d1e8ea0', '86.98.30.153', 'This login protected page has been accessed', '1619956434'),
(747, 18, 'work_order_sales_generate.php', 'IPPSESSID608e92d1e8ea0', '86.98.30.153', 'This login protected page has been accessed', '1619956436'),
(748, 18, 'FormAllDynController.php', 'IPPSESSID608e92d1e8ea0', '86.98.30.153', 'This login protected page has been accessed', '1619956437'),
(749, 18, 'FormAllDynController.php', 'IPPSESSID608e92d1e8ea0', '86.98.30.153', 'This login protected page has been accessed', '1619956437'),
(750, 1, 'work_order_sales_generate.php', 'IPPSESSID608e91d334a26', '86.98.30.153', 'This login protected page has been accessed', '1619957019'),
(751, 1, 'FormAllDynController.php', 'IPPSESSID608e91d334a26', '86.98.30.153', 'This login protected page has been accessed', '1619957020'),
(752, 1, 'FormAllDynController.php', 'IPPSESSID608e91d334a26', '86.98.30.153', 'This login protected page has been accessed', '1619957020'),
(753, 1, 'form_manager.php', 'IPPSESSID608e91d334a26', '86.98.30.153', 'This login protected page has been accessed', '1619957611'),
(754, 18, 'work_order_sales.php', 'IPPSESSID608e92d1e8ea0', '86.98.30.153', 'This login protected page has been accessed', '1619957635'),
(755, 18, 'work_order_sales_generate.php', 'IPPSESSID608e92d1e8ea0', '86.98.30.153', 'This login protected page has been accessed', '1619957649'),
(756, 18, 'FormAllDynController.php', 'IPPSESSID608e92d1e8ea0', '86.98.30.153', 'This login protected page has been accessed', '1619957650'),
(757, 18, 'FormAllDynController.php', 'IPPSESSID608e92d1e8ea0', '86.98.30.153', 'This login protected page has been accessed', '1619957650'),
(758, 1, 'FormManagerController.php', 'IPPSESSID608e91d334a26', '86.98.30.153', 'This login protected page has been accessed', '1619957807'),
(759, 1, 'form_manager.php', 'IPPSESSID608e91d334a26', '86.98.30.153', 'This login protected page has been accessed', '1619957807'),
(760, 18, 'work_order_sales_generate.php', 'IPPSESSID608e92d1e8ea0', '86.98.30.153', 'This login protected page has been accessed', '1619957808'),
(761, 18, 'FormAllDynController.php', 'IPPSESSID608e92d1e8ea0', '86.98.30.153', 'This login protected page has been accessed', '1619957810'),
(762, 18, 'FormAllDynController.php', 'IPPSESSID608e92d1e8ea0', '86.98.30.153', 'This login protected page has been accessed', '1619957810'),
(763, 1, 'work_order_sales.php', 'IPPSESSID608e91d334a26', '86.98.30.153', 'This login protected page has been accessed', '1619957868'),
(764, 18, 'work_order_sales.php', 'IPPSESSID608e92d1e8ea0', '86.98.30.153', 'This login protected page has been accessed', '1619958079'),
(765, 18, 'work_order_sales_generate.php', 'IPPSESSID608e92d1e8ea0', '86.98.30.153', 'This login protected page has been accessed', '1619958155'),
(766, 18, 'FormAllDynController.php', 'IPPSESSID608e92d1e8ea0', '86.98.30.153', 'This login protected page has been accessed', '1619958156'),
(767, 18, 'FormAllDynController.php', 'IPPSESSID608e92d1e8ea0', '86.98.30.153', 'This login protected page has been accessed', '1619958156'),
(768, 1, 'work_order_sales_generate.php', 'IPPSESSID608e91d334a26', '86.98.30.153', 'This login protected page has been accessed', '1619958879'),
(769, 1, 'FormAllDynController.php', 'IPPSESSID608e91d334a26', '86.98.30.153', 'This login protected page has been accessed', '1619958880'),
(770, 1, 'FormAllDynController.php', 'IPPSESSID608e91d334a26', '86.98.30.153', 'This login protected page has been accessed', '1619958880'),
(771, 1, 'FormAllDynController.php', 'IPPSESSID608e91d334a26', '86.98.30.153', 'This login protected page has been accessed', '1619958947'),
(772, 1, 'FormAllDynController.php', 'IPPSESSID608e91d334a26', '86.98.30.153', 'This login protected page has been accessed', '1619958950'),
(773, 1, 'FormAllDynController.php', 'IPPSESSID608e91d334a26', '86.98.30.153', 'This login protected page has been accessed', '1619958959'),
(774, 18, 'work_order_sales.php', 'IPPSESSID608e92d1e8ea0', '86.98.30.153', 'This login protected page has been accessed', '1619958985'),
(775, 18, 'work_order_view_print.php', 'IPPSESSID608e92d1e8ea0', '86.98.30.153', 'This login protected page has been accessed', '1619959052'),
(776, 18, 'work_order_sales_generate.php', 'IPPSESSID608e92d1e8ea0', '86.98.30.153', 'This login protected page has been accessed', '1619959120'),
(777, 18, 'FormAllDynController.php', 'IPPSESSID608e92d1e8ea0', '86.98.30.153', 'This login protected page has been accessed', '1619959121'),
(778, 18, 'FormAllDynController.php', 'IPPSESSID608e92d1e8ea0', '86.98.30.153', 'This login protected page has been accessed', '1619959121'),
(779, 1, 'form_manager.php', 'IPPSESSID608e91d334a26', '86.98.30.153', 'This login protected page has been accessed', '1619959767'),
(780, 1, 'work_order_sales.php', 'IPPSESSID608e91d334a26', '86.98.30.153', 'This login protected page has been accessed', '1619959788'),
(781, 1, 'work_order_sales_generate.php', 'IPPSESSID608e91d334a26', '86.98.30.153', 'This login protected page has been accessed', '1619959794'),
(782, 1, 'FormAllDynController.php', 'IPPSESSID608e91d334a26', '86.98.30.153', 'This login protected page has been accessed', '1619959795'),
(783, 1, 'FormAllDynController.php', 'IPPSESSID608e91d334a26', '86.98.30.153', 'This login protected page has been accessed', '1619959795'),
(784, 1, 'work_order_sales_generate.php', 'IPPSESSID608e91d334a26', '86.98.30.153', 'This login protected page has been accessed', '1619959820'),
(785, 1, 'FormAllDynController.php', 'IPPSESSID608e91d334a26', '86.98.30.153', 'This login protected page has been accessed', '1619959821'),
(786, 1, 'FormAllDynController.php', 'IPPSESSID608e91d334a26', '86.98.30.153', 'This login protected page has been accessed', '1619959821'),
(787, 1, 'home.php', 'IPPSESSID608f154fe30c0', '127.0.0.1', 'This login protected page has been accessed', '1619989840'),
(788, 1, 'work_order_sales.php', 'IPPSESSID608f154fe30c0', '127.0.0.1', 'This login protected page has been accessed', '1619989848'),
(789, 1, 'admin_logs.php', 'IPPSESSID608f154fe30c0', '127.0.0.1', 'This login protected page has been accessed', '1619989860'),
(790, 1, 'work_order_tracker.php', 'IPPSESSID608f154fe30c0', '127.0.0.1', 'This login protected page has been accessed', '1619989864'),
(791, 1, 'work_order_tracker.php', 'IPPSESSID608f154fe30c0', '127.0.0.1', 'This login protected page has been accessed', '1619989867'),
(792, 1, 'work_order_tracker.php', 'IPPSESSID608f154fe30c0', '127.0.0.1', 'This login protected page has been accessed', '1619989870'),
(793, 1, 'work_order_tracker.php', 'IPPSESSID608f154fe30c0', '127.0.0.1', 'This login protected page has been accessed', '1619989872'),
(794, 1, 'work_order_tracker.php', 'IPPSESSID608f154fe30c0', '127.0.0.1', 'This login protected page has been accessed', '1619989873'),
(795, 1, 'work_order_tracker.php', 'IPPSESSID608f154fe30c0', '127.0.0.1', 'This login protected page has been accessed', '1619989876'),
(796, 1, 'conditional_release.php', 'IPPSESSID608f154fe30c0', '127.0.0.1', 'This login protected page has been accessed', '1619989890'),
(797, 1, 'work_order_accounts.php', 'IPPSESSID608f154fe30c0', '127.0.0.1', 'This login protected page has been accessed', '1619989891'),
(798, 1, 'sales_groups.php', 'IPPSESSID608f154fe30c0', '127.0.0.1', 'This login protected page has been accessed', '1619989896'),
(799, 1, 'work_order_sales_generate.php', 'IPPSESSID608f154fe30c0', '127.0.0.1', 'This login protected page has been accessed', '1619989898'),
(800, 1, 'FormAllDynController.php', 'IPPSESSID608f154fe30c0', '127.0.0.1', 'This login protected page has been accessed', '1619989898'),
(801, 1, 'FormAllDynController.php', 'IPPSESSID608f154fe30c0', '127.0.0.1', 'This login protected page has been accessed', '1619989898'),
(802, 1, 'conditional_release.php', 'IPPSESSID608f154fe30c0', '127.0.0.1', 'This login protected page has been accessed', '1619989931'),
(803, 1, 'work_order_accounts.php', 'IPPSESSID608f154fe30c0', '127.0.0.1', 'This login protected page has been accessed', '1619989931'),
(804, 1, 'MainWorkOrderSubmit.php', 'IPPSESSID608f154fe30c0', '127.0.0.1', 'This login protected page has been accessed', '1619989934'),
(805, 1, 'MainWorkOrderSubmit.php', 'IPPSESSID608f154fe30c0', '127.0.0.1', 'SU-1 published sales order with REF: 8000 ID: NA to Technical', '1619989934'),
(806, 1, 'work_order_accounts.php', 'IPPSESSID608f154fe30c0', '127.0.0.1', 'This login protected page has been accessed', '1619989937'),
(807, 1, 'work_order_technical.php', 'IPPSESSID608f154fe30c0', '127.0.0.1', 'This login protected page has been accessed', '1619989941'),
(808, 1, 'work_order_main_edit.php', 'IPPSESSID608f154fe30c0', '127.0.0.1', 'This login protected page has been accessed', '1619989942'),
(809, 1, 'FormAllDynController.php', 'IPPSESSID608f154fe30c0', '127.0.0.1', 'This login protected page has been accessed', '1619989943'),
(810, 1, 'FormAllDynController.php', 'IPPSESSID608f154fe30c0', '127.0.0.1', 'This login protected page has been accessed', '1619989943'),
(811, 1, 'FormAllDynController.php', 'IPPSESSID608f154fe30c0', '127.0.0.1', 'This login protected page has been accessed', '1619989943'),
(812, 1, 'FormAllDynController.php', 'IPPSESSID608f154fe30c0', '127.0.0.1', 'This login protected page has been accessed', '1619989943'),
(813, 1, 'work_order_sales.php', 'IPPSESSID608f154fe30c0', '127.0.0.1', 'This login protected page has been accessed', '1619989992'),
(814, 1, 'work_order_sales_generate.php', 'IPPSESSID608f154fe30c0', '127.0.0.1', 'This login protected page has been accessed', '1619989995'),
(815, 1, 'FormAllDynController.php', 'IPPSESSID608f154fe30c0', '127.0.0.1', 'This login protected page has been accessed', '1619989995'),
(816, 1, 'FormAllDynController.php', 'IPPSESSID608f154fe30c0', '127.0.0.1', 'This login protected page has been accessed', '1619989995'),
(817, 1, 'work_order_main_edit.php', 'IPPSESSID608f154fe30c0', '127.0.0.1', 'This login protected page has been accessed', '1619990005'),
(818, 1, 'FormAllDynController.php', 'IPPSESSID608f154fe30c0', '127.0.0.1', 'This login protected page has been accessed', '1619990006'),
(819, 1, 'FormAllDynController.php', 'IPPSESSID608f154fe30c0', '127.0.0.1', 'This login protected page has been accessed', '1619990006'),
(820, 1, 'FormAllDynController.php', 'IPPSESSID608f154fe30c0', '127.0.0.1', 'This login protected page has been accessed', '1619990006'),
(821, 1, 'FormAllDynController.php', 'IPPSESSID608f154fe30c0', '127.0.0.1', 'This login protected page has been accessed', '1619990006'),
(822, 1, 'SalesWorkOrderSubmit.php', 'IPPSESSID608f154fe30c0', '127.0.0.1', 'This login protected page has been accessed', '1619991379'),
(823, 1, 'SalesWorkOrderSubmit.php', 'IPPSESSID608f154fe30c0', '127.0.0.1', 'This login protected page has been accessed', '1619991902'),
(824, 1, 'SalesWorkOrderSubmit.php', 'IPPSESSID608f154fe30c0', '127.0.0.1', 'This login protected page has been accessed', '1619991980'),
(825, 1, 'SalesWorkOrderSubmit.php', 'IPPSESSID608f154fe30c0', '127.0.0.1', 'This login protected page has been accessed', '1619992060'),
(826, 1, 'SalesWorkOrderSubmit.php', 'IPPSESSID608f154fe30c0', '127.0.0.1', 'This login protected page has been accessed', '1619992196'),
(827, 1, 'SalesWorkOrderSubmit.php', 'IPPSESSID608f154fe30c0', '127.0.0.1', 'SU-1 added sales order with REF: 8013 ID: 32', '1619992196'),
(828, 1, 'SalesWorkOrderSubmit.php', 'IPPSESSID608f154fe30c0', '127.0.0.1', 'This login protected page has been accessed', '1619992382'),
(829, 1, 'SalesWorkOrderSubmit.php', 'IPPSESSID608f154fe30c0', '127.0.0.1', 'SU-1 added sales order with REF: 8014 ID: 33', '1619992382'),
(830, 1, 'work_order_sales.php', 'IPPSESSID608f154fe30c0', '127.0.0.1', 'This login protected page has been accessed', '1619992385'),
(831, 1, 'work_order_sales.php', 'IPPSESSID608f154fe30c0', '127.0.0.1', 'This login protected page has been accessed', '1619992390'),
(832, 1, 'work_order_sales_generate.php', 'IPPSESSID608f154fe30c0', '127.0.0.1', 'This login protected page has been accessed', '1619992401'),
(833, 1, 'FormAllDynController.php', 'IPPSESSID608f154fe30c0', '127.0.0.1', 'This login protected page has been accessed', '1619992402'),
(834, 1, 'FormAllDynController.php', 'IPPSESSID608f154fe30c0', '127.0.0.1', 'This login protected page has been accessed', '1619992402'),
(835, 1, 'FormAllDynController.php', 'IPPSESSID608f154fe30c0', '127.0.0.1', 'This login protected page has been accessed', '1619992402'),
(836, 1, 'FormAllDynController.php', 'IPPSESSID608f154fe30c0', '127.0.0.1', 'This login protected page has been accessed', '1619992402'),
(837, 1, 'SalesWorkOrderSubmit.php', 'IPPSESSID608f154fe30c0', '127.0.0.1', 'This login protected page has been accessed', '1619992414'),
(838, 1, 'SalesWorkOrderSubmit.php', 'IPPSESSID608f154fe30c0', '127.0.0.1', 'SU-1 edited sales order with REF: 8014 ID: 34', '1619992414'),
(839, 1, 'work_order_sales_generate.php', 'IPPSESSID608f154fe30c0', '127.0.0.1', 'This login protected page has been accessed', '1619992415'),
(840, 1, 'FormAllDynController.php', 'IPPSESSID608f154fe30c0', '127.0.0.1', 'This login protected page has been accessed', '1619992416'),
(841, 1, 'FormAllDynController.php', 'IPPSESSID608f154fe30c0', '127.0.0.1', 'This login protected page has been accessed', '1619992416'),
(842, 1, 'FormAllDynController.php', 'IPPSESSID608f154fe30c0', '127.0.0.1', 'This login protected page has been accessed', '1619992416'),
(843, 1, 'FormAllDynController.php', 'IPPSESSID608f154fe30c0', '127.0.0.1', 'This login protected page has been accessed', '1619992416'),
(844, 1, 'work_order_sales_generate.php', 'IPPSESSID608f154fe30c0', '127.0.0.1', 'This login protected page has been accessed', '1619992836'),
(845, 1, 'FormAllDynController.php', 'IPPSESSID608f154fe30c0', '127.0.0.1', 'This login protected page has been accessed', '1619992837'),
(846, 1, 'FormAllDynController.php', 'IPPSESSID608f154fe30c0', '127.0.0.1', 'This login protected page has been accessed', '1619992837'),
(847, 1, 'FormAllDynController.php', 'IPPSESSID608f154fe30c0', '127.0.0.1', 'This login protected page has been accessed', '1619992837'),
(848, 1, 'FormAllDynController.php', 'IPPSESSID608f154fe30c0', '127.0.0.1', 'This login protected page has been accessed', '1619992837'),
(849, 1, 'work_order_sales_generate.php', 'IPPSESSID608f154fe30c0', '127.0.0.1', 'This login protected page has been accessed', '1619992848'),
(850, 1, 'FormAllDynController.php', 'IPPSESSID608f154fe30c0', '127.0.0.1', 'This login protected page has been accessed', '1619992849'),
(851, 1, 'FormAllDynController.php', 'IPPSESSID608f154fe30c0', '127.0.0.1', 'This login protected page has been accessed', '1619992849'),
(852, 1, 'FormAllDynController.php', 'IPPSESSID608f154fe30c0', '127.0.0.1', 'This login protected page has been accessed', '1619992849'),
(853, 1, 'FormAllDynController.php', 'IPPSESSID608f154fe30c0', '127.0.0.1', 'This login protected page has been accessed', '1619992849'),
(854, 1, 'SalesWorkOrderSubmit.php', 'IPPSESSID608f154fe30c0', '127.0.0.1', 'This login protected page has been accessed', '1619992855'),
(855, 1, 'work_order_sales_generate.php', 'IPPSESSID608f154fe30c0', '127.0.0.1', 'This login protected page has been accessed', '1619992900'),
(856, 1, 'FormAllDynController.php', 'IPPSESSID608f154fe30c0', '127.0.0.1', 'This login protected page has been accessed', '1619992901'),
(857, 1, 'FormAllDynController.php', 'IPPSESSID608f154fe30c0', '127.0.0.1', 'This login protected page has been accessed', '1619992901'),
(858, 1, 'FormAllDynController.php', 'IPPSESSID608f154fe30c0', '127.0.0.1', 'This login protected page has been accessed', '1619992901'),
(859, 1, 'FormAllDynController.php', 'IPPSESSID608f154fe30c0', '127.0.0.1', 'This login protected page has been accessed', '1619992901'),
(860, 1, 'SalesWorkOrderSubmit.php', 'IPPSESSID608f154fe30c0', '127.0.0.1', 'This login protected page has been accessed', '1619992911'),
(861, 1, 'SalesWorkOrderSubmit.php', 'IPPSESSID608f154fe30c0', '127.0.0.1', 'This login protected page has been accessed', '1619992917'),
(862, 1, 'SalesWorkOrderSubmit.php', 'IPPSESSID608f154fe30c0', '127.0.0.1', 'SU-1 edited sales order with REF: 8014 ID: 35', '1619992917'),
(863, 1, 'work_order_sales_generate.php', 'IPPSESSID608f154fe30c0', '127.0.0.1', 'This login protected page has been accessed', '1619992919'),
(864, 1, 'FormAllDynController.php', 'IPPSESSID608f154fe30c0', '127.0.0.1', 'This login protected page has been accessed', '1619992919'),
(865, 1, 'FormAllDynController.php', 'IPPSESSID608f154fe30c0', '127.0.0.1', 'This login protected page has been accessed', '1619992919'),
(866, 1, 'FormAllDynController.php', 'IPPSESSID608f154fe30c0', '127.0.0.1', 'This login protected page has been accessed', '1619992920'),
(867, 1, 'FormAllDynController.php', 'IPPSESSID608f154fe30c0', '127.0.0.1', 'This login protected page has been accessed', '1619992920'),
(868, 1, 'work_order_sales_generate.php', 'IPPSESSID608f154fe30c0', '127.0.0.1', 'This login protected page has been accessed', '1619992957'),
(869, 1, 'FormAllDynController.php', 'IPPSESSID608f154fe30c0', '127.0.0.1', 'This login protected page has been accessed', '1619992957'),
(870, 1, 'FormAllDynController.php', 'IPPSESSID608f154fe30c0', '127.0.0.1', 'This login protected page has been accessed', '1619992957'),
(871, 1, 'FormAllDynController.php', 'IPPSESSID608f154fe30c0', '127.0.0.1', 'This login protected page has been accessed', '1619992958'),
(872, 1, 'FormAllDynController.php', 'IPPSESSID608f154fe30c0', '127.0.0.1', 'This login protected page has been accessed', '1619992958'),
(873, 1, 'work_order_sales_generate.php', 'IPPSESSID608f154fe30c0', '127.0.0.1', 'This login protected page has been accessed', '1619992987'),
(874, 1, 'FormAllDynController.php', 'IPPSESSID608f154fe30c0', '127.0.0.1', 'This login protected page has been accessed', '1619992987'),
(875, 1, 'FormAllDynController.php', 'IPPSESSID608f154fe30c0', '127.0.0.1', 'This login protected page has been accessed', '1619992987'),
(876, 1, 'FormAllDynController.php', 'IPPSESSID608f154fe30c0', '127.0.0.1', 'This login protected page has been accessed', '1619992987'),
(877, 1, 'FormAllDynController.php', 'IPPSESSID608f154fe30c0', '127.0.0.1', 'This login protected page has been accessed', '1619992988'),
(878, 1, 'work_order_sales_generate.php', 'IPPSESSID608f154fe30c0', '127.0.0.1', 'This login protected page has been accessed', '1619993009'),
(879, 1, 'FormAllDynController.php', 'IPPSESSID608f154fe30c0', '127.0.0.1', 'This login protected page has been accessed', '1619993010'),
(880, 1, 'FormAllDynController.php', 'IPPSESSID608f154fe30c0', '127.0.0.1', 'This login protected page has been accessed', '1619993010'),
(881, 1, 'FormAllDynController.php', 'IPPSESSID608f154fe30c0', '127.0.0.1', 'This login protected page has been accessed', '1619993010'),
(882, 1, 'FormAllDynController.php', 'IPPSESSID608f154fe30c0', '127.0.0.1', 'This login protected page has been accessed', '1619993011'),
(883, 1, 'SalesWorkOrderSubmit.php', 'IPPSESSID608f154fe30c0', '127.0.0.1', 'This login protected page has been accessed', '1619993023'),
(884, 1, 'SalesWorkOrderSubmit.php', 'IPPSESSID608f154fe30c0', '127.0.0.1', 'SU-1 edited sales order with REF: 8014 ID: 36', '1619993023'),
(885, 1, 'work_order_sales_generate.php', 'IPPSESSID608f154fe30c0', '127.0.0.1', 'This login protected page has been accessed', '1619993024'),
(886, 1, 'FormAllDynController.php', 'IPPSESSID608f154fe30c0', '127.0.0.1', 'This login protected page has been accessed', '1619993024'),
(887, 1, 'FormAllDynController.php', 'IPPSESSID608f154fe30c0', '127.0.0.1', 'This login protected page has been accessed', '1619993024'),
(888, 1, 'FormAllDynController.php', 'IPPSESSID608f154fe30c0', '127.0.0.1', 'This login protected page has been accessed', '1619993025'),
(889, 1, 'FormAllDynController.php', 'IPPSESSID608f154fe30c0', '127.0.0.1', 'This login protected page has been accessed', '1619993025'),
(890, 1, 'SalesWorkOrderSubmit.php', 'IPPSESSID608f154fe30c0', '127.0.0.1', 'This login protected page has been accessed', '1619993030'),
(891, 1, 'SalesWorkOrderSubmit.php', 'IPPSESSID608f154fe30c0', '127.0.0.1', 'SU-1 edited sales order with REF: 8014 ID: 37', '1619993030'),
(892, 1, 'work_order_sales_generate.php', 'IPPSESSID608f154fe30c0', '127.0.0.1', 'This login protected page has been accessed', '1619993031'),
(893, 1, 'FormAllDynController.php', 'IPPSESSID608f154fe30c0', '127.0.0.1', 'This login protected page has been accessed', '1619993031'),
(894, 1, 'FormAllDynController.php', 'IPPSESSID608f154fe30c0', '127.0.0.1', 'This login protected page has been accessed', '1619993031'),
(895, 1, 'FormAllDynController.php', 'IPPSESSID608f154fe30c0', '127.0.0.1', 'This login protected page has been accessed', '1619993031'),
(896, 1, 'FormAllDynController.php', 'IPPSESSID608f154fe30c0', '127.0.0.1', 'This login protected page has been accessed', '1619993031'),
(897, 1, 'SalesWorkOrderSubmit.php', 'IPPSESSID608f154fe30c0', '127.0.0.1', 'This login protected page has been accessed', '1619993037'),
(898, 1, 'SalesWorkOrderSubmit.php', 'IPPSESSID608f154fe30c0', '127.0.0.1', 'SU-1 edited sales order with REF: 8014 ID: 38', '1619993037'),
(899, 1, 'work_order_sales_generate.php', 'IPPSESSID608f154fe30c0', '127.0.0.1', 'This login protected page has been accessed', '1619993038'),
(900, 1, 'FormAllDynController.php', 'IPPSESSID608f154fe30c0', '127.0.0.1', 'This login protected page has been accessed', '1619993039'),
(901, 1, 'FormAllDynController.php', 'IPPSESSID608f154fe30c0', '127.0.0.1', 'This login protected page has been accessed', '1619993039'),
(902, 1, 'FormAllDynController.php', 'IPPSESSID608f154fe30c0', '127.0.0.1', 'This login protected page has been accessed', '1619993039'),
(903, 1, 'FormAllDynController.php', 'IPPSESSID608f154fe30c0', '127.0.0.1', 'This login protected page has been accessed', '1619993039'),
(904, 1, 'SalesWorkOrderSubmit.php', 'IPPSESSID608f154fe30c0', '127.0.0.1', 'This login protected page has been accessed', '1619993086'),
(905, 1, 'SalesWorkOrderSubmit.php', 'IPPSESSID608f154fe30c0', '127.0.0.1', 'SU-1 edited sales order with REF: 8014 ID: 39', '1619993086'),
(906, 1, 'work_order_sales_generate.php', 'IPPSESSID608f154fe30c0', '127.0.0.1', 'This login protected page has been accessed', '1619993087'),
(907, 1, 'FormAllDynController.php', 'IPPSESSID608f154fe30c0', '127.0.0.1', 'This login protected page has been accessed', '1619993088'),
(908, 1, 'FormAllDynController.php', 'IPPSESSID608f154fe30c0', '127.0.0.1', 'This login protected page has been accessed', '1619993088'),
(909, 1, 'FormAllDynController.php', 'IPPSESSID608f154fe30c0', '127.0.0.1', 'This login protected page has been accessed', '1619993088'),
(910, 1, 'FormAllDynController.php', 'IPPSESSID608f154fe30c0', '127.0.0.1', 'This login protected page has been accessed', '1619993088'),
(911, 1, 'SalesWorkOrderSubmit.php', 'IPPSESSID608f154fe30c0', '127.0.0.1', 'This login protected page has been accessed', '1619993091'),
(912, 1, 'SalesWorkOrderSubmit.php', 'IPPSESSID608f154fe30c0', '127.0.0.1', 'SU-1 edited sales order with REF: 8014 ID: 40', '1619993091'),
(913, 1, 'work_order_sales_generate.php', 'IPPSESSID608f154fe30c0', '127.0.0.1', 'This login protected page has been accessed', '1619993091'),
(914, 1, 'FormAllDynController.php', 'IPPSESSID608f154fe30c0', '127.0.0.1', 'This login protected page has been accessed', '1619993092'),
(915, 1, 'FormAllDynController.php', 'IPPSESSID608f154fe30c0', '127.0.0.1', 'This login protected page has been accessed', '1619993092'),
(916, 1, 'FormAllDynController.php', 'IPPSESSID608f154fe30c0', '127.0.0.1', 'This login protected page has been accessed', '1619993092'),
(917, 1, 'FormAllDynController.php', 'IPPSESSID608f154fe30c0', '127.0.0.1', 'This login protected page has been accessed', '1619993092'),
(918, 1, 'SalesWorkOrderSubmit.php', 'IPPSESSID608f154fe30c0', '127.0.0.1', 'This login protected page has been accessed', '1619993094'),
(919, 1, 'SalesWorkOrderSubmit.php', 'IPPSESSID608f154fe30c0', '127.0.0.1', 'SU-1 edited sales order with REF: 8014 ID: 41', '1619993094'),
(920, 1, 'work_order_sales_generate.php', 'IPPSESSID608f154fe30c0', '127.0.0.1', 'This login protected page has been accessed', '1619993095'),
(921, 1, 'FormAllDynController.php', 'IPPSESSID608f154fe30c0', '127.0.0.1', 'This login protected page has been accessed', '1619993096'),
(922, 1, 'FormAllDynController.php', 'IPPSESSID608f154fe30c0', '127.0.0.1', 'This login protected page has been accessed', '1619993096'),
(923, 1, 'FormAllDynController.php', 'IPPSESSID608f154fe30c0', '127.0.0.1', 'This login protected page has been accessed', '1619993096'),
(924, 1, 'FormAllDynController.php', 'IPPSESSID608f154fe30c0', '127.0.0.1', 'This login protected page has been accessed', '1619993096'),
(925, 1, 'SalesWorkOrderSubmit.php', 'IPPSESSID608f154fe30c0', '127.0.0.1', 'This login protected page has been accessed', '1619993104'),
(926, 1, 'SalesWorkOrderSubmit.php', 'IPPSESSID608f154fe30c0', '127.0.0.1', 'SU-1 edited sales order with REF: 8014 ID: 42', '1619993104'),
(927, 1, 'work_order_sales_generate.php', 'IPPSESSID608f154fe30c0', '127.0.0.1', 'This login protected page has been accessed', '1619993105'),
(928, 1, 'FormAllDynController.php', 'IPPSESSID608f154fe30c0', '127.0.0.1', 'This login protected page has been accessed', '1619993105'),
(929, 1, 'FormAllDynController.php', 'IPPSESSID608f154fe30c0', '127.0.0.1', 'This login protected page has been accessed', '1619993105'),
(930, 1, 'FormAllDynController.php', 'IPPSESSID608f154fe30c0', '127.0.0.1', 'This login protected page has been accessed', '1619993105'),
(931, 1, 'FormAllDynController.php', 'IPPSESSID608f154fe30c0', '127.0.0.1', 'This login protected page has been accessed', '1619993105'),
(932, 1, 'SalesWorkOrderSubmit.php', 'IPPSESSID608f154fe30c0', '127.0.0.1', 'This login protected page has been accessed', '1619993112'),
(933, 1, 'SalesWorkOrderSubmit.php', 'IPPSESSID608f154fe30c0', '127.0.0.1', 'SU-1 edited sales order with REF: 8014 ID: 43', '1619993112'),
(934, 1, 'work_order_sales_generate.php', 'IPPSESSID608f154fe30c0', '127.0.0.1', 'This login protected page has been accessed', '1619993113'),
(935, 1, 'FormAllDynController.php', 'IPPSESSID608f154fe30c0', '127.0.0.1', 'This login protected page has been accessed', '1619993113'),
(936, 1, 'FormAllDynController.php', 'IPPSESSID608f154fe30c0', '127.0.0.1', 'This login protected page has been accessed', '1619993113'),
(937, 1, 'FormAllDynController.php', 'IPPSESSID608f154fe30c0', '127.0.0.1', 'This login protected page has been accessed', '1619993113'),
(938, 1, 'FormAllDynController.php', 'IPPSESSID608f154fe30c0', '127.0.0.1', 'This login protected page has been accessed', '1619993113'),
(939, 1, 'SalesWorkOrderSubmit.php', 'IPPSESSID608f154fe30c0', '127.0.0.1', 'This login protected page has been accessed', '1619993122'),
(940, 1, 'SalesWorkOrderSubmit.php', 'IPPSESSID608f154fe30c0', '127.0.0.1', 'SU-1 edited sales order with REF: 8014 ID: 44', '1619993122'),
(941, 1, 'work_order_sales_generate.php', 'IPPSESSID608f154fe30c0', '127.0.0.1', 'This login protected page has been accessed', '1619993122'),
(942, 1, 'FormAllDynController.php', 'IPPSESSID608f154fe30c0', '127.0.0.1', 'This login protected page has been accessed', '1619993123'),
(943, 1, 'FormAllDynController.php', 'IPPSESSID608f154fe30c0', '127.0.0.1', 'This login protected page has been accessed', '1619993123'),
(944, 1, 'FormAllDynController.php', 'IPPSESSID608f154fe30c0', '127.0.0.1', 'This login protected page has been accessed', '1619993123'),
(945, 1, 'FormAllDynController.php', 'IPPSESSID608f154fe30c0', '127.0.0.1', 'This login protected page has been accessed', '1619993123'),
(946, 1, 'SalesWorkOrderSubmit.php', 'IPPSESSID608f154fe30c0', '127.0.0.1', 'This login protected page has been accessed', '1619993136'),
(947, 1, 'SalesWorkOrderSubmit.php', 'IPPSESSID608f154fe30c0', '127.0.0.1', 'SU-1 edited sales order with REF: 8014 ID: 45', '1619993136'),
(948, 1, 'work_order_sales_generate.php', 'IPPSESSID608f154fe30c0', '127.0.0.1', 'This login protected page has been accessed', '1619993137'),
(949, 1, 'FormAllDynController.php', 'IPPSESSID608f154fe30c0', '127.0.0.1', 'This login protected page has been accessed', '1619993138'),
(950, 1, 'FormAllDynController.php', 'IPPSESSID608f154fe30c0', '127.0.0.1', 'This login protected page has been accessed', '1619993138'),
(951, 1, 'FormAllDynController.php', 'IPPSESSID608f154fe30c0', '127.0.0.1', 'This login protected page has been accessed', '1619993138'),
(952, 1, 'FormAllDynController.php', 'IPPSESSID608f154fe30c0', '127.0.0.1', 'This login protected page has been accessed', '1619993138'),
(953, 1, 'SalesWorkOrderSubmit.php', 'IPPSESSID608f154fe30c0', '127.0.0.1', 'This login protected page has been accessed', '1619993144'),
(954, 1, 'SalesWorkOrderSubmit.php', 'IPPSESSID608f154fe30c0', '127.0.0.1', 'SU-1 edited sales order with REF: 8014 ID: 46', '1619993144'),
(955, 1, 'work_order_sales_generate.php', 'IPPSESSID608f154fe30c0', '127.0.0.1', 'This login protected page has been accessed', '1619993145'),
(956, 1, 'FormAllDynController.php', 'IPPSESSID608f154fe30c0', '127.0.0.1', 'This login protected page has been accessed', '1619993146'),
(957, 1, 'FormAllDynController.php', 'IPPSESSID608f154fe30c0', '127.0.0.1', 'This login protected page has been accessed', '1619993146'),
(958, 1, 'FormAllDynController.php', 'IPPSESSID608f154fe30c0', '127.0.0.1', 'This login protected page has been accessed', '1619993146'),
(959, 1, 'FormAllDynController.php', 'IPPSESSID608f154fe30c0', '127.0.0.1', 'This login protected page has been accessed', '1619993146'),
(960, 1, 'SalesWorkOrderSubmit.php', 'IPPSESSID608f154fe30c0', '127.0.0.1', 'This login protected page has been accessed', '1619993423'),
(961, 1, 'SalesWorkOrderSubmit.php', 'IPPSESSID608f154fe30c0', '127.0.0.1', 'This login protected page has been accessed', '1619993427'),
(962, 1, 'SalesWorkOrderSubmit.php', 'IPPSESSID608f154fe30c0', '127.0.0.1', 'SU-1 edited sales order with REF: 8014 ID: 47', '1619993428'),
(963, 1, 'work_order_sales_generate.php', 'IPPSESSID608f154fe30c0', '127.0.0.1', 'This login protected page has been accessed', '1619993431'),
(964, 1, 'FormAllDynController.php', 'IPPSESSID608f154fe30c0', '127.0.0.1', 'This login protected page has been accessed', '1619993432'),
(965, 1, 'FormAllDynController.php', 'IPPSESSID608f154fe30c0', '127.0.0.1', 'This login protected page has been accessed', '1619993432'),
(966, 1, 'FormAllDynController.php', 'IPPSESSID608f154fe30c0', '127.0.0.1', 'This login protected page has been accessed', '1619993432'),
(967, 1, 'FormAllDynController.php', 'IPPSESSID608f154fe30c0', '127.0.0.1', 'This login protected page has been accessed', '1619993432'),
(968, 1, 'SalesWorkOrderSubmit.php', 'IPPSESSID608f154fe30c0', '127.0.0.1', 'This login protected page has been accessed', '1619993435'),
(969, 1, 'SalesWorkOrderSubmit.php', 'IPPSESSID608f154fe30c0', '127.0.0.1', 'SU-1 edited sales order with REF: 8014 ID: 48', '1619993435'),
(970, 1, 'work_order_sales.php', 'IPPSESSID608f154fe30c0', '127.0.0.1', 'This login protected page has been accessed', '1619994331'),
(971, 1, 'work_order_technical_verify.php', 'IPPSESSID608f154fe30c0', '127.0.0.1', 'This login protected page has been accessed', '1619994336'),
(972, 1, 'work_order_technical.php', 'IPPSESSID608f154fe30c0', '127.0.0.1', 'This login protected page has been accessed', '1619994339'),
(973, 1, 'work_order_main_edit.php', 'IPPSESSID608f154fe30c0', '127.0.0.1', 'This login protected page has been accessed', '1619994344'),
(974, 1, 'FormAllDynController.php', 'IPPSESSID608f154fe30c0', '127.0.0.1', 'This login protected page has been accessed', '1619994344'),
(975, 1, 'FormAllDynController.php', 'IPPSESSID608f154fe30c0', '127.0.0.1', 'This login protected page has been accessed', '1619994344'),
(976, 1, 'FormAllDynController.php', 'IPPSESSID608f154fe30c0', '127.0.0.1', 'This login protected page has been accessed', '1619994344'),
(977, 1, 'FormAllDynController.php', 'IPPSESSID608f154fe30c0', '127.0.0.1', 'This login protected page has been accessed', '1619994344'),
(978, 1, 'work_order_sales.php', 'IPPSESSID608f154fe30c0', '127.0.0.1', 'This login protected page has been accessed', '1619994359'),
(979, 1, 'work_order_sales_generate.php', 'IPPSESSID608f154fe30c0', '127.0.0.1', 'This login protected page has been accessed', '1619994778'),
(980, 1, 'FormAllDynController.php', 'IPPSESSID608f154fe30c0', '127.0.0.1', 'This login protected page has been accessed', '1619994779'),
(981, 1, 'FormAllDynController.php', 'IPPSESSID608f154fe30c0', '127.0.0.1', 'This login protected page has been accessed', '1619994779'),
(982, 1, 'work_order_sales.php', 'IPPSESSID608f154fe30c0', '127.0.0.1', 'This login protected page has been accessed', '1619994779'),
(983, 1, 'work_order_sales_generate.php', 'IPPSESSID608f154fe30c0', '127.0.0.1', 'This login protected page has been accessed', '1619994782'),
(984, 1, 'FormAllDynController.php', 'IPPSESSID608f154fe30c0', '127.0.0.1', 'This login protected page has been accessed', '1619994782'),
(985, 1, 'FormAllDynController.php', 'IPPSESSID608f154fe30c0', '127.0.0.1', 'This login protected page has been accessed', '1619994782'),
(986, 1, 'FormAllDynController.php', 'IPPSESSID608f154fe30c0', '127.0.0.1', 'This login protected page has been accessed', '1619994782'),
(987, 1, 'FormAllDynController.php', 'IPPSESSID608f154fe30c0', '127.0.0.1', 'This login protected page has been accessed', '1619994782'),
(988, 1, 'work_order_sales.php', 'IPPSESSID608f154fe30c0', '127.0.0.1', 'This login protected page has been accessed', '1619994812'),
(989, 1, 'MainWorkOrderSubmit.php', 'IPPSESSID608f154fe30c0', '127.0.0.1', 'This login protected page has been accessed', '1619994819'),
(990, 1, 'MainWorkOrderSubmit.php', 'IPPSESSID608f154fe30c0', '127.0.0.1', 'SU-1 published sales order with REF: 8014 ID: NA to sales verification', '1619994819'),
(991, 1, 'work_order_sales_verify.php', 'IPPSESSID608f154fe30c0', '127.0.0.1', 'This login protected page has been accessed', '1619994821'),
(992, 1, 'work_order_view_print.php', 'IPPSESSID608f154fe30c0', '127.0.0.1', 'This login protected page has been accessed', '1619994824'),
(993, 1, 'work_order_view_print.php', 'IPPSESSID608f154fe30c0', '127.0.0.1', 'This login protected page has been accessed', '1619994956'),
(994, 1, 'work_order_sales.php', 'IPPSESSID608f154fe30c0', '127.0.0.1', 'This login protected page has been accessed', '1619994982'),
(995, 1, 'work_order_view_print.php', 'IPPSESSID608f154fe30c0', '127.0.0.1', 'This login protected page has been accessed', '1619994985'),
(996, 1, 'work_order_sales_generate.php', 'IPPSESSID608f154fe30c0', '127.0.0.1', 'This login protected page has been accessed', '1619995144'),
(997, 1, 'FormAllDynController.php', 'IPPSESSID608f154fe30c0', '127.0.0.1', 'This login protected page has been accessed', '1619995144'),
(998, 1, 'FormAllDynController.php', 'IPPSESSID608f154fe30c0', '127.0.0.1', 'This login protected page has been accessed', '1619995144'),
(999, 1, 'FormAllDynController.php', 'IPPSESSID608f154fe30c0', '127.0.0.1', 'This login protected page has been accessed', '1619995145'),
(1000, 1, 'FormAllDynController.php', 'IPPSESSID608f154fe30c0', '127.0.0.1', 'This login protected page has been accessed', '1619995145'),
(1001, 1, 'form_manager.php', 'IPPSESSID608f154fe30c0', '127.0.0.1', 'This login protected page has been accessed', '1619995337'),
(1002, 1, 'form_manager.php', 'IPPSESSID608f154fe30c0', '127.0.0.1', 'This login protected page has been accessed', '1619995348'),
(1003, 1, 'work_order_sales.php', 'IPPSESSID608f154fe30c0', '127.0.0.1', 'This login protected page has been accessed', '1619995353'),
(1004, 1, 'work_order_view_print.php', 'IPPSESSID608f154fe30c0', '127.0.0.1', 'This login protected page has been accessed', '1619995642'),
(1005, 1, 'SalesWorkOrderSubmit.php', 'IPPSESSID608f154fe30c0', '127.0.0.1', 'This login protected page has been accessed', '1619995670'),
(1006, 1, 'SalesWorkOrderSubmit.php', 'IPPSESSID608f154fe30c0', '127.0.0.1', 'SU-1 edited sales order with REF: 8005 ID: 50', '1619995670'),
(1007, 1, 'work_order_view_print.php', 'IPPSESSID608f154fe30c0', '127.0.0.1', 'This login protected page has been accessed', '1619995674'),
(1008, 1, 'work_order_sales_generate.php', 'IPPSESSID608f154fe30c0', '127.0.0.1', 'This login protected page has been accessed', '1619995677'),
(1009, 1, 'FormAllDynController.php', 'IPPSESSID608f154fe30c0', '127.0.0.1', 'This login protected page has been accessed', '1619995677'),
(1010, 1, 'FormAllDynController.php', 'IPPSESSID608f154fe30c0', '127.0.0.1', 'This login protected page has been accessed', '1619995677'),
(1011, 1, 'FormAllDynController.php', 'IPPSESSID608f154fe30c0', '127.0.0.1', 'This login protected page has been accessed', '1619995678'),
(1012, 1, 'FormAllDynController.php', 'IPPSESSID608f154fe30c0', '127.0.0.1', 'This login protected page has been accessed', '1619995678'),
(1013, 1, 'SalesWorkOrderSubmit.php', 'IPPSESSID608f154fe30c0', '127.0.0.1', 'This login protected page has been accessed', '1619995687'),
(1014, 1, 'SalesWorkOrderSubmit.php', 'IPPSESSID608f154fe30c0', '127.0.0.1', 'SU-1 edited sales order with REF: 8005 ID: 51', '1619995688'),
(1015, 1, 'work_order_sales_generate.php', 'IPPSESSID608f154fe30c0', '127.0.0.1', 'This login protected page has been accessed', '1619995688'),
(1016, 1, 'FormAllDynController.php', 'IPPSESSID608f154fe30c0', '127.0.0.1', 'This login protected page has been accessed', '1619995689'),
(1017, 1, 'FormAllDynController.php', 'IPPSESSID608f154fe30c0', '127.0.0.1', 'This login protected page has been accessed', '1619995689'),
(1018, 1, 'FormAllDynController.php', 'IPPSESSID608f154fe30c0', '127.0.0.1', 'This login protected page has been accessed', '1619995689'),
(1019, 1, 'FormAllDynController.php', 'IPPSESSID608f154fe30c0', '127.0.0.1', 'This login protected page has been accessed', '1619995689'),
(1020, 1, 'work_order_view_print.php', 'IPPSESSID608f154fe30c0', '127.0.0.1', 'This login protected page has been accessed', '1619995691'),
(1021, 1, 'work_order_sales.php', 'IPPSESSID608f154fe30c0', '127.0.0.1', 'This login protected page has been accessed', '1619995988'),
(1022, 1, 'work_order_sales_verify.php', 'IPPSESSID608f154fe30c0', '127.0.0.1', 'This login protected page has been accessed', '1619995992'),
(1023, 1, 'SalesWorkOrderController.php', 'IPPSESSID608f154fe30c0', '127.0.0.1', 'This login protected page has been accessed', '1619995994'),
(1024, 1, 'MainWorkOrderSubmit.php', 'IPPSESSID608f154fe30c0', '127.0.0.1', 'This login protected page has been accessed', '1619996029'),
(1025, 1, 'MainWorkOrderSubmit.php', 'IPPSESSID608f154fe30c0', '127.0.0.1', 'This login protected page has been accessed', '1619996040'),
(1026, 1, 'MainWorkOrderSubmit.php', 'IPPSESSID608f154fe30c0', '127.0.0.1', 'This login protected page has been accessed', '1619996046'),
(1027, 1, 'MainWorkOrderSubmit.php', 'IPPSESSID608f154fe30c0', '127.0.0.1', 'This login protected page has been accessed', '1619996049'),
(1028, 1, 'MainWorkOrderSubmit.php', 'IPPSESSID608f154fe30c0', '127.0.0.1', 'This login protected page has been accessed', '1619996049'),
(1029, 1, 'MainWorkOrderSubmit.php', 'IPPSESSID608f154fe30c0', '127.0.0.1', 'This login protected page has been accessed', '1619996052'),
(1030, 1, 'MainWorkOrderSubmit.php', 'IPPSESSID608f154fe30c0', '127.0.0.1', 'SU-1 rejected sales order with REF: 8014 ID: NA reason : Lorem ipsum dolor', '1619996052'),
(1031, 1, 'work_order_sales_verify.php', 'IPPSESSID608f154fe30c0', '127.0.0.1', 'This login protected page has been accessed', '1619996054'),
(1032, 1, 'work_order_sales.php', 'IPPSESSID608f154fe30c0', '127.0.0.1', 'This login protected page has been accessed', '1619996056'),
(1033, 1, 'work_order_sales_generate.php', 'IPPSESSID608f154fe30c0', '127.0.0.1', 'This login protected page has been accessed', '1619996121'),
(1034, 1, 'FormAllDynController.php', 'IPPSESSID608f154fe30c0', '127.0.0.1', 'This login protected page has been accessed', '1619996121'),
(1035, 1, 'FormAllDynController.php', 'IPPSESSID608f154fe30c0', '127.0.0.1', 'This login protected page has been accessed', '1619996121'),
(1036, 1, 'FormAllDynController.php', 'IPPSESSID608f154fe30c0', '127.0.0.1', 'This login protected page has been accessed', '1619996121'),
(1037, 1, 'FormAllDynController.php', 'IPPSESSID608f154fe30c0', '127.0.0.1', 'This login protected page has been accessed', '1619996121'),
(1038, 1, 'MainWorkOrderSubmit.php', 'IPPSESSID608f154fe30c0', '127.0.0.1', 'This login protected page has been accessed', '1619996124'),
(1039, 1, 'MainWorkOrderSubmit.php', 'IPPSESSID608f154fe30c0', '127.0.0.1', 'SU-1 re-published sales order with REF: 8014 ID: NA to sales verification', '1619996124'),
(1040, 1, 'work_order_sales_verify.php', 'IPPSESSID608f154fe30c0', '127.0.0.1', 'This login protected page has been accessed', '1619996126'),
(1041, 1, 'SalesWorkOrderController.php', 'IPPSESSID608f154fe30c0', '127.0.0.1', 'This login protected page has been accessed', '1619996128'),
(1042, 1, 'MainWorkOrderSubmit.php', 'IPPSESSID608f154fe30c0', '127.0.0.1', 'This login protected page has been accessed', '1619996141'),
(1043, 1, 'MainWorkOrderSubmit.php', 'IPPSESSID608f154fe30c0', '127.0.0.1', 'This login protected page has been accessed', '1619996169'),
(1044, 1, 'MainWorkOrderSubmit.php', 'IPPSESSID608f154fe30c0', '127.0.0.1', 'SU-1 rejected sales order with REF: 8014 ID: NA reason : Lorem ipsum dolor sit amet, consectetur adipiscing elitLorem ipsum dolor sit amet, consectetur adipiscing elit', '1619996169'),
(1045, 1, 'work_order_sales.php', 'IPPSESSID608f154fe30c0', '127.0.0.1', 'This login protected page has been accessed', '1619996171'),
(1046, 1, 'work_order_sales_generate.php', 'IPPSESSID608f154fe30c0', '127.0.0.1', 'This login protected page has been accessed', '1619996178'),
(1047, 1, 'FormAllDynController.php', 'IPPSESSID608f154fe30c0', '127.0.0.1', 'This login protected page has been accessed', '1619996178'),
(1048, 1, 'FormAllDynController.php', 'IPPSESSID608f154fe30c0', '127.0.0.1', 'This login protected page has been accessed', '1619996178'),
(1049, 1, 'FormAllDynController.php', 'IPPSESSID608f154fe30c0', '127.0.0.1', 'This login protected page has been accessed', '1619996178'),
(1050, 1, 'FormAllDynController.php', 'IPPSESSID608f154fe30c0', '127.0.0.1', 'This login protected page has been accessed', '1619996179'),
(1051, 1, 'SalesWorkOrderSubmit.php', 'IPPSESSID608f154fe30c0', '127.0.0.1', 'This login protected page has been accessed', '1619996191'),
(1052, 1, 'SalesWorkOrderSubmit.php', 'IPPSESSID608f154fe30c0', '127.0.0.1', 'SU-1 edited sales order with REF: 8014 ID: 55', '1619996191'),
(1053, 1, 'MainWorkOrderSubmit.php', 'IPPSESSID608f154fe30c0', '127.0.0.1', 'This login protected page has been accessed', '1619996195'),
(1054, 1, 'MainWorkOrderSubmit.php', 'IPPSESSID608f154fe30c0', '127.0.0.1', 'SU-1 re-published sales order with REF: 8014 ID: NA to sales verification', '1619996195'),
(1055, 1, 'work_order_sales.php', 'IPPSESSID608f154fe30c0', '127.0.0.1', 'This login protected page has been accessed', '1619996200'),
(1056, 1, 'work_order_sales_verify.php', 'IPPSESSID608f154fe30c0', '127.0.0.1', 'This login protected page has been accessed', '1619996202'),
(1057, 1, 'work_order_view_print.php', 'IPPSESSID608f154fe30c0', '127.0.0.1', 'This login protected page has been accessed', '1619996215'),
(1058, 1, 'MainWorkOrderSubmit.php', 'IPPSESSID608f154fe30c0', '127.0.0.1', 'This login protected page has been accessed', '1619996278'),
(1059, 1, 'MainWorkOrderSubmit.php', 'IPPSESSID608f154fe30c0', '127.0.0.1', 'SU-1 verified sales order with REF: 8014 ID: NA and sent it to accounts', '1619996278'),
(1060, 1, 'work_order_accounts.php', 'IPPSESSID608f154fe30c0', '127.0.0.1', 'This login protected page has been accessed', '1619996283'),
(1061, 1, 'admin_users.php', 'IPPSESSID608f154fe30c0', '127.0.0.1', 'This login protected page has been accessed', '1619996296'),
(1062, 2, 'home.php', 'IPPSESSID608f2e988db82', '127.0.0.1', 'This login protected page has been accessed', '1619996312'),
(1063, 2, 'form_manager.php', 'IPPSESSID608f2e988db82', '127.0.0.1', 'This login protected page has been accessed', '1619996316'),
(1064, 2, 'admin_users.php', 'IPPSESSID608f2e988db82', '127.0.0.1', 'This login protected page has been accessed', '1619996318'),
(1065, 2, 'work_order_accounts.php', 'IPPSESSID608f2e988db82', '127.0.0.1', 'This login protected page has been accessed', '1619996330'),
(1066, 2, 'conditional_release.php', 'IPPSESSID608f2e988db82', '127.0.0.1', 'This login protected page has been accessed', '1619996336'),
(1067, 1, 'AccountsController.php', 'IPPSESSID608f154fe30c0', '127.0.0.1', 'This login protected page has been accessed', '1619996344'),
(1068, 1, 'AccountsController.php', 'IPPSESSID608f154fe30c0', '127.0.0.1', 'This login protected page has been accessed', '1619996352'),
(1069, 1, 'AccountsController.php', 'IPPSESSID608f154fe30c0', '127.0.0.1', 'SU-1 requested conditional release for work order with  REF: 8014 | Reason: Release it |ID: 1', '1619996353'),
(1070, 2, 'conditional_release.php', 'IPPSESSID608f2e988db82', '127.0.0.1', 'This login protected page has been accessed', '1619996354'),
(1071, 2, 'conditional_release.php', 'IPPSESSID608f2e988db82', '127.0.0.1', 'This login protected page has been accessed', '1619996356'),
(1072, 2, 'MainWorkOrderSubmit.php', 'IPPSESSID608f2e988db82', '127.0.0.1', 'This login protected page has been accessed', '1619996371'),
(1073, 2, 'MainWorkOrderSubmit.php', 'IPPSESSID608f2e988db82', '127.0.0.1', 'MD-1 conditionally released a work order with REF: 8014 ID: NA to technical', '1619996371'),
(1074, 2, 'conditional_release.php', 'IPPSESSID608f2e988db82', '127.0.0.1', 'This login protected page has been accessed', '1619996375'),
(1075, 1, 'work_order_accounts.php', 'IPPSESSID608f154fe30c0', '127.0.0.1', 'This login protected page has been accessed', '1619996389'),
(1076, 1, 'work_order_technical.php', 'IPPSESSID608f154fe30c0', '127.0.0.1', 'This login protected page has been accessed', '1619996398'),
(1077, 1, 'work_order_sales.php', 'IPPSESSID608f154fe30c0', '127.0.0.1', 'This login protected page has been accessed', '1619996478'),
(1078, 1, 'MainWorkOrderSubmit.php', 'IPPSESSID608f154fe30c0', '127.0.0.1', 'This login protected page has been accessed', '1619996483'),
(1079, 1, 'MainWorkOrderSubmit.php', 'IPPSESSID608f154fe30c0', '127.0.0.1', 'SU-1 published sales order with REF: 8013 ID: NA to sales verification', '1619996483'),
(1080, 1, 'work_order_tracker.php', 'IPPSESSID608f154fe30c0', '127.0.0.1', 'This login protected page has been accessed', '1619996493');
INSERT INTO `logcat_main` (`logcat_id`, `logcat_lum_id`, `logcat_page`, `logcat_session_hash`, `logcat_ip`, `logcat_text`, `logcat_dnt`) VALUES
(1081, 1, 'work_order_tracker.php', 'IPPSESSID608f154fe30c0', '127.0.0.1', 'This login protected page has been accessed', '1619996496'),
(1082, 1, 'work_order_view_print.php', 'IPPSESSID608f154fe30c0', '127.0.0.1', 'This login protected page has been accessed', '1619996502'),
(1083, 1, 'work_order_view_print.php', 'IPPSESSID608f154fe30c0', '127.0.0.1', 'This login protected page has been accessed', '1619996506'),
(1084, 1, 'work_order_tracker.php', 'IPPSESSID608f154fe30c0', '127.0.0.1', 'This login protected page has been accessed', '1619996506'),
(1085, 1, 'work_order_view_print.php', 'IPPSESSID608f154fe30c0', '127.0.0.1', 'This login protected page has been accessed', '1619996508'),
(1086, 1, 'work_order_view_print.php', 'IPPSESSID608f154fe30c0', '127.0.0.1', 'This login protected page has been accessed', '1619996512'),
(1087, 1, 'work_order_tracker.php', 'IPPSESSID608f154fe30c0', '127.0.0.1', 'This login protected page has been accessed', '1619996512'),
(1088, 1, 'work_order_technical.php', 'IPPSESSID608f154fe30c0', '127.0.0.1', 'This login protected page has been accessed', '1619996519'),
(1089, 1, 'work_order_accounts.php', 'IPPSESSID608f154fe30c0', '127.0.0.1', 'This login protected page has been accessed', '1619996522'),
(1090, 1, 'work_order_accounts.php', 'IPPSESSID608f154fe30c0', '127.0.0.1', 'This login protected page has been accessed', '1619996690'),
(1091, 1, 'work_order_technical.php', 'IPPSESSID608f154fe30c0', '127.0.0.1', 'This login protected page has been accessed', '1619996695'),
(1092, 1, 'work_order_technical.php', 'IPPSESSID608f154fe30c0', '127.0.0.1', 'This login protected page has been accessed', '1619996700'),
(1093, 1, 'work_order_technical.php', 'IPPSESSID608f154fe30c0', '127.0.0.1', 'This login protected page has been accessed', '1619996792'),
(1094, 1, 'work_order_main_edit.php', 'IPPSESSID608f154fe30c0', '127.0.0.1', 'This login protected page has been accessed', '1619996795'),
(1095, 1, 'FormAllDynController.php', 'IPPSESSID608f154fe30c0', '127.0.0.1', 'This login protected page has been accessed', '1619996796'),
(1096, 1, 'FormAllDynController.php', 'IPPSESSID608f154fe30c0', '127.0.0.1', 'This login protected page has been accessed', '1619996796'),
(1097, 1, 'FormAllDynController.php', 'IPPSESSID608f154fe30c0', '127.0.0.1', 'This login protected page has been accessed', '1619996796'),
(1098, 1, 'FormAllDynController.php', 'IPPSESSID608f154fe30c0', '127.0.0.1', 'This login protected page has been accessed', '1619996796'),
(1099, 1, 'home.php', 'IPPSESSID608fc0cc64b97', '127.0.0.1', 'This login protected page has been accessed', '1620033740'),
(1100, 1, 'work_order_sales.php', 'IPPSESSID608fc0cc64b97', '127.0.0.1', 'This login protected page has been accessed', '1620033744'),
(1101, 1, 'work_order_all_complete.php', 'IPPSESSID608fc0cc64b97', '127.0.0.1', 'This login protected page has been accessed', '1620034166'),
(1102, 1, 'work_order_all.php', 'IPPSESSID608fc0cc64b97', '127.0.0.1', 'This login protected page has been accessed', '1620034169'),
(1103, 1, 'AllControllerTable.php', 'IPPSESSID608fc0cc64b97', '127.0.0.1', 'This login protected page has been accessed', '1620034169'),
(1104, 1, 'work_order_technical.php', 'IPPSESSID608fc0cc64b97', '127.0.0.1', 'This login protected page has been accessed', '1620034174'),
(1105, 1, 'MainWorkOrderSubmit.php', 'IPPSESSID608fc0cc64b97', '127.0.0.1', 'This login protected page has been accessed', '1620034179'),
(1106, 1, 'MainWorkOrderSubmit.php', 'IPPSESSID608fc0cc64b97', '127.0.0.1', 'SU-1 published work order with REF: 8000 ID: NA to technical VERIFICATION', '1620034179'),
(1107, 1, 'work_order_technical_verify.php', 'IPPSESSID608fc0cc64b97', '127.0.0.1', 'This login protected page has been accessed', '1620034184'),
(1108, 1, 'MainWorkOrderSubmit.php', 'IPPSESSID608fc0cc64b97', '127.0.0.1', 'This login protected page has been accessed', '1620034185'),
(1109, 1, 'MainWorkOrderSubmit.php', 'IPPSESSID608fc0cc64b97', '127.0.0.1', 'SU-1 verified and published a work order with REF: 8000 ID: NA for all to view', '1620034185'),
(1110, 1, 'work_order_all.php', 'IPPSESSID608fc0cc64b97', '127.0.0.1', 'This login protected page has been accessed', '1620034191'),
(1111, 1, 'AllControllerTable.php', 'IPPSESSID608fc0cc64b97', '127.0.0.1', 'This login protected page has been accessed', '1620034191'),
(1112, 1, 'work_order_technical_verify.php', 'IPPSESSID608fc0cc64b97', '127.0.0.1', 'This login protected page has been accessed', '1620034203'),
(1113, 1, 'work_order_technical.php', 'IPPSESSID608fc0cc64b97', '127.0.0.1', 'This login protected page has been accessed', '1620034206'),
(1114, 1, 'work_order_all.php', 'IPPSESSID608fc0cc64b97', '127.0.0.1', 'This login protected page has been accessed', '1620034230'),
(1115, 1, 'AllControllerTable.php', 'IPPSESSID608fc0cc64b97', '127.0.0.1', 'This login protected page has been accessed', '1620034230'),
(1116, 1, 'work_order_view_print.php', 'IPPSESSID608fc0cc64b97', '127.0.0.1', 'This login protected page has been accessed', '1620034236'),
(1117, 1, 'work_order_technical.php', 'IPPSESSID608fc0cc64b97', '127.0.0.1', 'This login protected page has been accessed', '1620034260'),
(1118, 1, 'MainWorkOrderSubmit.php', 'IPPSESSID608fc0cc64b97', '127.0.0.1', 'This login protected page has been accessed', '1620034273'),
(1119, 1, 'MainWorkOrderSubmit.php', 'IPPSESSID608fc0cc64b97', '127.0.0.1', 'SU-1 verified and published a conditionally approved work order with REF: 8014 ID: NA for all to view', '1620034273'),
(1120, 1, 'work_order_technical_verify.php', 'IPPSESSID608fc0cc64b97', '127.0.0.1', 'This login protected page has been accessed', '1620034278'),
(1121, 1, 'MainWorkOrderSubmit.php', 'IPPSESSID608fc0cc64b97', '127.0.0.1', 'This login protected page has been accessed', '1620034284'),
(1122, 1, 'MainWorkOrderSubmit.php', 'IPPSESSID608fc0cc64b97', '127.0.0.1', 'SU-1 verified and published a work order with REF: 8014 ID: NA for all to view', '1620034284'),
(1123, 1, 'work_order_all.php', 'IPPSESSID608fc0cc64b97', '127.0.0.1', 'This login protected page has been accessed', '1620034288'),
(1124, 1, 'AllControllerTable.php', 'IPPSESSID608fc0cc64b97', '127.0.0.1', 'This login protected page has been accessed', '1620034288'),
(1125, 1, 'work_order_view_print.php', 'IPPSESSID608fc0cc64b97', '127.0.0.1', 'This login protected page has been accessed', '1620034353'),
(1126, 1, 'work_order_sales_generate.php', 'IPPSESSID608fc0cc64b97', '127.0.0.1', 'This login protected page has been accessed', '1620034381'),
(1127, 1, 'FormAllDynController.php', 'IPPSESSID608fc0cc64b97', '127.0.0.1', 'This login protected page has been accessed', '1620034382'),
(1128, 1, 'FormAllDynController.php', 'IPPSESSID608fc0cc64b97', '127.0.0.1', 'This login protected page has been accessed', '1620034382'),
(1129, 1, 'work_order_sales_generate.php', 'IPPSESSID608fc0cc64b97', '127.0.0.1', 'This login protected page has been accessed', '1620034454'),
(1130, 1, 'FormAllDynController.php', 'IPPSESSID608fc0cc64b97', '127.0.0.1', 'This login protected page has been accessed', '1620034456'),
(1131, 1, 'FormAllDynController.php', 'IPPSESSID608fc0cc64b97', '127.0.0.1', 'This login protected page has been accessed', '1620034456'),
(1132, 1, 'work_order_sales_generate.php', 'IPPSESSID608fc0cc64b97', '127.0.0.1', 'This login protected page has been accessed', '1620034463'),
(1133, 1, 'FormAllDynController.php', 'IPPSESSID608fc0cc64b97', '127.0.0.1', 'This login protected page has been accessed', '1620034464'),
(1134, 1, 'FormAllDynController.php', 'IPPSESSID608fc0cc64b97', '127.0.0.1', 'This login protected page has been accessed', '1620034464'),
(1135, 1, 'work_order_sales_generate.php', 'IPPSESSID608fc0cc64b97', '127.0.0.1', 'This login protected page has been accessed', '1620034486'),
(1136, 1, 'FormAllDynController.php', 'IPPSESSID608fc0cc64b97', '127.0.0.1', 'This login protected page has been accessed', '1620034488'),
(1137, 1, 'FormAllDynController.php', 'IPPSESSID608fc0cc64b97', '127.0.0.1', 'This login protected page has been accessed', '1620034488'),
(1138, 1, 'work_order_sales_generate.php', 'IPPSESSID608fc0cc64b97', '127.0.0.1', 'This login protected page has been accessed', '1620034561'),
(1139, 1, 'FormAllDynController.php', 'IPPSESSID608fc0cc64b97', '127.0.0.1', 'This login protected page has been accessed', '1620034562'),
(1140, 1, 'FormAllDynController.php', 'IPPSESSID608fc0cc64b97', '127.0.0.1', 'This login protected page has been accessed', '1620034562'),
(1141, 1, 'work_order_sales_generate.php', 'IPPSESSID608fc0cc64b97', '127.0.0.1', 'This login protected page has been accessed', '1620034583'),
(1142, 1, 'FormAllDynController.php', 'IPPSESSID608fc0cc64b97', '127.0.0.1', 'This login protected page has been accessed', '1620034583'),
(1143, 1, 'FormAllDynController.php', 'IPPSESSID608fc0cc64b97', '127.0.0.1', 'This login protected page has been accessed', '1620034583'),
(1144, 1, 'SalesWorkOrderSubmit.php', 'IPPSESSID608fc0cc64b97', '127.0.0.1', 'This login protected page has been accessed', '1620034651'),
(1145, 1, 'SalesWorkOrderSubmit.php', 'IPPSESSID608fc0cc64b97', '127.0.0.1', 'SU-1 added sales order with REF: 8015 ID: 64', '1620034651'),
(1146, 1, 'work_order_sales.php', 'IPPSESSID608fc0cc64b97', '127.0.0.1', 'This login protected page has been accessed', '1620034654'),
(1147, 1, 'work_order_sales.php', 'IPPSESSID608fc0cc64b97', '127.0.0.1', 'This login protected page has been accessed', '1620034701'),
(1148, 1, 'work_order_sales.php', 'IPPSESSID608fc0cc64b97', '127.0.0.1', 'This login protected page has been accessed', '1620034888'),
(1149, 1, 'work_order_sales_generate.php', 'IPPSESSID608fc0cc64b97', '127.0.0.1', 'This login protected page has been accessed', '1620034895'),
(1150, 1, 'FormAllDynController.php', 'IPPSESSID608fc0cc64b97', '127.0.0.1', 'This login protected page has been accessed', '1620034896'),
(1151, 1, 'FormAllDynController.php', 'IPPSESSID608fc0cc64b97', '127.0.0.1', 'This login protected page has been accessed', '1620034896'),
(1152, 1, 'FormAllDynController.php', 'IPPSESSID608fc0cc64b97', '127.0.0.1', 'This login protected page has been accessed', '1620034896'),
(1153, 1, 'FormAllDynController.php', 'IPPSESSID608fc0cc64b97', '127.0.0.1', 'This login protected page has been accessed', '1620034896'),
(1154, 1, 'MainWorkOrderSubmit.php', 'IPPSESSID608fc0cc64b97', '127.0.0.1', 'This login protected page has been accessed', '1620034918'),
(1155, 1, 'MainWorkOrderSubmit.php', 'IPPSESSID608fc0cc64b97', '127.0.0.1', 'SU-1 published sales order with REF: 8015 ID: NA to sales verification', '1620034918'),
(1156, 1, 'work_order_sales.php', 'IPPSESSID608fc0cc64b97', '127.0.0.1', 'This login protected page has been accessed', '1620034921'),
(1157, 1, 'work_order_sales_verify.php', 'IPPSESSID608fc0cc64b97', '127.0.0.1', 'This login protected page has been accessed', '1620034986'),
(1158, 1, 'work_order_sales_verify.php', 'IPPSESSID608fc0cc64b97', '127.0.0.1', 'This login protected page has been accessed', '1620035052'),
(1159, 1, 'SalesWorkOrderController.php', 'IPPSESSID608fc0cc64b97', '127.0.0.1', 'This login protected page has been accessed', '1620035056'),
(1160, 1, 'MainWorkOrderSubmit.php', 'IPPSESSID608fc0cc64b97', '127.0.0.1', 'This login protected page has been accessed', '1620035059'),
(1161, 1, 'MainWorkOrderSubmit.php', 'IPPSESSID608fc0cc64b97', '127.0.0.1', 'SU-1 rejected sales order with REF: 8015 ID: NA reason : aaaa', '1620035059'),
(1162, 1, 'work_order_sales_verify.php', 'IPPSESSID608fc0cc64b97', '127.0.0.1', 'This login protected page has been accessed', '1620035061'),
(1163, 1, 'work_order_sales.php', 'IPPSESSID608fc0cc64b97', '127.0.0.1', 'This login protected page has been accessed', '1620035066'),
(1164, 1, 'MainWorkOrderSubmit.php', 'IPPSESSID608fc0cc64b97', '127.0.0.1', 'This login protected page has been accessed', '1620035072'),
(1165, 1, 'MainWorkOrderSubmit.php', 'IPPSESSID608fc0cc64b97', '127.0.0.1', 'SU-1 re-published sales order with REF: 8015 ID: NA to sales verification', '1620035072'),
(1166, 1, 'work_order_sales_verify.php', 'IPPSESSID608fc0cc64b97', '127.0.0.1', 'This login protected page has been accessed', '1620035076'),
(1167, 1, 'MainWorkOrderSubmit.php', 'IPPSESSID608fc0cc64b97', '127.0.0.1', 'This login protected page has been accessed', '1620035079'),
(1168, 1, 'MainWorkOrderSubmit.php', 'IPPSESSID608fc0cc64b97', '127.0.0.1', 'SU-1 verified sales order with REF: 8015 ID: NA and sent it to accounts', '1620035079'),
(1169, 1, 'work_order_sales_verify.php', 'IPPSESSID608fc0cc64b97', '127.0.0.1', 'This login protected page has been accessed', '1620035080'),
(1170, 1, 'work_order_accounts.php', 'IPPSESSID608fc0cc64b97', '127.0.0.1', 'This login protected page has been accessed', '1620035085'),
(1171, 1, 'MainWorkOrderSubmit.php', 'IPPSESSID608fc0cc64b97', '127.0.0.1', 'This login protected page has been accessed', '1620035327'),
(1172, 1, 'MainWorkOrderSubmit.php', 'IPPSESSID608fc0cc64b97', '127.0.0.1', 'SU-1 published sales order with REF: 8015 ID: NA to Technical', '1620035327'),
(1173, 1, 'work_order_accounts.php', 'IPPSESSID608fc0cc64b97', '127.0.0.1', 'This login protected page has been accessed', '1620035328'),
(1174, 1, 'work_order_technical.php', 'IPPSESSID608fc0cc64b97', '127.0.0.1', 'This login protected page has been accessed', '1620035334'),
(1175, 1, 'work_order_technical.php', 'IPPSESSID608fc0cc64b97', '127.0.0.1', 'This login protected page has been accessed', '1620035374'),
(1176, 1, 'work_order_main_edit.php', 'IPPSESSID608fc0cc64b97', '127.0.0.1', 'This login protected page has been accessed', '1620035388'),
(1177, 1, 'FormAllDynController.php', 'IPPSESSID608fc0cc64b97', '127.0.0.1', 'This login protected page has been accessed', '1620035388'),
(1178, 1, 'FormAllDynController.php', 'IPPSESSID608fc0cc64b97', '127.0.0.1', 'This login protected page has been accessed', '1620035388'),
(1179, 1, 'FormAllDynController.php', 'IPPSESSID608fc0cc64b97', '127.0.0.1', 'This login protected page has been accessed', '1620035388'),
(1180, 1, 'FormAllDynController.php', 'IPPSESSID608fc0cc64b97', '127.0.0.1', 'This login protected page has been accessed', '1620035389'),
(1181, 1, 'MainWorkOrderSubmit.php', 'IPPSESSID608fc0cc64b97', '127.0.0.1', 'This login protected page has been accessed', '1620035392'),
(1182, 1, 'MainWorkOrderSubmit.php', 'IPPSESSID608fc0cc64b97', '127.0.0.1', 'SU-1 published work order with REF: 8015 ID: NA to technical VERIFICATION', '1620035392'),
(1183, 1, 'work_order_technical_verify.php', 'IPPSESSID608fc0cc64b97', '127.0.0.1', 'This login protected page has been accessed', '1620035397'),
(1184, 1, 'SalesWorkOrderController.php', 'IPPSESSID608fc0cc64b97', '127.0.0.1', 'This login protected page has been accessed', '1620035399'),
(1185, 1, 'MainWorkOrderSubmit.php', 'IPPSESSID608fc0cc64b97', '127.0.0.1', 'This login protected page has been accessed', '1620035401'),
(1186, 1, 'MainWorkOrderSubmit.php', 'IPPSESSID608fc0cc64b97', '127.0.0.1', 'SU-1 rejected a work order with REF: 8015 ID: NA and sent back to technical reason:aaa', '1620035401'),
(1187, 1, 'work_order_technical.php', 'IPPSESSID608fc0cc64b97', '127.0.0.1', 'This login protected page has been accessed', '1620035407'),
(1188, 1, 'MainWorkOrderSubmit.php', 'IPPSESSID608fc0cc64b97', '127.0.0.1', 'This login protected page has been accessed', '1620035411'),
(1189, 1, 'MainWorkOrderSubmit.php', 'IPPSESSID608fc0cc64b97', '127.0.0.1', 'SU-1 published a work order with REF: 8015 ID: NA for technical verification', '1620035411'),
(1190, 1, 'work_order_technical.php', 'IPPSESSID608fc0cc64b97', '127.0.0.1', 'This login protected page has been accessed', '1620035412'),
(1191, 1, 'work_order_technical_verify.php', 'IPPSESSID608fc0cc64b97', '127.0.0.1', 'This login protected page has been accessed', '1620035419'),
(1192, 1, 'SalesWorkOrderController.php', 'IPPSESSID608fc0cc64b97', '127.0.0.1', 'This login protected page has been accessed', '1620035746'),
(1193, 1, 'MainWorkOrderSubmit.php', 'IPPSESSID608fc0cc64b97', '127.0.0.1', 'This login protected page has been accessed', '1620035748'),
(1194, 1, 'MainWorkOrderSubmit.php', 'IPPSESSID608fc0cc64b97', '127.0.0.1', 'SU-1 rejected a work order with REF: 8015 ID: NA and sent back to technical reason:aaa', '1620035748'),
(1195, 1, 'work_order_technical_verify.php', 'IPPSESSID608fc0cc64b97', '127.0.0.1', 'This login protected page has been accessed', '1620035751'),
(1196, 1, 'work_order_technical.php', 'IPPSESSID608fc0cc64b97', '127.0.0.1', 'This login protected page has been accessed', '1620035755'),
(1197, 1, 'MainWorkOrderSubmit.php', 'IPPSESSID608fc0cc64b97', '127.0.0.1', 'This login protected page has been accessed', '1620035853'),
(1198, 1, 'MainWorkOrderSubmit.php', 'IPPSESSID608fc0cc64b97', '127.0.0.1', 'SU-1 published a work order with REF: 8015 ID: NA for technical verification', '1620035853'),
(1199, 1, 'work_order_technical_verify.php', 'IPPSESSID608fc0cc64b97', '127.0.0.1', 'This login protected page has been accessed', '1620035856'),
(1200, 1, 'MainWorkOrderSubmit.php', 'IPPSESSID608fc0cc64b97', '127.0.0.1', 'This login protected page has been accessed', '1620035862'),
(1201, 1, 'MainWorkOrderSubmit.php', 'IPPSESSID608fc0cc64b97', '127.0.0.1', 'SU-1 verified and published a work order with REF: 8015 ID: NA for all to view', '1620035862'),
(1202, 1, 'work_order_technical_verify.php', 'IPPSESSID608fc0cc64b97', '127.0.0.1', 'This login protected page has been accessed', '1620035864'),
(1203, 1, 'work_order_all_complete.php', 'IPPSESSID608fc0cc64b97', '127.0.0.1', 'This login protected page has been accessed', '1620035894'),
(1204, 1, 'work_order_all_complete.php', 'IPPSESSID608fc0cc64b97', '127.0.0.1', 'This login protected page has been accessed', '1620035908'),
(1205, 1, 'work_order_sales_generate.php', 'IPPSESSID608fc0cc64b97', '127.0.0.1', 'This login protected page has been accessed', '1620036490'),
(1206, 1, 'FormAllDynController.php', 'IPPSESSID608fc0cc64b97', '127.0.0.1', 'This login protected page has been accessed', '1620036490'),
(1207, 1, 'FormAllDynController.php', 'IPPSESSID608fc0cc64b97', '127.0.0.1', 'This login protected page has been accessed', '1620036490'),
(1208, 1, 'work_order_view_print.php', 'IPPSESSID608fc0cc64b97', '127.0.0.1', 'This login protected page has been accessed', '1620036651'),
(1209, 1, 'work_order_view_print.php', 'IPPSESSID608fc0cc64b97', '127.0.0.1', 'This login protected page has been accessed', '1620036665'),
(1210, 1, 'work_order_view_print.php', 'IPPSESSID608fc0cc64b97', '127.0.0.1', 'This login protected page has been accessed', '1620036679'),
(1211, 1, 'work_order_view_print.php', 'IPPSESSID608fc0cc64b97', '127.0.0.1', 'This login protected page has been accessed', '1620037380'),
(1212, 1, 'work_order_view_print.php', 'IPPSESSID608fc0cc64b97', '127.0.0.1', 'This login protected page has been accessed', '1620037703'),
(1213, 1, 'work_order_view_print.php', 'IPPSESSID608fc0cc64b97', '127.0.0.1', 'This login protected page has been accessed', '1620037714'),
(1214, 1, 'work_order_view_print.php', 'IPPSESSID608fc0cc64b97', '127.0.0.1', 'This login protected page has been accessed', '1620037735'),
(1215, 1, 'work_order_view_print.php', 'IPPSESSID608fc0cc64b97', '127.0.0.1', 'This login protected page has been accessed', '1620037747'),
(1216, 1, 'work_order_view_print.php', 'IPPSESSID608fc0cc64b97', '127.0.0.1', 'This login protected page has been accessed', '1620038124'),
(1217, 1, 'work_order_view_print.php', 'IPPSESSID608fc0cc64b97', '127.0.0.1', 'This login protected page has been accessed', '1620038150'),
(1218, 1, 'work_order_view_print.php', 'IPPSESSID608fc0cc64b97', '127.0.0.1', 'This login protected page has been accessed', '1620038156'),
(1219, 1, 'work_order_view_print.php', 'IPPSESSID608fc0cc64b97', '127.0.0.1', 'This login protected page has been accessed', '1620038346'),
(1220, 1, 'work_order_view_print.php', 'IPPSESSID608fc0cc64b97', '127.0.0.1', 'This login protected page has been accessed', '1620038425'),
(1221, 1, 'work_order_view_print.php', 'IPPSESSID608fc0cc64b97', '127.0.0.1', 'This login protected page has been accessed', '1620038442'),
(1222, 1, 'work_order_view_print.php', 'IPPSESSID608fc0cc64b97', '127.0.0.1', 'This login protected page has been accessed', '1620038485'),
(1223, 1, 'work_order_view_print.php', 'IPPSESSID608fc0cc64b97', '127.0.0.1', 'This login protected page has been accessed', '1620038511'),
(1224, 1, 'work_order_view_print.php', 'IPPSESSID608fc0cc64b97', '127.0.0.1', 'This login protected page has been accessed', '1620038514'),
(1225, 1, 'work_order_view_print.php', 'IPPSESSID608fc0cc64b97', '127.0.0.1', 'This login protected page has been accessed', '1620038668'),
(1226, 1, 'FormAllDynController.php', 'IPPSESSID608fc0cc64b97', '127.0.0.1', 'This login protected page has been accessed', '1620038696'),
(1227, 1, 'FormAllDynController.php', 'IPPSESSID608fc0cc64b97', '127.0.0.1', 'This login protected page has been accessed', '1620038698'),
(1228, 1, 'work_order_sales.php', 'IPPSESSID608fc0cc64b97', '127.0.0.1', 'This login protected page has been accessed', '1620038775'),
(1229, 1, 'work_order_sales_generate.php', 'IPPSESSID608fc0cc64b97', '127.0.0.1', 'This login protected page has been accessed', '1620038781'),
(1230, 1, 'FormAllDynController.php', 'IPPSESSID608fc0cc64b97', '127.0.0.1', 'This login protected page has been accessed', '1620038782'),
(1231, 1, 'FormAllDynController.php', 'IPPSESSID608fc0cc64b97', '127.0.0.1', 'This login protected page has been accessed', '1620038782'),
(1232, 1, 'FormAllDynController.php', 'IPPSESSID608fc0cc64b97', '127.0.0.1', 'This login protected page has been accessed', '1620038782'),
(1233, 1, 'FormAllDynController.php', 'IPPSESSID608fc0cc64b97', '127.0.0.1', 'This login protected page has been accessed', '1620038782'),
(1234, 1, 'work_order_view_print.php', 'IPPSESSID608fc0cc64b97', '127.0.0.1', 'This login protected page has been accessed', '1620038789'),
(1235, 1, 'work_order_view_print.php', 'IPPSESSID608fc0cc64b97', '127.0.0.1', 'This login protected page has been accessed', '1620038926'),
(1236, 1, 'work_order_view_print.php', 'IPPSESSID608fc0cc64b97', '127.0.0.1', 'This login protected page has been accessed', '1620038937'),
(1237, 1, 'work_order_sales_generate.php', 'IPPSESSID608fc0cc64b97', '127.0.0.1', 'This login protected page has been accessed', '1620038981'),
(1238, 1, 'FormAllDynController.php', 'IPPSESSID608fc0cc64b97', '127.0.0.1', 'This login protected page has been accessed', '1620038981'),
(1239, 1, 'FormAllDynController.php', 'IPPSESSID608fc0cc64b97', '127.0.0.1', 'This login protected page has been accessed', '1620038981'),
(1240, 1, 'FormAllDynController.php', 'IPPSESSID608fc0cc64b97', '127.0.0.1', 'This login protected page has been accessed', '1620038982'),
(1241, 1, 'FormAllDynController.php', 'IPPSESSID608fc0cc64b97', '127.0.0.1', 'This login protected page has been accessed', '1620038982'),
(1242, 1, 'SalesWorkOrderSubmit.php', 'IPPSESSID608fc0cc64b97', '127.0.0.1', 'This login protected page has been accessed', '1620038988'),
(1243, 1, 'SalesWorkOrderSubmit.php', 'IPPSESSID608fc0cc64b97', '127.0.0.1', 'SU-1 edited sales order with REF: 8011 ID: 76', '1620038988'),
(1244, 1, 'work_order_view_print.php', 'IPPSESSID608fc0cc64b97', '127.0.0.1', 'This login protected page has been accessed', '1620038989'),
(1245, 1, 'work_order_sales_generate.php', 'IPPSESSID608fc0cc64b97', '127.0.0.1', 'This login protected page has been accessed', '1620038991'),
(1246, 1, 'FormAllDynController.php', 'IPPSESSID608fc0cc64b97', '127.0.0.1', 'This login protected page has been accessed', '1620038992'),
(1247, 1, 'FormAllDynController.php', 'IPPSESSID608fc0cc64b97', '127.0.0.1', 'This login protected page has been accessed', '1620038992'),
(1248, 1, 'FormAllDynController.php', 'IPPSESSID608fc0cc64b97', '127.0.0.1', 'This login protected page has been accessed', '1620038992'),
(1249, 1, 'FormAllDynController.php', 'IPPSESSID608fc0cc64b97', '127.0.0.1', 'This login protected page has been accessed', '1620038992'),
(1250, 1, 'SalesWorkOrderSubmit.php', 'IPPSESSID608fc0cc64b97', '127.0.0.1', 'This login protected page has been accessed', '1620039000'),
(1251, 1, 'SalesWorkOrderSubmit.php', 'IPPSESSID608fc0cc64b97', '127.0.0.1', 'SU-1 edited sales order with REF: 8011 ID: 77', '1620039000'),
(1252, 1, 'work_order_view_print.php', 'IPPSESSID608fc0cc64b97', '127.0.0.1', 'This login protected page has been accessed', '1620039002'),
(1253, 1, 'work_order_sales_generate.php', 'IPPSESSID608fc0cc64b97', '127.0.0.1', 'This login protected page has been accessed', '1620040036'),
(1254, 1, 'FormAllDynController.php', 'IPPSESSID608fc0cc64b97', '127.0.0.1', 'This login protected page has been accessed', '1620040037'),
(1255, 1, 'FormAllDynController.php', 'IPPSESSID608fc0cc64b97', '127.0.0.1', 'This login protected page has been accessed', '1620040037'),
(1256, 1, 'FormAllDynController.php', 'IPPSESSID608fc0cc64b97', '127.0.0.1', 'This login protected page has been accessed', '1620040037'),
(1257, 1, 'FormAllDynController.php', 'IPPSESSID608fc0cc64b97', '127.0.0.1', 'This login protected page has been accessed', '1620040037'),
(1258, 1, 'work_order_sales.php', 'IPPSESSID608fc0cc64b97', '127.0.0.1', 'This login protected page has been accessed', '1620041031'),
(1259, 1, 'work_order_sales.php', 'IPPSESSID608fc0cc64b97', '127.0.0.1', 'This login protected page has been accessed', '1620041045'),
(1260, 1, 'work_order_sales.php', 'IPPSESSID608fc0cc64b97', '127.0.0.1', 'This login protected page has been accessed', '1620041057'),
(1261, 1, 'amendment_form.php', 'IPPSESSID608fc0cc64b97', '127.0.0.1', 'This login protected page has been accessed', '1620041180'),
(1262, 1, 'amendment_form.php', 'IPPSESSID608fc0cc64b97', '127.0.0.1', 'This login protected page has been accessed', '1620041543'),
(1263, 1, 'amendment_form.php', 'IPPSESSID608fc0cc64b97', '127.0.0.1', 'This login protected page has been accessed', '1620041563'),
(1264, 1, 'amendment_form.php', 'IPPSESSID608fc0cc64b97', '127.0.0.1', 'This login protected page has been accessed', '1620041563'),
(1265, 1, 'work_order_sales_verify.php', 'IPPSESSID608fc0cc64b97', '127.0.0.1', 'This login protected page has been accessed', '1620041713'),
(1266, 1, 'work_order_sales_verify.php', 'IPPSESSID608fc0cc64b97', '127.0.0.1', 'This login protected page has been accessed', '1620041825'),
(1267, 1, 'amendment_form.php', 'IPPSESSID608fc0cc64b97', '127.0.0.1', 'This login protected page has been accessed', '1620041828'),
(1268, 1, 'work_order_sales.php', 'IPPSESSID608fc0cc64b97', '127.0.0.1', 'This login protected page has been accessed', '1620041837'),
(1269, 1, 'amendment_form.php', 'IPPSESSID608fc0cc64b97', '127.0.0.1', 'This login protected page has been accessed', '1620041853'),
(1270, 1, 'amendment_form.php', 'IPPSESSID608fc0cc64b97', '127.0.0.1', 'This login protected page has been accessed', '1620041941'),
(1271, 1, 'amendment_form.php', 'IPPSESSID608fc0cc64b97', '127.0.0.1', 'This login protected page has been accessed', '1620041980'),
(1272, 1, 'amendment_form.php', 'IPPSESSID608fc0cc64b97', '127.0.0.1', 'This login protected page has been accessed', '1620042061'),
(1273, 1, 'work_order_all.php', 'IPPSESSID608fc0cc64b97', '127.0.0.1', 'This login protected page has been accessed', '1620042072'),
(1274, 1, 'AllControllerTable.php', 'IPPSESSID608fc0cc64b97', '127.0.0.1', 'This login protected page has been accessed', '1620042072'),
(1275, 1, 'work_order_all_complete.php', 'IPPSESSID608fc0cc64b97', '127.0.0.1', 'This login protected page has been accessed', '1620042077'),
(1276, 1, 'MainWorkOrderSubmit.php', 'IPPSESSID608fc0cc64b97', '127.0.0.1', 'This login protected page has been accessed', '1620042084'),
(1277, 1, 'MainWorkOrderSubmit.php', 'IPPSESSID608fc0cc64b97', '127.0.0.1', 'SU-1 marked work order with REF: 8014 ID: NA as complete ', '1620042084'),
(1278, 1, 'work_order_all_complete.php', 'IPPSESSID608fc0cc64b97', '127.0.0.1', 'This login protected page has been accessed', '1620042087'),
(1279, 1, 'work_order_sales.php', 'IPPSESSID608fc0cc64b97', '127.0.0.1', 'This login protected page has been accessed', '1620042104'),
(1280, 1, 'amendment_form.php', 'IPPSESSID608fc0cc64b97', '127.0.0.1', 'This login protected page has been accessed', '1620042112'),
(1281, 1, 'amendment_form.php', 'IPPSESSID608fc0cc64b97', '127.0.0.1', 'This login protected page has been accessed', '1620042133'),
(1282, 1, 'amendment_form.php', 'IPPSESSID608fc0cc64b97', '127.0.0.1', 'This login protected page has been accessed', '1620042470'),
(1283, 1, 'amendment_form.php', 'IPPSESSID608fc0cc64b97', '127.0.0.1', 'This login protected page has been accessed', '1620042631'),
(1284, 1, 'amendment_form.php', 'IPPSESSID608fc0cc64b97', '127.0.0.1', 'This login protected page has been accessed', '1620042641'),
(1285, 1, 'amendment_form.php', 'IPPSESSID608fc0cc64b97', '127.0.0.1', 'This login protected page has been accessed', '1620042667'),
(1286, 1, 'amendment_form.php', 'IPPSESSID608fc0cc64b97', '127.0.0.1', 'This login protected page has been accessed', '1620042675'),
(1287, 1, 'amendment_form.php', 'IPPSESSID608fc0cc64b97', '127.0.0.1', 'This login protected page has been accessed', '1620042691'),
(1288, 1, 'amendment_form.php', 'IPPSESSID608fc0cc64b97', '127.0.0.1', 'This login protected page has been accessed', '1620042742'),
(1289, 1, 'amendment_form_new.php', 'IPPSESSID608fc0cc64b97', '127.0.0.1', 'This login protected page has been accessed', '1620042744'),
(1290, 1, 'amendment_form.php', 'IPPSESSID608fc0cc64b97', '127.0.0.1', 'This login protected page has been accessed', '1620042751'),
(1291, 1, 'amendment_form_new.php', 'IPPSESSID608fc0cc64b97', '127.0.0.1', 'This login protected page has been accessed', '1620042752'),
(1292, 1, 'work_order_sales.php', 'IPPSESSID608fc0cc64b97', '127.0.0.1', 'This login protected page has been accessed', '1620042861'),
(1293, 1, 'work_order_view_print.php', 'IPPSESSID608fc0cc64b97', '127.0.0.1', 'This login protected page has been accessed', '1620042864'),
(1294, 1, 'work_order_sales.php', 'IPPSESSID608fc0cc64b97', '127.0.0.1', 'This login protected page has been accessed', '1620042895'),
(1295, 1, 'work_order_view_print.php', 'IPPSESSID608fc0cc64b97', '127.0.0.1', 'This login protected page has been accessed', '1620042897'),
(1296, 1, 'work_order_sales.php', 'IPPSESSID608fc0cc64b97', '127.0.0.1', 'This login protected page has been accessed', '1620042905'),
(1297, 1, 'work_order_view_print.php', 'IPPSESSID608fc0cc64b97', '127.0.0.1', 'This login protected page has been accessed', '1620042908'),
(1298, 1, 'work_order_sales.php', 'IPPSESSID608fc0cc64b97', '127.0.0.1', 'This login protected page has been accessed', '1620042917'),
(1299, 1, 'work_order_view_print.php', 'IPPSESSID608fc0cc64b97', '127.0.0.1', 'This login protected page has been accessed', '1620042918'),
(1300, 1, 'amendment_form.php', 'IPPSESSID608fc0cc64b97', '127.0.0.1', 'This login protected page has been accessed', '1620043021'),
(1301, 1, 'amendment_form_new.php', 'IPPSESSID608fc0cc64b97', '127.0.0.1', 'This login protected page has been accessed', '1620043024'),
(1302, 1, 'amendment_form.php', 'IPPSESSID608fc0cc64b97', '127.0.0.1', 'This login protected page has been accessed', '1620043031'),
(1303, 1, 'amendment_form_new.php', 'IPPSESSID608fc0cc64b97', '127.0.0.1', 'This login protected page has been accessed', '1620043033'),
(1304, 1, 'amendment_form_new.php', 'IPPSESSID608fc0cc64b97', '127.0.0.1', 'This login protected page has been accessed', '1620043136'),
(1305, 1, 'work_order_view_print.php', 'IPPSESSID608fc0cc64b97', '127.0.0.1', 'This login protected page has been accessed', '1620043140'),
(1306, 1, 'amendment_form_new.php', 'IPPSESSID608fc0cc64b97', '127.0.0.1', 'This login protected page has been accessed', '1620043263'),
(1307, 1, 'amendment_form_new.php', 'IPPSESSID608fc0cc64b97', '127.0.0.1', 'This login protected page has been accessed', '1620043285'),
(1308, 1, 'amendment_form_new.php', 'IPPSESSID608fc0cc64b97', '127.0.0.1', 'This login protected page has been accessed', '1620043374'),
(1309, 1, 'amendment_form_new.php', 'IPPSESSID608fc0cc64b97', '127.0.0.1', 'This login protected page has been accessed', '1620043377'),
(1310, 1, 'amendment_form_new.php', 'IPPSESSID608fc0cc64b97', '127.0.0.1', 'This login protected page has been accessed', '1620043380'),
(1311, 1, 'amendment_form_new.php', 'IPPSESSID608fc0cc64b97', '127.0.0.1', 'This login protected page has been accessed', '1620043381'),
(1312, 1, 'amendment_form_new.php', 'IPPSESSID608fc0cc64b97', '127.0.0.1', 'This login protected page has been accessed', '1620043421'),
(1313, 1, 'amendment_form_new.php', 'IPPSESSID608fc0cc64b97', '127.0.0.1', 'This login protected page has been accessed', '1620043460'),
(1314, 1, 'amendment_form_new.php', 'IPPSESSID608fc0cc64b97', '127.0.0.1', 'This login protected page has been accessed', '1620043533'),
(1315, 1, 'amendment_form_new.php', 'IPPSESSID608fc0cc64b97', '127.0.0.1', 'This login protected page has been accessed', '1620043664'),
(1316, 1, 'amendment_form_new.php', 'IPPSESSID608fc0cc64b97', '127.0.0.1', 'This login protected page has been accessed', '1620043674'),
(1317, 1, 'amendment_form_new.php', 'IPPSESSID608fc0cc64b97', '127.0.0.1', 'This login protected page has been accessed', '1620043705'),
(1318, 1, 'amendment_form_new.php', 'IPPSESSID608fc0cc64b97', '127.0.0.1', 'This login protected page has been accessed', '1620043721'),
(1319, 1, 'amendment_form_new.php', 'IPPSESSID608fc0cc64b97', '127.0.0.1', 'This login protected page has been accessed', '1620043753'),
(1320, 1, 'amendment_form_new.php', 'IPPSESSID608fc0cc64b97', '127.0.0.1', 'This login protected page has been accessed', '1620043825'),
(1321, 1, 'amendment_form_new.php', 'IPPSESSID608fc0cc64b97', '127.0.0.1', 'This login protected page has been accessed', '1620043834'),
(1322, 1, 'amendment_form_new.php', 'IPPSESSID608fc0cc64b97', '127.0.0.1', 'This login protected page has been accessed', '1620043852'),
(1323, 1, 'amendment_form_new.php', 'IPPSESSID608fc0cc64b97', '127.0.0.1', 'This login protected page has been accessed', '1620043858'),
(1324, 1, 'amendment_form_new.php', 'IPPSESSID608fc0cc64b97', '127.0.0.1', 'This login protected page has been accessed', '1620043873'),
(1325, 1, 'amendment_form_new.php', 'IPPSESSID608fc0cc64b97', '127.0.0.1', 'This login protected page has been accessed', '1620043888'),
(1326, 1, 'amendment_form_new.php', 'IPPSESSID608fc0cc64b97', '127.0.0.1', 'This login protected page has been accessed', '1620043892'),
(1327, 1, 'amendment_form_new.php', 'IPPSESSID608fc0cc64b97', '127.0.0.1', 'This login protected page has been accessed', '1620043894'),
(1328, 1, 'amendment_form_new.php', 'IPPSESSID608fc0cc64b97', '127.0.0.1', 'This login protected page has been accessed', '1620043898'),
(1329, 1, 'amendment_form_new.php', 'IPPSESSID608fc0cc64b97', '127.0.0.1', 'This login protected page has been accessed', '1620043916'),
(1330, 1, 'amendment_form_new.php', 'IPPSESSID608fc0cc64b97', '127.0.0.1', 'This login protected page has been accessed', '1620043966'),
(1331, 1, 'amendment_form_new.php', 'IPPSESSID608fc0cc64b97', '127.0.0.1', 'This login protected page has been accessed', '1620043998'),
(1332, 1, 'amendment_form_new.php', 'IPPSESSID608fc0cc64b97', '127.0.0.1', 'This login protected page has been accessed', '1620044020'),
(1333, 1, 'amendment_form_new.php', 'IPPSESSID608fc0cc64b97', '127.0.0.1', 'This login protected page has been accessed', '1620044035'),
(1334, 1, 'amendment_form_new.php', 'IPPSESSID608fc0cc64b97', '127.0.0.1', 'This login protected page has been accessed', '1620044055'),
(1335, 1, 'amendment_form_new.php', 'IPPSESSID608fc0cc64b97', '127.0.0.1', 'This login protected page has been accessed', '1620044106'),
(1336, 1, 'amendment_form_new.php', 'IPPSESSID608fc0cc64b97', '127.0.0.1', 'This login protected page has been accessed', '1620044119'),
(1337, 1, 'amendment_form_new.php', 'IPPSESSID608fc0cc64b97', '127.0.0.1', 'This login protected page has been accessed', '1620044252'),
(1338, 1, 'AmendmentFormController.php', 'IPPSESSID608fc0cc64b97', '127.0.0.1', 'This login protected page has been accessed', '1620044270'),
(1339, 1, 'amendment_form_new.php', 'IPPSESSID608fc0cc64b97', '127.0.0.1', 'This login protected page has been accessed', '1620044272'),
(1340, 1, 'AmendmentFormController.php', 'IPPSESSID608fc0cc64b97', '127.0.0.1', 'This login protected page has been accessed', '1620044287'),
(1341, 1, 'amendment_form_new.php', 'IPPSESSID608fc0cc64b97', '127.0.0.1', 'This login protected page has been accessed', '1620044302'),
(1342, 1, 'work_order_sales.php', 'IPPSESSID608fc0cc64b97', '127.0.0.1', 'This login protected page has been accessed', '1620044362'),
(1343, 1, 'work_order_view_print.php', 'IPPSESSID608fc0cc64b97', '127.0.0.1', 'This login protected page has been accessed', '1620044364'),
(1344, 1, 'work_order_sales.php', 'IPPSESSID608fc0cc64b97', '127.0.0.1', 'This login protected page has been accessed', '1620044514'),
(1345, 1, 'work_order_view_print.php', 'IPPSESSID608fc0cc64b97', '127.0.0.1', 'This login protected page has been accessed', '1620044515'),
(1346, 1, 'work_order_sales.php', 'IPPSESSID608fc0cc64b97', '127.0.0.1', 'This login protected page has been accessed', '1620044618'),
(1347, 1, 'work_order_view_print.php', 'IPPSESSID608fc0cc64b97', '127.0.0.1', 'This login protected page has been accessed', '1620044621'),
(1348, 1, 'work_order_sales.php', 'IPPSESSID608fc0cc64b97', '127.0.0.1', 'This login protected page has been accessed', '1620044664'),
(1349, 1, 'work_order_sales.php', 'IPPSESSID608fc0cc64b97', '127.0.0.1', 'This login protected page has been accessed', '1620044673'),
(1350, 1, 'work_order_view_print.php', 'IPPSESSID608fc0cc64b97', '127.0.0.1', 'This login protected page has been accessed', '1620044675'),
(1351, 1, 'work_order_view_print.php', 'IPPSESSID608fc0cc64b97', '127.0.0.1', 'This login protected page has been accessed', '1620044678'),
(1352, 1, 'work_order_view_print.php', 'IPPSESSID608fc0cc64b97', '127.0.0.1', 'This login protected page has been accessed', '1620044681'),
(1353, 1, 'work_order_view_print.php', 'IPPSESSID608fc0cc64b97', '127.0.0.1', 'This login protected page has been accessed', '1620044684'),
(1354, 1, 'work_order_sales_verify.php', 'IPPSESSID608fc0cc64b97', '127.0.0.1', 'This login protected page has been accessed', '1620044719'),
(1355, 1, 'work_order_sales_verify.php', 'IPPSESSID608fc0cc64b97', '127.0.0.1', 'This login protected page has been accessed', '1620044731'),
(1356, 1, 'work_order_sales_verify.php', 'IPPSESSID608fc0cc64b97', '127.0.0.1', 'This login protected page has been accessed', '1620044738'),
(1357, 1, 'work_order_sales_verify.php', 'IPPSESSID608fc0cc64b97', '127.0.0.1', 'This login protected page has been accessed', '1620044743'),
(1358, 1, 'work_order_sales_verify.php', 'IPPSESSID608fc0cc64b97', '127.0.0.1', 'This login protected page has been accessed', '1620044760'),
(1359, 1, 'work_order_sales_verify.php', 'IPPSESSID608fc0cc64b97', '127.0.0.1', 'This login protected page has been accessed', '1620044827'),
(1360, 1, 'work_order_view_print.php', 'IPPSESSID608fc0cc64b97', '127.0.0.1', 'This login protected page has been accessed', '1620044829'),
(1361, 1, 'work_order_view_print.php', 'IPPSESSID608fc0cc64b97', '127.0.0.1', 'This login protected page has been accessed', '1620044832'),
(1362, 1, 'work_order_view_print.php', 'IPPSESSID608fc0cc64b97', '127.0.0.1', 'This login protected page has been accessed', '1620044834'),
(1363, 1, 'SalesWorkOrderController.php', 'IPPSESSID608fc0cc64b97', '127.0.0.1', 'This login protected page has been accessed', '1620044862'),
(1364, 1, 'MainWorkOrderSubmit.php', 'IPPSESSID608fc0cc64b97', '127.0.0.1', 'This login protected page has been accessed', '1620044864'),
(1365, 1, 'MainWorkOrderSubmit.php', 'IPPSESSID608fc0cc64b97', '127.0.0.1', 'This login protected page has been accessed', '1620044865'),
(1366, 1, 'MainWorkOrderSubmit.php', 'IPPSESSID608fc0cc64b97', '127.0.0.1', 'SU-1 rejected sales order with REF: 8013 ID: NA reason : a', '1620044865'),
(1367, 1, 'work_order_sales_verify.php', 'IPPSESSID608fc0cc64b97', '127.0.0.1', 'This login protected page has been accessed', '1620044866'),
(1368, 1, 'work_order_sales_verify.php', 'IPPSESSID608fc0cc64b97', '127.0.0.1', 'This login protected page has been accessed', '1620044880'),
(1369, 1, 'work_order_view_print.php', 'IPPSESSID608fc0cc64b97', '127.0.0.1', 'This login protected page has been accessed', '1620044881'),
(1370, 1, 'work_order_sales_verify.php', 'IPPSESSID608fc0cc64b97', '127.0.0.1', 'This login protected page has been accessed', '1620044922'),
(1371, 1, 'work_order_view_print.php', 'IPPSESSID608fc0cc64b97', '127.0.0.1', 'This login protected page has been accessed', '1620044924'),
(1372, 1, 'work_order_accounts.php', 'IPPSESSID608fc0cc64b97', '127.0.0.1', 'This login protected page has been accessed', '1620045003'),
(1373, 1, 'work_order_view_print.php', 'IPPSESSID608fc0cc64b97', '127.0.0.1', 'This login protected page has been accessed', '1620045005'),
(1374, 1, 'MainWorkOrderSubmit.php', 'IPPSESSID608fc0cc64b97', '127.0.0.1', 'This login protected page has been accessed', '1620045012'),
(1375, 1, 'MainWorkOrderSubmit.php', 'IPPSESSID608fc0cc64b97', '127.0.0.1', 'SU-1 published sales order with REF: 8010 ID: NA to Technical', '1620045012'),
(1376, 1, 'work_order_accounts.php', 'IPPSESSID608fc0cc64b97', '127.0.0.1', 'This login protected page has been accessed', '1620045015'),
(1377, 1, 'work_order_view_print.php', 'IPPSESSID608fc0cc64b97', '127.0.0.1', 'This login protected page has been accessed', '1620045018'),
(1378, 1, 'AccountsController.php', 'IPPSESSID608fc0cc64b97', '127.0.0.1', 'This login protected page has been accessed', '1620045023'),
(1379, 1, 'AccountsController.php', 'IPPSESSID608fc0cc64b97', '127.0.0.1', 'This login protected page has been accessed', '1620045026'),
(1380, 1, 'AccountsController.php', 'IPPSESSID608fc0cc64b97', '127.0.0.1', 'SU-1 requested conditional release for work order with  REF: 8009 | Reason: bg |ID: 3', '1620045026'),
(1381, 1, 'work_order_accounts.php', 'IPPSESSID608fc0cc64b97', '127.0.0.1', 'This login protected page has been accessed', '1620045027'),
(1382, 1, 'work_order_technical.php', 'IPPSESSID608fc0cc64b97', '127.0.0.1', 'This login protected page has been accessed', '1620045045'),
(1383, 1, 'work_order_technical.php', 'IPPSESSID608fc0cc64b97', '127.0.0.1', 'This login protected page has been accessed', '1620045135'),
(1384, 1, 'work_order_technical.php', 'IPPSESSID608fc0cc64b97', '127.0.0.1', 'This login protected page has been accessed', '1620045141'),
(1385, 1, 'work_order_view_print.php', 'IPPSESSID608fc0cc64b97', '127.0.0.1', 'This login protected page has been accessed', '1620045142'),
(1386, 1, 'MainWorkOrderSubmit.php', 'IPPSESSID608fc0cc64b97', '127.0.0.1', 'This login protected page has been accessed', '1620045151'),
(1387, 1, 'MainWorkOrderSubmit.php', 'IPPSESSID608fc0cc64b97', '127.0.0.1', 'SU-1 published work order with REF: 8010 ID: NA to technical VERIFICATION', '1620045151'),
(1388, 1, 'work_order_technical.php', 'IPPSESSID608fc0cc64b97', '127.0.0.1', 'This login protected page has been accessed', '1620045152'),
(1389, 1, 'work_order_view_print.php', 'IPPSESSID608fc0cc64b97', '127.0.0.1', 'This login protected page has been accessed', '1620045154'),
(1390, 1, 'work_order_technical_verify.php', 'IPPSESSID608fc0cc64b97', '127.0.0.1', 'This login protected page has been accessed', '1620045159'),
(1391, 1, 'SalesWorkOrderController.php', 'IPPSESSID608fc0cc64b97', '127.0.0.1', 'This login protected page has been accessed', '1620045161'),
(1392, 1, 'MainWorkOrderSubmit.php', 'IPPSESSID608fc0cc64b97', '127.0.0.1', 'This login protected page has been accessed', '1620045163'),
(1393, 1, 'MainWorkOrderSubmit.php', 'IPPSESSID608fc0cc64b97', '127.0.0.1', 'SU-1 rejected a work order with REF: 8010 ID: NA and sent back to technical reason:H', '1620045163'),
(1394, 1, 'work_order_technical.php', 'IPPSESSID608fc0cc64b97', '127.0.0.1', 'This login protected page has been accessed', '1620045164'),
(1395, 1, 'MainWorkOrderSubmit.php', 'IPPSESSID608fc0cc64b97', '127.0.0.1', 'This login protected page has been accessed', '1620045172'),
(1396, 1, 'MainWorkOrderSubmit.php', 'IPPSESSID608fc0cc64b97', '127.0.0.1', 'SU-1 published a work order with REF: 8010 ID: NA for technical verification', '1620045172'),
(1397, 1, 'work_order_technical_verify.php', 'IPPSESSID608fc0cc64b97', '127.0.0.1', 'This login protected page has been accessed', '1620045173'),
(1398, 1, 'work_order_technical_verify.php', 'IPPSESSID608fc0cc64b97', '127.0.0.1', 'This login protected page has been accessed', '1620045220'),
(1399, 1, 'work_order_technical_verify.php', 'IPPSESSID608fc0cc64b97', '127.0.0.1', 'This login protected page has been accessed', '1620045230'),
(1400, 1, 'work_order_view_print.php', 'IPPSESSID608fc0cc64b97', '127.0.0.1', 'This login protected page has been accessed', '1620045232'),
(1401, 1, 'work_order_view_print.php', 'IPPSESSID608fc0cc64b97', '127.0.0.1', 'This login protected page has been accessed', '1620045239'),
(1402, 1, 'SalesWorkOrderController.php', 'IPPSESSID608fc0cc64b97', '127.0.0.1', 'This login protected page has been accessed', '1620045243'),
(1403, 1, 'MainWorkOrderSubmit.php', 'IPPSESSID608fc0cc64b97', '127.0.0.1', 'This login protected page has been accessed', '1620045246'),
(1404, 1, 'MainWorkOrderSubmit.php', 'IPPSESSID608fc0cc64b97', '127.0.0.1', 'SU-1 rejected a work order with REF: 8010 ID: NA and sent back to technical reason:h', '1620045246'),
(1405, 1, 'work_order_technical_verify.php', 'IPPSESSID608fc0cc64b97', '127.0.0.1', 'This login protected page has been accessed', '1620045247'),
(1406, 1, 'work_order_sales_generate.php', 'IPPSESSID608fc0cc64b97', '127.0.0.1', 'This login protected page has been accessed', '1620045253'),
(1407, 1, 'work_order_technical_verify.php', 'IPPSESSID608fc0cc64b97', '127.0.0.1', 'This login protected page has been accessed', '1620045283'),
(1408, 1, 'work_order_technical_verify.php', 'IPPSESSID608fc0cc64b97', '127.0.0.1', 'This login protected page has been accessed', '1620045300'),
(1409, 1, 'work_order_view_print.php', 'IPPSESSID608fc0cc64b97', '127.0.0.1', 'This login protected page has been accessed', '1620045303'),
(1410, 1, 'work_order_technical.php', 'IPPSESSID608fc0cc64b97', '127.0.0.1', 'This login protected page has been accessed', '1620045325'),
(1411, 1, 'MainWorkOrderSubmit.php', 'IPPSESSID608fc0cc64b97', '127.0.0.1', 'This login protected page has been accessed', '1620045328'),
(1412, 1, 'MainWorkOrderSubmit.php', 'IPPSESSID608fc0cc64b97', '127.0.0.1', 'SU-1 published a work order with REF: 8010 ID: NA for technical verification', '1620045328'),
(1413, 1, 'work_order_technical_verify.php', 'IPPSESSID608fc0cc64b97', '127.0.0.1', 'This login protected page has been accessed', '1620045331'),
(1414, 1, 'MainWorkOrderSubmit.php', 'IPPSESSID608fc0cc64b97', '127.0.0.1', 'This login protected page has been accessed', '1620045333'),
(1415, 1, 'MainWorkOrderSubmit.php', 'IPPSESSID608fc0cc64b97', '127.0.0.1', 'SU-1 verified and published a work order with REF: 8010 ID: NA for all to view', '1620045333'),
(1416, 1, 'work_order_all.php', 'IPPSESSID608fc0cc64b97', '127.0.0.1', 'This login protected page has been accessed', '1620045340'),
(1417, 1, 'AllControllerTable.php', 'IPPSESSID608fc0cc64b97', '127.0.0.1', 'This login protected page has been accessed', '1620045340'),
(1418, 1, 'work_order_all.php', 'IPPSESSID608fc0cc64b97', '127.0.0.1', 'This login protected page has been accessed', '1620045450'),
(1419, 1, 'AllControllerTable.php', 'IPPSESSID608fc0cc64b97', '127.0.0.1', 'This login protected page has been accessed', '1620045451'),
(1420, 1, 'work_order_view_print.php', 'IPPSESSID608fc0cc64b97', '127.0.0.1', 'This login protected page has been accessed', '1620045452'),
(1421, 1, 'work_order_all_complete.php', 'IPPSESSID608fc0cc64b97', '127.0.0.1', 'This login protected page has been accessed', '1620045457'),
(1422, 1, 'work_order_all_complete.php', 'IPPSESSID608fc0cc64b97', '127.0.0.1', 'This login protected page has been accessed', '1620045481'),
(1423, 1, 'work_order_all_complete.php', 'IPPSESSID608fc0cc64b97', '127.0.0.1', 'This login protected page has been accessed', '1620045510'),
(1424, 1, 'work_order_view_print.php', 'IPPSESSID608fc0cc64b97', '127.0.0.1', 'This login protected page has been accessed', '1620045512'),
(1425, 1, 'work_order_view_print.php', 'IPPSESSID608fc0cc64b97', '127.0.0.1', 'This login protected page has been accessed', '1620045524');

-- --------------------------------------------------------

--
-- Table structure for table `master_work_order_main`
--

CREATE TABLE `master_work_order_main` (
  `master_wo_id` int(11) NOT NULL,
  `master_wo_ref` int(11) NOT NULL,
  `master_wo_2_client_id` varchar(100) DEFAULT NULL,
  `master_wo_m_lwo` varchar(10) DEFAULT NULL,
  `master_wo_extra_ccr` varchar(50) DEFAULT NULL,
  `master_wo_extra_ncr` varchar(50) DEFAULT NULL,
  `master_wo_extra_print_end_ops` varchar(50) DEFAULT NULL,
  `master_wo_2_partial_delivery` int(3) DEFAULT NULL,
  `master_wo_rfp_no` varchar(15) DEFAULT NULL,
  `master_wo_rfp_date` varchar(10) DEFAULT NULL,
  `master_wo_customer_design_name` varchar(100) DEFAULT NULL,
  `master_wo_customer_item_code` varchar(100) DEFAULT NULL,
  `master_wo_customer_po` varchar(100) DEFAULT NULL,
  `master_wo_po_date` varchar(100) DEFAULT NULL,
  `master_wo_delivery_date` varchar(100) DEFAULT NULL,
  `master_wo_3_customer_loc` varchar(100) DEFAULT NULL,
  `master_wo_2_sales_id` varchar(100) DEFAULT NULL,
  `master_wo_2_structure` varchar(100) DEFAULT NULL,
  `master_wo_2_type_printed` varchar(100) DEFAULT NULL,
  `master_wo_2_lsd_required` int(3) DEFAULT NULL,
  `master_wo_lsd_copies` varchar(10) DEFAULT NULL,
  `master_wo_ink_gsm_pre_c` varchar(100) DEFAULT NULL,
  `master_wo_2_application` varchar(100) DEFAULT NULL,
  `master_wo_2_roll_fill_opts` varchar(100) DEFAULT NULL,
  `master_wo_2_pouchbag_fillops` varchar(100) DEFAULT NULL,
  `master_wo_2_fill_temp` varchar(100) DEFAULT NULL,
  `master_wo_submersion_duration` varchar(100) DEFAULT NULL,
  `master_wo_submersion_temp` varchar(20) DEFAULT NULL,
  `master_wo_fill_temp` varchar(100) DEFAULT NULL,
  `master_wo_line_speed` varchar(100) DEFAULT NULL,
  `master_wo_dwell_time` varchar(100) DEFAULT NULL,
  `master_wo_seal_temp` varchar(100) DEFAULT NULL,
  `master_wo_design_id` varchar(100) DEFAULT NULL,
  `master_wo_rev_no` varchar(100) DEFAULT NULL,
  `master_wo_2_coating_options` varchar(50) DEFAULT NULL,
  `master_wo_coating_gsm` varchar(50) DEFAULT NULL,
  `master_wo_approved_sample_wo_no` varchar(100) DEFAULT NULL,
  `master_wo_pack_weight` varchar(100) DEFAULT NULL,
  `master_wo_2_pack_weight_unit` varchar(100) DEFAULT NULL,
  `master_wo_quantity` varchar(100) DEFAULT NULL,
  `master_wo_2_units` varchar(100) DEFAULT NULL,
  `master_wo_quantity_tolerance` varchar(100) DEFAULT NULL,
  `master_wo_2_laser_config` varchar(100) DEFAULT NULL,
  `master_wo_layer_1_micron` varchar(20) DEFAULT NULL,
  `master_wo_layer_1_structure` varchar(20) DEFAULT NULL,
  `master_wo_layer_2_micron` varchar(20) DEFAULT NULL,
  `master_wo_layer_2_structure` varchar(20) DEFAULT NULL,
  `master_wo_layer_3_micron` varchar(20) DEFAULT NULL,
  `master_wo_layer_3_structure` varchar(20) DEFAULT NULL,
  `master_wo_layer_4_micron` varchar(20) DEFAULT NULL,
  `master_wo_layer_4_structure` varchar(20) DEFAULT NULL,
  `master_wo_layer_5_micron` varchar(20) DEFAULT NULL,
  `master_wo_layer_5_structure` varchar(20) DEFAULT NULL,
  `master_wo_adh1` varchar(20) DEFAULT NULL,
  `master_wo_adh2` varchar(20) DEFAULT NULL,
  `master_wo_adh3` varchar(20) DEFAULT NULL,
  `master_wo_adh4` varchar(20) DEFAULT NULL,
  `master_wo_ply` varchar(100) DEFAULT NULL,
  `master_wo_cof_val` varchar(20) DEFAULT NULL,
  `master_wo_total_gsm` varchar(100) DEFAULT NULL,
  `master_wo_total_gsm_tolerance` varchar(100) DEFAULT NULL,
  `master_wo_2_wind_dir` varchar(100) DEFAULT NULL,
  `master_wo_roll_od` varchar(100) DEFAULT NULL,
  `master_wo_roll_width` varchar(100) DEFAULT NULL,
  `master_wo_roll_cutoff_len` varchar(100) DEFAULT NULL,
  `master_wo_max_w_p_r` varchar(100) DEFAULT NULL,
  `master_wo_max_lmtr_p_r` varchar(100) DEFAULT NULL,
  `master_wo_max_imps_p_r` varchar(100) DEFAULT NULL,
  `master_wo_2_slitting_core_id` varchar(100) DEFAULT NULL,
  `master_wo_2_slitting_core_material` varchar(100) DEFAULT NULL,
  `master_wo_2_slitting_core_plugs` varchar(100) DEFAULT NULL,
  `master_wo_2_slitting_qc_ins` varchar(100) DEFAULT NULL,
  `master_wo_max_joints` varchar(100) DEFAULT NULL,
  `master_wo_remarks_roll` varchar(100) DEFAULT NULL,
  `master_wo_2_pouch_master` int(12) DEFAULT NULL,
  `master_wo_2_pouch_perforation` int(3) DEFAULT NULL,
  `master_wo_pouch_perforation_distance_top` varchar(10) DEFAULT NULL,
  `master_wo_pouch_distance_top_extra` varchar(10) DEFAULT NULL,
  `master_wo_2_pouch_punch_type` int(15) DEFAULT NULL,
  `master_wo_2_pouch_euro_punch` int(2) DEFAULT NULL,
  `master_wo_2_pouch_round_corner` int(2) DEFAULT NULL,
  `master_wo_2_pouch_zipper` int(2) DEFAULT NULL,
  `master_wo_2_pouch_zipper_opc` int(2) DEFAULT NULL,
  `master_wo_pouch_top_dist` varchar(25) DEFAULT NULL,
  `master_wo_2_pouch_pestrip` int(2) DEFAULT NULL,
  `master_wo_2_pouch_tear_notch` int(2) DEFAULT NULL,
  `master_wo_2_pouch_tear_notch_qty` int(2) DEFAULT NULL,
  `master_wo_2_pouch_tear_notch_side` int(2) DEFAULT NULL,
  `master_wo_pouch_values` varchar(500) DEFAULT NULL,
  `master_wo_3_pouch_lap_fin` varchar(100) DEFAULT NULL,
  `master_wo_remarks_pouch` varchar(100) DEFAULT NULL,
  `master_wo_2_bag_type` int(12) DEFAULT NULL,
  `master_wo_bags_distance_top_extra` varchar(10) DEFAULT NULL,
  `master_wo_2_bags_handle` int(2) DEFAULT NULL,
  `master_wo_bags_top_fold` varchar(155) DEFAULT NULL,
  `master_wo_bags_flap` varchar(155) DEFAULT NULL,
  `master_wo_bags_lip` varchar(155) DEFAULT NULL,
  `master_wo_bags_values` varchar(500) DEFAULT NULL,
  `master_wo_remarks_bags` varchar(100) DEFAULT NULL,
  `master_wo_2_foil_print_side` varchar(100) DEFAULT NULL,
  `master_wo_2_printing_method` varchar(100) DEFAULT NULL,
  `master_wo_2_printing_shade_card_needed` varchar(100) DEFAULT NULL,
  `master_wo_2_printing_color_ref_type` varchar(100) DEFAULT NULL,
  `master_wo_2_printing_approvalby` varchar(100) DEFAULT NULL,
  `master_wo_2_roll_pack_ins` varchar(100) DEFAULT NULL,
  `master_wo_2_carton_pack_ins` varchar(100) DEFAULT NULL,
  `master_wo_2_pallet_mark_ins` varchar(100) DEFAULT NULL,
  `master_wo_pouch_per_bund` varchar(100) DEFAULT NULL,
  `master_wo_bund_per_box` varchar(100) DEFAULT NULL,
  `master_wo_2_pallet_type` varchar(100) DEFAULT NULL,
  `master_wo_2_cont_stuff` varchar(100) DEFAULT NULL,
  `master_wo_max_gross_pallet_weight` varchar(100) DEFAULT NULL,
  `master_wo_2_pallet_dim` varchar(100) DEFAULT NULL,
  `master_wo_2_freight_type` varchar(100) DEFAULT NULL,
  `master_wo_ship_port_name` varchar(25) DEFAULT NULL,
  `master_wo_cart_thick` varchar(100) DEFAULT NULL,
  `master_wo_3_docs` varchar(100) DEFAULT NULL,
  `master_wo_gen_dnt` varchar(100) NOT NULL,
  `master_wo_gen_lum_id` varchar(100) NOT NULL,
  `master_reject_text` text,
  `master_wo_status` int(1) DEFAULT '1'
) ENGINE=MyISAM DEFAULT CHARSET=latin1;

--
-- Dumping data for table `master_work_order_main`
--

INSERT INTO `master_work_order_main` (`master_wo_id`, `master_wo_ref`, `master_wo_2_client_id`, `master_wo_m_lwo`, `master_wo_extra_ccr`, `master_wo_extra_ncr`, `master_wo_extra_print_end_ops`, `master_wo_2_partial_delivery`, `master_wo_rfp_no`, `master_wo_rfp_date`, `master_wo_customer_design_name`, `master_wo_customer_item_code`, `master_wo_customer_po`, `master_wo_po_date`, `master_wo_delivery_date`, `master_wo_3_customer_loc`, `master_wo_2_sales_id`, `master_wo_2_structure`, `master_wo_2_type_printed`, `master_wo_2_lsd_required`, `master_wo_lsd_copies`, `master_wo_ink_gsm_pre_c`, `master_wo_2_application`, `master_wo_2_roll_fill_opts`, `master_wo_2_pouchbag_fillops`, `master_wo_2_fill_temp`, `master_wo_submersion_duration`, `master_wo_submersion_temp`, `master_wo_fill_temp`, `master_wo_line_speed`, `master_wo_dwell_time`, `master_wo_seal_temp`, `master_wo_design_id`, `master_wo_rev_no`, `master_wo_2_coating_options`, `master_wo_coating_gsm`, `master_wo_approved_sample_wo_no`, `master_wo_pack_weight`, `master_wo_2_pack_weight_unit`, `master_wo_quantity`, `master_wo_2_units`, `master_wo_quantity_tolerance`, `master_wo_2_laser_config`, `master_wo_layer_1_micron`, `master_wo_layer_1_structure`, `master_wo_layer_2_micron`, `master_wo_layer_2_structure`, `master_wo_layer_3_micron`, `master_wo_layer_3_structure`, `master_wo_layer_4_micron`, `master_wo_layer_4_structure`, `master_wo_layer_5_micron`, `master_wo_layer_5_structure`, `master_wo_adh1`, `master_wo_adh2`, `master_wo_adh3`, `master_wo_adh4`, `master_wo_ply`, `master_wo_cof_val`, `master_wo_total_gsm`, `master_wo_total_gsm_tolerance`, `master_wo_2_wind_dir`, `master_wo_roll_od`, `master_wo_roll_width`, `master_wo_roll_cutoff_len`, `master_wo_max_w_p_r`, `master_wo_max_lmtr_p_r`, `master_wo_max_imps_p_r`, `master_wo_2_slitting_core_id`, `master_wo_2_slitting_core_material`, `master_wo_2_slitting_core_plugs`, `master_wo_2_slitting_qc_ins`, `master_wo_max_joints`, `master_wo_remarks_roll`, `master_wo_2_pouch_master`, `master_wo_2_pouch_perforation`, `master_wo_pouch_perforation_distance_top`, `master_wo_pouch_distance_top_extra`, `master_wo_2_pouch_punch_type`, `master_wo_2_pouch_euro_punch`, `master_wo_2_pouch_round_corner`, `master_wo_2_pouch_zipper`, `master_wo_2_pouch_zipper_opc`, `master_wo_pouch_top_dist`, `master_wo_2_pouch_pestrip`, `master_wo_2_pouch_tear_notch`, `master_wo_2_pouch_tear_notch_qty`, `master_wo_2_pouch_tear_notch_side`, `master_wo_pouch_values`, `master_wo_3_pouch_lap_fin`, `master_wo_remarks_pouch`, `master_wo_2_bag_type`, `master_wo_bags_distance_top_extra`, `master_wo_2_bags_handle`, `master_wo_bags_top_fold`, `master_wo_bags_flap`, `master_wo_bags_lip`, `master_wo_bags_values`, `master_wo_remarks_bags`, `master_wo_2_foil_print_side`, `master_wo_2_printing_method`, `master_wo_2_printing_shade_card_needed`, `master_wo_2_printing_color_ref_type`, `master_wo_2_printing_approvalby`, `master_wo_2_roll_pack_ins`, `master_wo_2_carton_pack_ins`, `master_wo_2_pallet_mark_ins`, `master_wo_pouch_per_bund`, `master_wo_bund_per_box`, `master_wo_2_pallet_type`, `master_wo_2_cont_stuff`, `master_wo_max_gross_pallet_weight`, `master_wo_2_pallet_dim`, `master_wo_2_freight_type`, `master_wo_ship_port_name`, `master_wo_cart_thick`, `master_wo_3_docs`, `master_wo_gen_dnt`, `master_wo_gen_lum_id`, `master_reject_text`, `master_wo_status`) VALUES
(1, 8000, '381', NULL, NULL, NULL, NULL, NULL, NULL, NULL, 'KITCO BITES CHEDDAR CHEESE BALLS POLYBAG BLUE BG', '4960210040000007', '26-2231', '1618906200', '1622362200', '1,2', '11', '1', '1', NULL, NULL, '2.80', '27', NULL, NULL, '2', NULL, NULL, '25', '15', '', '', 'D04371', '0', '6', '0', '31593', '', '1', '1000', '1', '10', NULL, '65', '4', NULL, NULL, NULL, NULL, NULL, NULL, NULL, NULL, NULL, NULL, NULL, NULL, '1', '', '67.20', '2', NULL, NULL, NULL, NULL, NULL, NULL, NULL, NULL, NULL, NULL, NULL, NULL, NULL, NULL, NULL, NULL, NULL, NULL, NULL, NULL, NULL, NULL, NULL, NULL, NULL, NULL, NULL, NULL, NULL, NULL, 3, NULL, 6, '', '50', '', '{"5":"565","6":"450","7":"120"}', NULL, NULL, '2', '2', '3', '7', NULL, '4', '4', '', '', '1', '2', '1000', '1', '1', NULL, '3', '2,3,4,6,12', '1619438579', '11', NULL, 1),
(2, 8000, '381', NULL, NULL, NULL, NULL, NULL, NULL, NULL, 'KITCO BITES CHEDDAR CHEESE BALLS POLYBAG BLUE BG', '4960210040000007', '26-2231', '1618906200', '1622362200', '1,2', '11', '1', '1', NULL, NULL, '2.80', '27', NULL, NULL, '2', NULL, NULL, '25', '15', '', '', 'D04371', '0', '6', '0', '31593', '', '1', '1000', '1', '10', NULL, '65', '4', NULL, NULL, NULL, NULL, NULL, NULL, NULL, NULL, NULL, NULL, NULL, NULL, '1', '', '67.20', '2', NULL, NULL, NULL, NULL, NULL, NULL, NULL, NULL, NULL, NULL, NULL, NULL, NULL, NULL, NULL, NULL, NULL, NULL, NULL, NULL, NULL, NULL, NULL, NULL, NULL, NULL, NULL, NULL, NULL, NULL, 3, NULL, 6, '', '50', '', '{"5":"565","6":"450","7":"120"}', NULL, NULL, '2', '2', '3', '7', NULL, '4', '4', '', '', '1', '2', '1000', '1', '1', NULL, '3', '2,3,4,6,12', '1619438596', '11', NULL, 2),
(3, 8001, '655', NULL, NULL, NULL, NULL, NULL, NULL, NULL, 'Shrink Fil 680mm TSM DOVE SH-CD', '32713161', '4520453485', '1618387800', '1620807000', '1', '12', '3', '2', NULL, NULL, NULL, '27', '1', NULL, '2', NULL, NULL, '', '20', '', '', '', '0', '6', '', 'N/A', '500', '2', '2000', '1', '10', '9', '50', '4', NULL, NULL, NULL, NULL, NULL, NULL, NULL, NULL, NULL, NULL, NULL, NULL, '1', '', '46', '5', '1', '600', '680', 'N/A', '', '', '', '2', '1', '1', '1', '', NULL, NULL, NULL, NULL, NULL, NULL, NULL, NULL, NULL, NULL, NULL, NULL, NULL, NULL, NULL, NULL, NULL, NULL, NULL, NULL, NULL, NULL, NULL, NULL, NULL, NULL, NULL, '1', '1', '2', '1', '1', NULL, '4', NULL, NULL, '4', '1', '400', '1', '5', NULL, '3', '2,3,4,11', '1619438777', '12', NULL, 1),
(4, 8002, '585', NULL, NULL, NULL, NULL, NULL, NULL, NULL, 'Sweetos Coconut Candy Inner', '', '02-2021', '1618042200', '1622362200', '1,3', '13', '3', '1', NULL, NULL, '1.9', '24', '10', NULL, '1', NULL, NULL, '', '', '', '', '1844', '0', '6', '', '', '', '1', '1000', '1', '0', '9', '12', '1', '20', '40', NULL, NULL, NULL, NULL, NULL, NULL, '2.2', NULL, NULL, NULL, '2', '', '', '', '5', '', '75', '54', '5', '', '', '2', '1', '2', '1', '1', NULL, NULL, NULL, NULL, NULL, NULL, NULL, NULL, NULL, NULL, NULL, NULL, NULL, NULL, NULL, NULL, NULL, NULL, NULL, NULL, NULL, NULL, NULL, NULL, NULL, NULL, NULL, '2', '2', '3', '7', '1', NULL, '3', NULL, NULL, '1', '1', '', '1', '1', NULL, '3', '2,3,6', '1619438788', '13', NULL, 1),
(5, 8001, '655', NULL, NULL, NULL, NULL, NULL, NULL, NULL, 'Shrink Fil 680mm TSM DOVE SH-CD', '32713161', '4520453485', '1618387800', '1620807000', '1', '12', '3', '2', NULL, NULL, NULL, '27', '1', NULL, '2', NULL, NULL, '', '20', '', '', '', '0', '6', '', 'N/A', '500', '2', '2000', '1', '10', '9', '50', '4', NULL, NULL, NULL, NULL, NULL, NULL, NULL, NULL, NULL, NULL, NULL, NULL, '1', '', '46', '5', '1', '600', '680', 'N/A', '', '', '', '2', '1', '1', '1', '', NULL, NULL, NULL, NULL, NULL, NULL, NULL, NULL, NULL, NULL, NULL, NULL, NULL, NULL, NULL, NULL, NULL, NULL, NULL, NULL, NULL, NULL, NULL, NULL, NULL, NULL, NULL, '1', '1', '2', '1', '1', NULL, '4', NULL, NULL, '4', '1', '400', '1', '5', NULL, '3', '2,3,4,11', '1619438892', '12', NULL, 2),
(6, 8002, '585', NULL, NULL, NULL, NULL, NULL, NULL, NULL, 'Sweetos Coconut Candy Inner', '', '02-2021', '1618042200', '1622362200', '1,3', '13', '3', '1', NULL, NULL, '1.9', '24', '10', NULL, '1', NULL, NULL, '', '', '', '', '1844', '0', '6', '', '', '', '1', '1000', '1', '0', '9', '12', '1', '20', '40', NULL, NULL, NULL, NULL, NULL, NULL, '2.2', NULL, NULL, NULL, '2', '', '', '', '5', '', '75', '54', '5', '', '', '2', '1', '2', '1', '1', NULL, NULL, NULL, NULL, NULL, NULL, NULL, NULL, NULL, NULL, NULL, NULL, NULL, NULL, NULL, NULL, NULL, NULL, NULL, NULL, NULL, NULL, NULL, NULL, NULL, NULL, NULL, '2', '2', '3', '7', '1', NULL, '3', NULL, NULL, '1', '1', '', '1', '1', NULL, '3', '2,3,6', '1619439017', '13', NULL, 1),
(7, 8002, '585', NULL, NULL, NULL, NULL, NULL, NULL, NULL, 'Sweetos Coconut Candy Inner', '', '02-2021', '1618042200', '1622362200', '1,3', '13', '3', '1', NULL, NULL, '1.9', '24', '10', NULL, '1', NULL, NULL, '', '', '', '', '1844', '0', '6', '', '', '', '1', '1000', '1', '0', '9', '12', '1', '20', '40', NULL, NULL, NULL, NULL, NULL, NULL, '2.2', NULL, NULL, NULL, '2', '', '', '', '5', '', '75', '54', '5', '', '', '2', '1', '2', '1', '1', NULL, NULL, NULL, NULL, NULL, NULL, NULL, NULL, NULL, NULL, NULL, NULL, NULL, NULL, NULL, NULL, NULL, NULL, NULL, NULL, NULL, NULL, NULL, NULL, NULL, NULL, NULL, '2', '2', '3', '7', '1', NULL, '3', NULL, NULL, '1', '1', '', '1', '1', NULL, '3', '2,3,6', '1619439028', '13', NULL, 2),
(8, 8003, '482', NULL, NULL, NULL, NULL, NULL, NULL, NULL, 'SENORAH NACHOS CORN TORTILLA CHIPS TRIANGLES 200GM', 'NIL', '5255', '1619251800', '1621930200', '1,2', '10', '3', '1', NULL, NULL, '2.4', '28', '2', NULL, '2', NULL, NULL, '25', '38', '1.5 SECONDS', '130', 'D05758', '0', '2', '0', '47530', '200', '2', '3200', '1', '5', '9', '20', '6', '12', '2', '40', '4', NULL, NULL, NULL, NULL, '1.8', '1.5', NULL, NULL, '3', '', '78.22', '2', '10', '', '460', '330', '20', '', '', '2', '1', '2', '9', '1', NULL, NULL, NULL, NULL, NULL, NULL, NULL, NULL, NULL, NULL, NULL, NULL, NULL, NULL, NULL, NULL, NULL, NULL, NULL, NULL, NULL, NULL, NULL, NULL, NULL, NULL, NULL, '2', '2', '3', '7', '1', NULL, '3', NULL, NULL, '1', '2', '1000', '1', '1', NULL, '3', '2,3,4,6', '1619439205', '10', NULL, 1),
(9, 8003, '482', NULL, NULL, NULL, NULL, NULL, NULL, NULL, 'SENORAH NACHOS CORN TORTILLA CHIPS TRIANGLES 200GM', 'NIL', '5255', '1619251800', '1621930200', '1,2', '10', '3', '1', NULL, NULL, '2.4', '28', '2', NULL, '2', NULL, NULL, '25', '38', '1.5 SECONDS', '130', 'D05758', '0', '2', '0', '47530', '200', '2', '3200', '1', '5', '9', '20', '6', '12', '2', '40', '4', NULL, NULL, NULL, NULL, '1.8', '1.5', NULL, NULL, '3', '', '78.22', '2', '10', '', '460', '330', '20', '', '', '2', '1', '2', '9', '1', NULL, NULL, NULL, NULL, NULL, NULL, NULL, NULL, NULL, NULL, NULL, NULL, NULL, NULL, NULL, NULL, NULL, NULL, NULL, NULL, NULL, NULL, NULL, NULL, NULL, NULL, NULL, '2', '2', '3', '7', '1', NULL, '3', NULL, NULL, '1', '2', '1000', '1', '1', NULL, '3', '2,3,4,6', '1619439218', '10', NULL, 2),
(10, 8000, '381', NULL, NULL, NULL, NULL, NULL, NULL, NULL, 'KITCO BITES CHEDDAR CHEESE BALLS POLYBAG BLUE BG', '4960210040000007', '26-2231', '1618906200', '1622362200', '1,2', '11', '1', '1', NULL, NULL, '2.80', '27', NULL, NULL, '2', NULL, NULL, '25', '15', '', '', 'D04371', '0', '6', '0', '31593', '', '1', '1000', '1', '10', NULL, '65', '4', NULL, NULL, NULL, NULL, NULL, NULL, NULL, NULL, NULL, NULL, NULL, NULL, '1', '', '67.20', '2', NULL, NULL, NULL, NULL, NULL, NULL, NULL, NULL, NULL, NULL, NULL, NULL, NULL, NULL, NULL, NULL, NULL, NULL, NULL, NULL, NULL, NULL, NULL, NULL, NULL, NULL, NULL, NULL, NULL, NULL, 3, NULL, 6, '', '50', '', '{"5":"565","6":"450","7":"120"}', NULL, NULL, '2', '2', '3', '7', NULL, '4', '4', '', '', '1', '2', '1000', '1', '1', NULL, '3', '2,3,4,6,12', '1619439283', '11', NULL, 4),
(11, 8004, '316', NULL, NULL, NULL, NULL, NULL, NULL, NULL, 'NEW BAYARA 410X255MM - GREEN', 'PMFI0158', 'PO 038715-1', '1618474200', '1619683800', '1', '3', '3', '1', NULL, NULL, '1.9', '28', '10', NULL, '1', NULL, NULL, '', '', '', '', 'D05590', '0', '6', '', '', '', '1', '1000', '1', '0.1', '9', '12', '1', '100', '4', NULL, NULL, NULL, NULL, NULL, NULL, '2', NULL, NULL, NULL, '2', '', '2', '0', '3', '', '410', '255', '22', '', '', '2', '1', '2', '6', '1', NULL, NULL, NULL, NULL, NULL, NULL, NULL, NULL, NULL, NULL, NULL, NULL, NULL, NULL, NULL, NULL, NULL, NULL, NULL, NULL, NULL, NULL, NULL, NULL, NULL, NULL, NULL, '2', '2', '2', '7', '1', NULL, '3', NULL, NULL, '1', '2', '', '1', '4', NULL, '3', '2,3,11', '1619439582', '6', NULL, 1),
(12, 8005, '273', NULL, NULL, NULL, NULL, NULL, NULL, NULL, 'Raja Vegetable 15gm', '', 'SF-PO-21-00050', '1610698200', '1621066200', '2', '8', '3', '1', NULL, NULL, '1.8', '28', '10', NULL, '2', NULL, NULL, '', '', '', '', '7777', '1', '6', '', '', '', '1', '1000', '1', '10', '9', '30', '6', '25', '14', NULL, NULL, NULL, NULL, NULL, NULL, '2', NULL, NULL, NULL, '2', '', '44.25', '', '3', '', '300', '180', '20', '', '', '2', '1', '2', '1', '1', NULL, NULL, NULL, NULL, NULL, NULL, NULL, NULL, NULL, NULL, NULL, NULL, NULL, NULL, NULL, NULL, NULL, NULL, NULL, NULL, NULL, NULL, NULL, NULL, NULL, NULL, NULL, '2', '2', '3', '7', '1', NULL, '3', NULL, NULL, '1', '1', '', '1', '4', NULL, '3', '2,4,6', '1619510617', '8', NULL, 1),
(13, 8006, '683', NULL, NULL, NULL, NULL, NULL, NULL, NULL, 'Unprinted Laminated 360mm Roll', '', 'Sample', '1619424600', '1620115800', '1', '5', '3', '2', NULL, NULL, NULL, '25', '10', NULL, '1', NULL, NULL, '', '', '', '', '', '0', '6', '', '', '', '1', '10', '1', '0', '9', '20', '7', '12', '21', '40', '21', NULL, NULL, NULL, NULL, '2', '1.6', NULL, NULL, '3', '', '', '', '1', '', '', '', '10', '', '', '2', '1', '2', '1', '1', NULL, NULL, NULL, NULL, NULL, NULL, NULL, NULL, NULL, NULL, NULL, NULL, NULL, NULL, NULL, NULL, NULL, NULL, NULL, NULL, NULL, NULL, NULL, NULL, NULL, NULL, NULL, '1', '1', '2', '1', '1', NULL, '3', NULL, NULL, '1', '1', '', '1', '5', NULL, '3', '2', '1619518371', '6', NULL, 1),
(14, 8007, '253', NULL, NULL, NULL, NULL, NULL, NULL, NULL, 'MACARONI VERDA PASTA 400GM ROLL WITH ALERGEN WARNING - UN ROLL', '', 'PO 09125', '1619338200', '1620375000', '1', '5', '3', '1', NULL, NULL, '1.6', '28', '10', NULL, '1', NULL, NULL, '', '', '', '', 'D04026', '0', '6', '', '46212', '', '1', '1000', '1', '10', '9', '20', '6', '30', '13', NULL, NULL, NULL, NULL, NULL, NULL, '1.6', NULL, NULL, NULL, '2', '', '48.9', '5', '4', '', '345', '250', '20', '', '', '2', '1', '2', '1', '1', NULL, NULL, NULL, NULL, NULL, NULL, NULL, NULL, NULL, NULL, NULL, NULL, NULL, NULL, NULL, NULL, NULL, NULL, NULL, NULL, NULL, NULL, NULL, NULL, NULL, NULL, NULL, '2', '2', '3', '7', '1', NULL, '3', NULL, NULL, '1', '2', '', '1', '5', NULL, '3', '3', '1619520015', '6', NULL, 1),
(15, 8007, '253', NULL, NULL, NULL, NULL, NULL, NULL, NULL, 'MACARONI VERDA PASTA 400GM ROLL WITH ALERGEN WARNING - UN ROLL', '', 'PO 09125', '1619338200', '1620375000', '1', '5', '3', '1', NULL, NULL, '1.6', '28', '10', NULL, '1', NULL, NULL, '', '', '', '', 'D04026', '0', '6', '', '46212', '', '1', '1000', '1', '10', '9', '20', '6', '30', '13', NULL, NULL, NULL, NULL, NULL, NULL, '1.6', NULL, NULL, NULL, '2', '', '48.9', '5', '4', '', '345', '250', '20', '', '', '2', '1', '2', '1', '1', NULL, NULL, NULL, NULL, NULL, NULL, NULL, NULL, NULL, NULL, NULL, NULL, NULL, NULL, NULL, NULL, NULL, NULL, NULL, NULL, NULL, NULL, NULL, NULL, NULL, NULL, NULL, '2', '2', '3', '7', '1', NULL, '3', NULL, NULL, '1', '2', '', '1', '5', NULL, '3', '3', '1619520056', '6', NULL, 2),
(16, 8008, '61', NULL, NULL, NULL, NULL, NULL, NULL, NULL, 'BRITANNIA  MARIE GOLD X 6 PACK 176GM', '324247', '61000104', '1619424600', '1620634200', '1', '3', '3', '1', NULL, NULL, '2', '28', '10', NULL, '1', NULL, NULL, '', '', '', '', 'D05287', '0', '6', '', '48799', '', '1', '900', '1', '10', '9', '20', '6', '20', '21', NULL, NULL, NULL, NULL, NULL, NULL, '2', NULL, NULL, NULL, '2', '', '40.70', '5', '3', '', '590', '480', '18', '', '', '2', '1', '2', '6', '1', NULL, NULL, NULL, NULL, NULL, NULL, NULL, NULL, NULL, NULL, NULL, NULL, NULL, NULL, NULL, NULL, NULL, NULL, NULL, NULL, NULL, NULL, NULL, NULL, NULL, NULL, NULL, '2', '2', '3', '7', '1', NULL, '3', NULL, NULL, '1', '1', '', '1', '1', NULL, '3', '2,3,11', '1619521272', '6', NULL, 1),
(17, 8004, '316', NULL, NULL, NULL, NULL, NULL, NULL, NULL, 'NEW BAYARA 410X255MM - GREEN', 'PMFI0158', 'PO 038715-1', '1618474200', '1619683800', '1', '3', '3', '1', NULL, NULL, '1.9', '28', '10', NULL, '1', NULL, NULL, '', '', '', '', 'D05590', '0', '6', '', '47984', '', '1', '1000', '1', '10', '9', '12', '1', '100', '4', NULL, NULL, NULL, NULL, NULL, NULL, '2', NULL, NULL, NULL, '2', '', '115.90', '5', '3', '', '410', '255', '22', '', '', '2', '1', '2', '6', '1', NULL, NULL, NULL, NULL, NULL, NULL, NULL, NULL, NULL, NULL, NULL, NULL, NULL, NULL, NULL, NULL, NULL, NULL, NULL, NULL, NULL, NULL, NULL, NULL, NULL, NULL, NULL, '2', '2', '3', '7', '1', NULL, '3', NULL, NULL, '1', '2', '', '1', '4', NULL, '3', '2,3,11', '1619521490', '6', NULL, 1),
(18, 8008, '61', NULL, NULL, NULL, NULL, NULL, NULL, NULL, 'BRITANNIA  MARIE GOLD X 6 PACK 176GM', '324247', '61000104', '1619424600', '1620634200', '1', '3', '3', '1', NULL, NULL, '2', '28', '10', NULL, '1', NULL, NULL, '', '', '', '', 'D05287', '0', '6', '', '48799', '', '1', '900', '1', '10', '9', '20', '6', '20', '21', NULL, NULL, NULL, NULL, NULL, NULL, '2', NULL, NULL, NULL, '2', '', '40.70', '5', '3', '', '590', '480', '18', '', '', '2', '1', '2', '6', '1', NULL, NULL, NULL, NULL, NULL, NULL, NULL, NULL, NULL, NULL, NULL, NULL, NULL, NULL, NULL, NULL, NULL, NULL, NULL, NULL, NULL, NULL, NULL, NULL, NULL, NULL, NULL, '2', '2', '3', '7', '1', NULL, '3', NULL, NULL, '1', '2', '', '1', '5', NULL, '3', '2,3,11', '1619521534', '6', NULL, 1),
(19, 8008, '61', NULL, NULL, NULL, NULL, NULL, NULL, NULL, 'BRITANNIA  MARIE GOLD X 6 PACK 176GM', '324247', '61000104', '1619424600', '1620634200', '2', '3', '3', '1', NULL, NULL, '2', '28', '1', NULL, '3', NULL, NULL, '', '', '', '', 'D05287', '0', '6', '', '48799', '176', '2', '900', '1', '10', '9', '20', '6', '20', '40', NULL, NULL, NULL, NULL, NULL, NULL, '2', NULL, NULL, NULL, '2', '', '40.70', '5', '3', '', '590', '480', '18', '', '', '2', '1', '2', '1', '1', NULL, NULL, NULL, NULL, NULL, NULL, NULL, NULL, NULL, NULL, NULL, NULL, NULL, NULL, NULL, NULL, NULL, NULL, NULL, NULL, NULL, NULL, NULL, NULL, NULL, NULL, NULL, '2', '2', '3', '7', '1', NULL, '3', NULL, NULL, '1', '2', '', '1', '1', NULL, '3', '2,3,11', '1619522024', '6', NULL, 1),
(20, 8008, '61', NULL, NULL, NULL, NULL, NULL, NULL, NULL, 'BRITANNIA  MARIE GOLD X 6 PACK 176GM', '324247', '61000104', '1619424600', '1620634200', '2', '3', '3', '1', NULL, NULL, '2', '28', '1', NULL, '3', NULL, NULL, '', '', '', '', 'D05287', '0', '6', '', '48799', '176', '2', '900', '1', '10', '9', '20', '6', '20', '40', NULL, NULL, NULL, NULL, NULL, NULL, '2', NULL, NULL, NULL, '2', '', '40.70', '5', '3', '', '590', '480', '18', '', '', '2', '1', '2', '1', '1', NULL, NULL, NULL, NULL, NULL, NULL, NULL, NULL, NULL, NULL, NULL, NULL, NULL, NULL, NULL, NULL, NULL, NULL, NULL, NULL, NULL, NULL, NULL, NULL, NULL, NULL, NULL, '2', '2', '3', '7', '1', NULL, '3', NULL, NULL, '1', '2', '', '1', '1', NULL, '3', '2,3,11', '1619522035', '6', NULL, 2),
(21, 8008, '61', NULL, NULL, NULL, NULL, NULL, NULL, NULL, 'BRITANNIA  MARIE GOLD X 6 PACK 176GM', '324247', '61000104', '1619424600', '1620634200', '2', '3', '3', '1', NULL, NULL, '2', '28', '1', NULL, '3', NULL, NULL, '', '', '', '', 'D05287', '0', '6', '', '48799', '176', '2', '900', '1', '10', '9', '20', '6', '20', '40', NULL, NULL, NULL, NULL, NULL, NULL, '2', NULL, NULL, NULL, '2', '', '40.70', '5', '3', '', '590', '480', '18', '', '', '2', '1', '2', '1', '1', NULL, NULL, NULL, NULL, NULL, NULL, NULL, NULL, NULL, NULL, NULL, NULL, NULL, NULL, NULL, NULL, NULL, NULL, NULL, NULL, NULL, NULL, NULL, NULL, NULL, NULL, NULL, '2', '2', '3', '7', '1', NULL, '3', NULL, NULL, '1', '2', '', '1', '1', NULL, '3', '2,3,11', '1619522202', '3', NULL, 4),
(22, 8009, '5', NULL, NULL, NULL, NULL, NULL, NULL, NULL, 'MC DONALDS TOMATO KETCHUP 9GM OMAN', '02338032B', 'FPO-2104000351', '1619511000', '1621498200', '1,2', '11', '3', '1', NULL, NULL, '2.40', '2', '5', NULL, '3', NULL, NULL, '', '', '', '', 'D07080', '0', '6', '', '47416', '9', '2', '5000', '1', '10', '9', '10', '22', '7', '3', '10', '22', '40', '4', NULL, NULL, '3.2', '3.2', '3.2', NULL, '4', '0.20-0.28', '93.5', '7', '3', '320', '840', '88', '', '', '', '2', '1', '2', '6', '1', NULL, NULL, NULL, NULL, NULL, NULL, NULL, NULL, NULL, NULL, NULL, NULL, NULL, NULL, NULL, NULL, NULL, NULL, NULL, NULL, NULL, NULL, NULL, NULL, NULL, NULL, NULL, '2', '2', '3', '7', '1', NULL, '4', NULL, NULL, '1', '2', '1000', '1', '1', NULL, '3', '2,3,4,6,11', '1619522676', '11', NULL, 1),
(23, 8009, '5', NULL, NULL, NULL, NULL, NULL, NULL, NULL, 'MC DONALDS TOMATO KETCHUP 9GM OMAN', '02338032B', 'FPO-2104000351', '1619511000', '1621498200', '1,2', '11', '3', '1', NULL, NULL, '2.40', '2', '5', NULL, '3', NULL, NULL, '', '', '', '', 'D07080', '0', '6', '', '47416', '9', '2', '5000', '1', '10', '9', '10', '22', '7', '3', '10', '22', '40', '4', NULL, NULL, '3.2', '3.2', '3.2', NULL, '4', '0.20-0.28', '93.5', '7', '3', '320', '840', '88', '', '', '', '2', '1', '2', '6', '1', NULL, NULL, NULL, NULL, NULL, NULL, NULL, NULL, NULL, NULL, NULL, NULL, NULL, NULL, NULL, NULL, NULL, NULL, NULL, NULL, NULL, NULL, NULL, NULL, NULL, NULL, NULL, '2', '2', '3', '7', '1', NULL, '4', NULL, NULL, '1', '2', '1000', '1', '1', NULL, '3', '2,3,4,6,11', '1619522685', '11', NULL, 2),
(24, 8009, '5', NULL, NULL, NULL, NULL, NULL, NULL, NULL, 'MC DONALDS TOMATO KETCHUP 9GM OMAN', '02338032B', 'FPO-2104000351', '1619511000', '1621498200', '1,2', '11', '3', '1', NULL, NULL, '2.40', '2', '5', NULL, '3', NULL, NULL, '', '', '', '', 'D07080', '0', '6', '', '47416', '9', '2', '5000', '1', '10', '9', '10', '22', '7', '3', '10', '22', '40', '4', NULL, NULL, '3.2', '3.2', '3.2', NULL, '4', '0.20-0.28', '93.5', '7', '3', '320', '840', '88', '', '', '', '2', '1', '2', '6', '1', NULL, NULL, NULL, NULL, NULL, NULL, NULL, NULL, NULL, NULL, NULL, NULL, NULL, NULL, NULL, NULL, NULL, NULL, NULL, NULL, NULL, NULL, NULL, NULL, NULL, NULL, NULL, '2', '2', '3', '7', '1', NULL, '4', NULL, NULL, '1', '2', '1000', '1', '1', NULL, '3', '2,3,4,6,11', '1619522720', '11', NULL, 4),
(25, 8010, '460', NULL, NULL, NULL, NULL, NULL, NULL, NULL, 'NABIL-CREMORE ORANGE CREAM BISCUITS 82G', '41102238', '011867', '1619511000', '1621066200', '1,2', '11', '3', '1', NULL, NULL, '2.2', '28', '10', NULL, '2', NULL, NULL, '23', '', '', '', 'D06678', '0', '6', '', '44228', '', '1', '1000', '1', '10', '9', '20', '6', '20', '40', NULL, NULL, NULL, NULL, NULL, NULL, '2', NULL, NULL, NULL, '2', '', '', '5', '5', '', '170', '220', '12', '', '', '2', '1', '1', '1', '1', NULL, NULL, NULL, NULL, NULL, NULL, NULL, NULL, NULL, NULL, NULL, NULL, NULL, NULL, NULL, NULL, NULL, NULL, NULL, NULL, NULL, NULL, NULL, NULL, NULL, NULL, NULL, '2', '2', '3', '7', '1', NULL, '3', NULL, NULL, '1', '2', '1000', '1', '1', NULL, '3', '2', '1619591026', '10', NULL, 1),
(26, 8010, '460', NULL, NULL, NULL, NULL, NULL, NULL, NULL, 'NABIL-CREMORE ORANGE CREAM BISCUITS 82G', '41102238', '011867', '1619511000', '1621066200', '1,2', '11', '3', '1', NULL, NULL, '2.2', '28', '10', NULL, '2', NULL, NULL, '23', '', '', '', 'D06678', '0', '6', '', '44228', '', '1', '1000', '1', '10', '9', '20', '6', '20', '40', NULL, NULL, NULL, NULL, NULL, NULL, '2', NULL, NULL, NULL, '2', '', '', '5', '5', '', '170', '220', '12', '', '', '2', '1', '1', '1', '1', NULL, NULL, NULL, NULL, NULL, NULL, NULL, NULL, NULL, NULL, NULL, NULL, NULL, NULL, NULL, NULL, NULL, NULL, NULL, NULL, NULL, NULL, NULL, NULL, NULL, NULL, NULL, '2', '2', '3', '7', '1', NULL, '3', NULL, NULL, '1', '2', '1000', '1', '1', NULL, '3', '2', '1619591032', '10', NULL, 2),
(27, 8011, '130', NULL, NULL, NULL, NULL, NULL, NULL, NULL, 'SADIA 20 PCS CHICKEN BURGER POUCH 1000GM', '674537', '103462480', '1618128600', '1622621400', '1', '4', '2', '1', NULL, NULL, '1.2', '1', NULL, NULL, '1', NULL, NULL, '', '', '', '', 'D06685', '0', '6', '', '47574 - LWO No.', '1', '3', '150000', '3', '10', NULL, '12', '1', '80', '5', NULL, NULL, NULL, NULL, NULL, NULL, '1.8', NULL, NULL, NULL, '2', '', '95.40', '5', NULL, NULL, NULL, NULL, NULL, NULL, NULL, NULL, NULL, NULL, NULL, NULL, NULL, 14, NULL, NULL, NULL, 7, NULL, 2, 2, NULL, NULL, NULL, 2, NULL, NULL, '{"70":"220","71":"300","72":"5"}', NULL, NULL, NULL, NULL, NULL, NULL, NULL, NULL, NULL, NULL, NULL, '2', '2', '3', '7', NULL, NULL, '3', '', '', '1', '2', '', '1', '1', NULL, '3', '3,11', '1619694436', '6', NULL, 1),
(28, 8010, '460', NULL, NULL, NULL, NULL, NULL, NULL, NULL, 'NABIL-CREMORE ORANGE CREAM BISCUITS 82G', '41102238', '011867', '1619511000', '1621066200', '1,2', '11', '3', '1', NULL, NULL, '2.2', '28', '10', NULL, '2', NULL, NULL, '23', '', '', '', 'D06678', '0', '6', '', '44228', '', '1', '1000', '1', '10', '9', '20', '6', '20', '40', NULL, NULL, NULL, NULL, NULL, NULL, '2', NULL, NULL, NULL, '2', '', '', '5', '5', '', '170', '220', '12', '', '', '2', '1', '1', '1', '1', NULL, NULL, NULL, NULL, NULL, NULL, NULL, NULL, NULL, NULL, NULL, NULL, NULL, NULL, NULL, NULL, NULL, NULL, NULL, NULL, NULL, NULL, NULL, NULL, NULL, NULL, NULL, '2', '2', '3', '7', '1', NULL, '3', NULL, NULL, '1', '2', '1000', '1', '1', NULL, '3', '2', '1619951102', '11', NULL, 4),
(29, 8012, '419', NULL, NULL, NULL, NULL, NULL, NULL, NULL, 'Modern Bakery 540mm', '', '4100090286', '1619338200', '1621066200', '1', '16', '3', '1', NULL, NULL, '1.2', '36', '1', NULL, '2', NULL, NULL, '', '', '', '', 'D06066', '1', '6', '', '', '', '2', '520', '1', '10', '9', '30', '6', NULL, NULL, NULL, NULL, NULL, NULL, NULL, NULL, NULL, NULL, NULL, NULL, '1', '', '', '', '5', '', '540', '600', '25', '', '', '2', '1', '2', '1', '1', NULL, NULL, NULL, NULL, NULL, NULL, NULL, NULL, NULL, NULL, NULL, NULL, NULL, NULL, NULL, NULL, NULL, NULL, NULL, NULL, NULL, NULL, NULL, NULL, NULL, NULL, NULL, '1', '2', '3', '7', '1', NULL, '3', NULL, NULL, '1', '1', '', '1', '1', NULL, '3', '2,4', '1619952361', '7', NULL, 1),
(30, 8012, '419', NULL, NULL, NULL, NULL, NULL, NULL, NULL, 'Modern Bakery 540mm', '', '4100090286', '1619338200', '1621066200', '1', '16', '3', '1', NULL, NULL, '1.2', '36', '1', NULL, '2', NULL, NULL, '', '', '', '', 'D06066', '1', '6', '', '', '', '2', '520', '1', '10', '9', '30', '6', NULL, NULL, NULL, NULL, NULL, NULL, NULL, NULL, NULL, NULL, NULL, NULL, '1', '', '', '', '5', '', '540', '600', '25', '', '', '2', '1', '2', '1', '1', NULL, NULL, NULL, NULL, NULL, NULL, NULL, NULL, NULL, NULL, NULL, NULL, NULL, NULL, NULL, NULL, NULL, NULL, NULL, NULL, NULL, NULL, NULL, NULL, NULL, NULL, NULL, '1', '2', '3', '7', '1', NULL, '3', NULL, NULL, '1', '1', '', '1', '1', NULL, '3', '2,4', '1619953924', '7', NULL, 2),
(31, 8000, '381', NULL, NULL, NULL, NULL, NULL, NULL, NULL, 'KITCO BITES CHEDDAR CHEESE BALLS POLYBAG BLUE BG', '4960210040000007', '26-2231', '1618906200', '1622362200', '1,2', '11', '1', '1', NULL, NULL, '2.80', '27', NULL, NULL, '2', NULL, NULL, '25', '15', '', '', 'D04371', '0', '6', '0', '31593', '', '1', '1000', '1', '10', NULL, '65', '4', NULL, NULL, NULL, NULL, NULL, NULL, NULL, NULL, NULL, NULL, NULL, NULL, '1', '', '67.20', '2', NULL, NULL, NULL, NULL, NULL, NULL, NULL, NULL, NULL, NULL, NULL, NULL, NULL, NULL, NULL, NULL, NULL, NULL, NULL, NULL, NULL, NULL, NULL, NULL, NULL, NULL, NULL, NULL, NULL, NULL, 3, NULL, 6, '', '50', '', '{"5":"565","6":"450","7":"120"}', NULL, NULL, '2', '2', '3', '7', NULL, '4', '4', '', '', '1', '2', '1000', '1', '1', NULL, '3', '2,3,4,6,12', '1619989934', '1', NULL, 5),
(32, 8013, '135', '99999', '2222', '1111', NULL, 2, '123123', '12-12-2020', '', '', '', '1602317400', '1670832600', '1', '1', '1', '1', 2, '', '', '27', NULL, NULL, '1', NULL, NULL, '', '', '', '', '', '0', '1', '', '', '', '1', '', '1', '', NULL, '1', '21', '2', '21', NULL, NULL, NULL, NULL, NULL, NULL, '3', NULL, NULL, NULL, '2', '', '', '', NULL, NULL, NULL, NULL, NULL, NULL, NULL, NULL, NULL, NULL, NULL, NULL, NULL, NULL, NULL, NULL, NULL, NULL, NULL, NULL, NULL, NULL, NULL, NULL, NULL, NULL, NULL, NULL, NULL, NULL, 1, NULL, 1, '', '', '', '{"1":"","2":""}', NULL, NULL, '1', '1', '2', '1', NULL, '2', '4', '', '', '1', '1', '', '1', '3', '', '3', '4', '1619992196', '1', NULL, 1),
(33, 8014, '135', '99999', '2222', '1111', NULL, 2, '123123', '12-12-2020', '', '', '', '1602317400', '1670832600', '1', '1', '1', '1', 2, '', '', '27', NULL, NULL, '1', NULL, NULL, '', '', '', '', '', '0', '1', '', '', '', '1', '', '1', '', NULL, '1', '21', '2', '21', NULL, NULL, NULL, NULL, NULL, NULL, '3', NULL, NULL, NULL, '2', '', '', '', NULL, NULL, NULL, NULL, NULL, NULL, NULL, NULL, NULL, NULL, NULL, NULL, NULL, NULL, NULL, NULL, NULL, NULL, NULL, NULL, NULL, NULL, NULL, NULL, NULL, NULL, NULL, NULL, NULL, NULL, 1, '', 1, '', '', '', '{"1":"","2":""}', NULL, NULL, '1', '1', '2', '1', NULL, '2', '4', '', '', '1', '1', '', '1', '3', '', '3', '4', '1619992382', '1', NULL, 1),
(34, 8014, '135', '', '2222', '1111', NULL, 2, '', '', '', '', '', '1602317400', '1670832600', '1', '1', '1', '1', 1, NULL, '', '27', NULL, NULL, '1', NULL, NULL, '', '', '', '', '', '0', '1', '', '', '', '1', '', '1', '', NULL, '1', '21', '2', '21', NULL, NULL, NULL, NULL, NULL, NULL, '3', NULL, NULL, NULL, '2', '', '', '', NULL, NULL, NULL, NULL, NULL, NULL, NULL, NULL, NULL, NULL, NULL, NULL, NULL, NULL, NULL, NULL, NULL, NULL, NULL, NULL, NULL, NULL, NULL, NULL, NULL, NULL, NULL, NULL, NULL, NULL, 1, '', 1, '', '', '', '{"1":"","2":""}', NULL, NULL, '1', '1', '2', '1', NULL, '2', '4', '', '', '1', '1', '', '1', '3', '', '3', '4', '1619992414', '1', NULL, 1),
(35, 8014, '421', '', '', '', NULL, 1, '', '', '', '', '', '1639296600', '1670832600', '1', '2', '1', '1', 1, NULL, '', '27', NULL, NULL, '1', NULL, NULL, '', '', '', '', '', '0', '1', '', '', '', '1', '', '1', '', NULL, '1', '21', '2', '21', NULL, NULL, NULL, NULL, NULL, NULL, '3', NULL, NULL, NULL, '2', '', '', '', NULL, NULL, NULL, NULL, NULL, NULL, NULL, NULL, NULL, NULL, NULL, NULL, NULL, NULL, NULL, NULL, NULL, NULL, NULL, NULL, NULL, NULL, NULL, NULL, NULL, NULL, NULL, NULL, NULL, NULL, 1, '', 1, '', '', '', '{"1":"","2":""}', NULL, NULL, '1', '1', '2', '1', NULL, '1', '3', '', '', '1', '1', '', '1', '1', '', '3', '4', '1619992917', '1', NULL, 1),
(36, 8014, '421', '', '', '', NULL, 2, '', '', '', '', '', '1639296600', '1670832600', '1', '2', '1', '1', 1, NULL, '', '27', NULL, NULL, '1', NULL, NULL, '', '', '', '', '', '0', '1', '', '', '', '1', '', '1', '', NULL, '1', '21', '2', '21', NULL, NULL, NULL, NULL, NULL, NULL, '3', NULL, NULL, NULL, '2', '', '', '', NULL, NULL, NULL, NULL, NULL, NULL, NULL, NULL, NULL, NULL, NULL, NULL, NULL, NULL, NULL, NULL, NULL, NULL, NULL, NULL, NULL, NULL, NULL, NULL, NULL, NULL, NULL, NULL, NULL, NULL, 1, '', 1, '', '', '', '{"1":"","2":""}', NULL, NULL, '1', '1', '2', '1', NULL, '1', '3', '', '', '1', '1', '', '1', '1', '', '3', '4', '1619993023', '1', NULL, 1),
(37, 8014, '421', '', '', '', NULL, 2, '11111', '', '', '', '', '1639296600', '1670832600', '1', '2', '1', '1', 1, NULL, '', '27', NULL, NULL, '1', NULL, NULL, '', '', '', '', '', '0', '1', '', '', '', '1', '', '1', '', NULL, '1', '21', '2', '21', NULL, NULL, NULL, NULL, NULL, NULL, '3', NULL, NULL, NULL, '2', '', '', '', NULL, NULL, NULL, NULL, NULL, NULL, NULL, NULL, NULL, NULL, NULL, NULL, NULL, NULL, NULL, NULL, NULL, NULL, NULL, NULL, NULL, NULL, NULL, NULL, NULL, NULL, NULL, NULL, NULL, NULL, 1, '', 1, '', '', '', '{"1":"","2":""}', NULL, NULL, '1', '1', '2', '1', NULL, '1', '3', '', '', '1', '1', '', '1', '1', '', '3', '4', '1619993030', '1', NULL, 1),
(38, 8014, '421', '', '', '', NULL, 2, '11111', '22-22-2022', '', '', '', '1639296600', '1670832600', '1', '2', '1', '1', 1, NULL, '', '27', NULL, NULL, '1', NULL, NULL, '', '', '', '', '', '0', '1', '', '', '', '1', '', '1', '', NULL, '1', '21', '2', '21', NULL, NULL, NULL, NULL, NULL, NULL, '3', NULL, NULL, NULL, '2', '', '', '', NULL, NULL, NULL, NULL, NULL, NULL, NULL, NULL, NULL, NULL, NULL, NULL, NULL, NULL, NULL, NULL, NULL, NULL, NULL, NULL, NULL, NULL, NULL, NULL, NULL, NULL, NULL, NULL, NULL, NULL, 1, '', 1, '', '', '', '{"1":"","2":""}', NULL, NULL, '1', '1', '2', '1', NULL, '1', '3', '', '', '1', '1', '', '1', '1', '', '3', '4', '1619993037', '1', NULL, 1),
(39, 8014, '421', '990909', '', '', NULL, 2, '11111', '22-22-2022', '', '', '', '1639296600', '1670832600', '1', '2', '1', '1', 1, NULL, '', '27', NULL, NULL, '1', NULL, NULL, '', '', '', '', '', '0', '1', '', '', '', '1', '111', '1', '', NULL, '1', '21', '2', '21', NULL, NULL, NULL, NULL, NULL, NULL, '3', NULL, NULL, NULL, '2', '', '', '', NULL, NULL, NULL, NULL, NULL, NULL, NULL, NULL, NULL, NULL, NULL, NULL, NULL, NULL, NULL, NULL, NULL, NULL, NULL, NULL, NULL, NULL, NULL, NULL, NULL, NULL, NULL, NULL, NULL, NULL, 1, '', 1, '', '', '', '{"1":"","2":""}', NULL, NULL, '1', '1', '2', '1', NULL, '1', '3', '', '', '1', '1', '', '1', '1', '', '3', '4', '1619993086', '1', NULL, 1),
(40, 8014, '421', '990909', '', '222344', NULL, 2, '11111', '22-22-2022', '', '', '', '1639296600', '1670832600', '1', '2', '1', '1', 1, NULL, '', '27', NULL, NULL, '1', NULL, NULL, '', '', '', '', '', '0', '1', '', '', '', '1', '111', '1', '', NULL, '1', '21', '2', '21', NULL, NULL, NULL, NULL, NULL, NULL, '3', NULL, NULL, NULL, '2', '', '', '', NULL, NULL, NULL, NULL, NULL, NULL, NULL, NULL, NULL, NULL, NULL, NULL, NULL, NULL, NULL, NULL, NULL, NULL, NULL, NULL, NULL, NULL, NULL, NULL, NULL, NULL, NULL, NULL, NULL, NULL, 1, '', 1, '', '', '', '{"1":"","2":""}', NULL, NULL, '1', '1', '2', '1', NULL, '1', '3', '', '', '1', '1', '', '1', '1', '', '3', '4', '1619993091', '1', NULL, 1),
(41, 8014, '421', '990909', '5555', '222344', NULL, 2, '11111', '22-22-2022', '', '', '', '1639296600', '1670832600', '1', '2', '1', '1', 1, NULL, '', '27', NULL, NULL, '1', NULL, NULL, '', '', '', '', '', '0', '1', '', '', '', '1', '111', '1', '', NULL, '1', '21', '2', '21', NULL, NULL, NULL, NULL, NULL, NULL, '3', NULL, NULL, NULL, '2', '', '', '', NULL, NULL, NULL, NULL, NULL, NULL, NULL, NULL, NULL, NULL, NULL, NULL, NULL, NULL, NULL, NULL, NULL, NULL, NULL, NULL, NULL, NULL, NULL, NULL, NULL, NULL, NULL, NULL, NULL, NULL, 1, '', 1, '', '', '', '{"1":"","2":""}', NULL, NULL, '1', '1', '2', '1', NULL, '1', '3', '', '', '1', '1', '', '1', '1', '', '3', '4', '1619993094', '1', NULL, 1),
(42, 8014, '421', '990909', '5555', '222344', NULL, 2, '11111', '22-22-2022', '', '', '', '1639296600', '1670832600', '1', '2', '1', '1', 2, '3333', '', '27', NULL, NULL, '1', NULL, NULL, '', '', '', '', '', '0', '1', '', '', '', '1', '111', '1', '', NULL, '1', '21', '2', '21', NULL, NULL, NULL, NULL, NULL, NULL, '3', NULL, NULL, NULL, '2', '', '', '', NULL, NULL, NULL, NULL, NULL, NULL, NULL, NULL, NULL, NULL, NULL, NULL, NULL, NULL, NULL, NULL, NULL, NULL, NULL, NULL, NULL, NULL, NULL, NULL, NULL, NULL, NULL, NULL, NULL, NULL, 1, '', 1, '', '', '', '{"1":"","2":""}', NULL, NULL, '1', '1', '2', '1', NULL, '1', '3', '', '', '1', '1', '', '1', '1', '', '3', '4', '1619993104', '1', NULL, 1),
(43, 8014, '421', '990909', '5555', '222344', NULL, 2, '11111', '22-22-2022', '', '', '', '1639296600', '1670832600', '1', '2', '1', '2', 2, NULL, NULL, '27', NULL, NULL, '1', NULL, NULL, '', '', '', '', NULL, NULL, '1', '', '', '', '1', '111', '1', '', NULL, '1', '21', '2', '21', NULL, NULL, NULL, NULL, NULL, NULL, '3', NULL, NULL, NULL, '2', '', '', '', NULL, NULL, NULL, NULL, NULL, NULL, NULL, NULL, NULL, NULL, NULL, NULL, NULL, NULL, NULL, NULL, NULL, NULL, NULL, NULL, NULL, NULL, NULL, NULL, NULL, NULL, NULL, NULL, NULL, NULL, 1, '', 1, '', '', '', '{"1":"","2":""}', NULL, NULL, '1', '1', '2', '1', NULL, '1', '3', '', '', '1', '1', '', '1', '1', '', '3', '4', '1619993112', '1', NULL, 1),
(44, 8014, '421', '990909', '5555', '222344', NULL, 2, '11111', '22-22-2022', '', '', '', '1639296600', '1670832600', '1', '2', '1', '2', 2, NULL, NULL, '27', NULL, NULL, '1', NULL, NULL, '', '', '', '', NULL, NULL, '1', '', '', '', '1', '111', '1', '', NULL, '1', '21', '2', '21', NULL, NULL, NULL, NULL, NULL, NULL, '3', NULL, NULL, NULL, '2', '', '', '', NULL, NULL, NULL, NULL, NULL, NULL, NULL, NULL, NULL, NULL, NULL, NULL, NULL, NULL, NULL, NULL, NULL, NULL, NULL, NULL, NULL, NULL, NULL, NULL, NULL, NULL, NULL, NULL, NULL, NULL, 1, '666', 1, '', '', '', '{"1":"","2":""}', NULL, NULL, '1', '1', '2', '1', NULL, '1', '3', '', '', '1', '1', '', '1', '1', '', '3', '4', '1619993122', '1', NULL, 1),
(45, 8014, '421', '990909', '5555', '222344', NULL, 2, '11111', '22-22-2022', '', '', '', '1639296600', '1670832600', '1', '2', '2', '2', 2, NULL, NULL, '27', NULL, NULL, '1', NULL, NULL, '', '', '', '', NULL, NULL, '1', '', '', '', '1', '111', '1', '', NULL, '1', '21', '2', '21', NULL, NULL, NULL, NULL, NULL, NULL, '3', NULL, NULL, NULL, '2', '', '', '', NULL, NULL, NULL, NULL, NULL, NULL, NULL, NULL, NULL, NULL, NULL, NULL, NULL, 8, 2, '333', '111', 7, NULL, 2, 2, NULL, NULL, NULL, 2, NULL, NULL, '{"34":"","35":"","36":"","37":""}', NULL, NULL, NULL, NULL, NULL, NULL, NULL, NULL, NULL, NULL, NULL, '1', '1', '2', '1', NULL, NULL, '3', '', '', '1', '1', '', '1', '1', '', '3', '4', '1619993136', '1', NULL, 1),
(46, 8014, '421', '990909', '5555', '222344', NULL, 2, '11111', '22-22-2022', '', '', '', '1639296600', '1670832600', '1', '2', '2', '2', 2, NULL, NULL, '27', NULL, NULL, '1', NULL, NULL, '', '', '', '', NULL, NULL, '1', '', '', '', '1', '111', '1', '', NULL, '1', '21', '2', '21', NULL, NULL, NULL, NULL, NULL, NULL, '3', NULL, NULL, NULL, '2', '', '', '', NULL, NULL, NULL, NULL, NULL, NULL, NULL, NULL, NULL, NULL, NULL, NULL, NULL, 8, 2, '333', '111', 7, NULL, 2, 2, NULL, NULL, NULL, 2, NULL, NULL, '{"34":"","35":"","36":"","37":""}', NULL, NULL, NULL, NULL, NULL, NULL, NULL, NULL, NULL, NULL, NULL, '1', '1', '2', '1', NULL, NULL, '3', '', '', '1', '1', '', '1', '1', 'hahaahah', '3', '4', '1619993144', '1', NULL, 1),
(47, 8014, '421', '990909', '5555', '222344', NULL, 2, '11111', '22-22-2022', '', '', '', '1639296600', '1670832600', '1', '2', '3', '1', 2, '', '', '27', '10', NULL, '1', NULL, NULL, '', '', '', '', '', '0', '1', '', '', '', '1', '111', '1', '', '2', '1', '21', '2', '21', NULL, NULL, NULL, NULL, NULL, NULL, '3', NULL, NULL, NULL, '2', '', '', '', '1', '11', '', '', '', '', '', '1', '1', '1', '1', '', NULL, NULL, NULL, NULL, NULL, NULL, NULL, NULL, NULL, NULL, NULL, NULL, NULL, NULL, NULL, NULL, NULL, NULL, NULL, NULL, NULL, NULL, NULL, NULL, NULL, NULL, NULL, '1', '1', '2', '1', '1', NULL, '3', NULL, NULL, '1', '1', '', '1', '1', 'hahaahah', '3', '4', '1619993428', '1', NULL, 1),
(48, 8014, '421', '990909', '5555', '222344', NULL, 2, '11111', '22-22-2022', '', '', '', '1639296600', '1670832600', '1', '2', '3', '1', 2, '', '', '27', '10', NULL, '1', NULL, NULL, '', '', '', '', '', '0', '1', '', '', '', '1', '111', '1', '', '2', '1', '21', '2', '21', NULL, NULL, NULL, NULL, NULL, NULL, '3', NULL, NULL, NULL, '2', '', '', '', '1', '', '', '', '11', '', '', '1', '1', '1', '1', '', NULL, NULL, NULL, NULL, NULL, NULL, NULL, NULL, NULL, NULL, NULL, NULL, NULL, NULL, NULL, NULL, NULL, NULL, NULL, NULL, NULL, NULL, NULL, NULL, NULL, NULL, NULL, '1', '1', '2', '1', '1', NULL, '3', NULL, NULL, '1', '1', '', '1', '1', 'hahaahah', '3', '4', '1619993435', '1', NULL, 1),
(49, 8014, '421', '990909', '5555', '222344', NULL, 2, '11111', '22-22-2022', '', '', '', '1639296600', '1670832600', '1', '2', '3', '1', 2, '', '', '27', '10', NULL, '1', NULL, NULL, '', '', '', '', '', '0', '1', '', '', '', '1', '111', '1', '', '2', '1', '21', '2', '21', NULL, NULL, NULL, NULL, NULL, NULL, '3', NULL, NULL, NULL, '2', '', '', '', '1', '', '', '', '11', '', '', '1', '1', '1', '1', '', NULL, NULL, NULL, NULL, NULL, NULL, NULL, NULL, NULL, NULL, NULL, NULL, NULL, NULL, NULL, NULL, NULL, NULL, NULL, NULL, NULL, NULL, NULL, NULL, NULL, NULL, NULL, '1', '1', '2', '1', '1', NULL, '3', NULL, NULL, '1', '1', '', '1', '1', 'hahaahah', '3', '4', '1619994819', '1', NULL, 2),
(50, 8005, '273', '', '', '', NULL, 1, '', '', 'Raja Vegetable 15gm', '', 'SF-PO-21-00050', '1610698200', '1621066200', '2', '8', '3', '1', 1, NULL, '1.8', '28', '10', NULL, '2', NULL, NULL, '', '', '', '', '7777', '1', '6', '', '', '', '1', '1000', '1', '10', '9', '30', '52', '25', '11', NULL, NULL, NULL, NULL, NULL, NULL, '2', NULL, NULL, NULL, '2', '', '44.25', '', '3', '', '300', '180', '20', '', '', '2', '1', '2', '1', '1', NULL, NULL, NULL, NULL, NULL, NULL, NULL, NULL, NULL, NULL, NULL, NULL, NULL, NULL, NULL, NULL, NULL, NULL, NULL, NULL, NULL, NULL, NULL, NULL, NULL, NULL, '1', '2', '2', '3', '7', '1', NULL, '3', NULL, NULL, '1', '1', '', '1', '4', '', '3', '2,4,6', '1619995670', '1', NULL, 1),
(51, 8005, '273', '', '', '', NULL, 1, '', '', 'Raja Vegetable 15gm', '', 'SF-PO-21-00050', '1610698200', '1621066200', '2', '8', '3', '1', 1, NULL, '1.8', '28', '10', NULL, '2', NULL, NULL, '', '', '', '', '7777', '1', '6', '', '', '', '1', '1000', '1', '10', '9', '30', '49', '25', '11', NULL, NULL, NULL, NULL, NULL, NULL, '2', NULL, NULL, NULL, '2', '', '44.25', '', '3', '', '300', '180', '20', '', '', '2', '1', '2', '1', '1', NULL, NULL, NULL, NULL, NULL, NULL, NULL, NULL, NULL, NULL, NULL, NULL, NULL, NULL, NULL, NULL, NULL, NULL, NULL, NULL, NULL, NULL, NULL, NULL, NULL, NULL, NULL, '2', '2', '3', '7', '1', NULL, '3', NULL, NULL, '1', '1', '', '1', '4', '', '3', '2,4,6', '1619995688', '1', NULL, 1),
(52, 8014, '421', '990909', '5555', '222344', NULL, 2, '11111', '22-22-2022', '', '', '', '1639296600', '1670832600', '1', '2', '3', '1', 2, '', '', '27', '10', NULL, '1', NULL, NULL, '', '', '', '', '', '0', '1', '', '', '', '1', '111', '1', '', '2', '1', '21', '2', '21', NULL, NULL, NULL, NULL, NULL, NULL, '3', NULL, NULL, NULL, '2', '', '', '', '1', '', '', '', '11', '', '', '1', '1', '1', '1', '', NULL, NULL, NULL, NULL, NULL, NULL, NULL, NULL, NULL, NULL, NULL, NULL, NULL, NULL, NULL, NULL, NULL, NULL, NULL, NULL, NULL, NULL, NULL, NULL, NULL, NULL, NULL, '1', '1', '2', '1', '1', NULL, '3', NULL, NULL, '1', '1', '', '1', '1', 'hahaahah', '3', '4', '1619996052', '1', 'Lorem ipsum dolor', 3),
(53, 8014, '421', '990909', '5555', '222344', NULL, 2, '11111', '22-22-2022', '', '', '', '1639296600', '1670832600', '1', '2', '3', '1', 2, '', '', '27', '10', NULL, '1', NULL, NULL, '', '', '', '', '', '0', '1', '', '', '', '1', '111', '1', '', '2', '1', '21', '2', '21', NULL, NULL, NULL, NULL, NULL, NULL, '3', NULL, NULL, NULL, '2', '', '', '', '1', '', '', '', '11', '', '', '1', '1', '1', '1', '', NULL, NULL, NULL, NULL, NULL, NULL, NULL, NULL, NULL, NULL, NULL, NULL, NULL, NULL, NULL, NULL, NULL, NULL, NULL, NULL, NULL, NULL, NULL, NULL, NULL, NULL, NULL, '1', '1', '2', '1', '1', NULL, '3', NULL, NULL, '1', '1', '', '1', '1', 'hahaahah', '3', '4', '1619996124', '1', NULL, 2),
(54, 8014, '421', '990909', '5555', '222344', NULL, 2, '11111', '22-22-2022', '', '', '', '1639296600', '1670832600', '1', '2', '3', '1', 2, '', '', '27', '10', NULL, '1', NULL, NULL, '', '', '', '', '', '0', '1', '', '', '', '1', '111', '1', '', '2', '1', '21', '2', '21', NULL, NULL, NULL, NULL, NULL, NULL, '3', NULL, NULL, NULL, '2', '', '', '', '1', '', '', '', '11', '', '', '1', '1', '1', '1', '', NULL, NULL, NULL, NULL, NULL, NULL, NULL, NULL, NULL, NULL, NULL, NULL, NULL, NULL, NULL, NULL, NULL, NULL, NULL, NULL, NULL, NULL, NULL, NULL, NULL, NULL, NULL, '1', '1', '2', '1', '1', NULL, '3', NULL, NULL, '1', '1', '', '1', '1', 'hahaahah', '3', '4', '1619996169', '1', 'Lorem ipsum dolor sit amet, consectetur adipiscing elitLorem ipsum dolor sit amet, consectetur adipiscing elit', 3),
(55, 8014, '421', '990909', '5555', '222344', NULL, 2, '11111', '22-22-2022', '', '', '', '1639296600', '1670832600', '1', '2', '2', '1', 2, '', '', '27', NULL, NULL, '1', NULL, NULL, '', '', '', '', '', '0', '1', '', '', '', '1', '111', '1', '', NULL, '1', '3', '2', '21', NULL, NULL, NULL, NULL, NULL, NULL, '3', NULL, NULL, NULL, '2', '', '', '', NULL, NULL, NULL, NULL, NULL, NULL, NULL, NULL, NULL, NULL, NULL, NULL, NULL, 8, 1, NULL, '222', 7, NULL, 2, 2, NULL, NULL, NULL, 2, NULL, NULL, '{"34":"","35":"","36":"","37":""}', NULL, NULL, NULL, NULL, NULL, NULL, NULL, NULL, NULL, NULL, '2', '1', '1', '2', '1', NULL, NULL, '3', '', '', '1', '1', '', '1', '1', 'hahaahah', '3', '4', '1619996191', '1', NULL, 3),
(56, 8014, '421', '990909', '5555', '222344', NULL, 2, '11111', '22-22-2022', '', '', '', '1639296600', '1670832600', '1', '2', '2', '1', 2, '', '', '27', NULL, NULL, '1', NULL, NULL, '', '', '', '', '', '0', '1', '', '', '', '1', '111', '1', '', NULL, '1', '3', '2', '21', NULL, NULL, NULL, NULL, NULL, NULL, '3', NULL, NULL, NULL, '2', '', '', '', NULL, NULL, NULL, NULL, NULL, NULL, NULL, NULL, NULL, NULL, NULL, NULL, NULL, 8, 1, NULL, '222', 7, NULL, 2, 2, NULL, NULL, NULL, 2, NULL, NULL, '{"34":"","35":"","36":"","37":""}', NULL, NULL, NULL, NULL, NULL, NULL, NULL, NULL, NULL, NULL, '2', '1', '1', '2', '1', NULL, NULL, '3', '', '', '1', '1', '', '1', '1', 'hahaahah', '3', '4', '1619996195', '1', NULL, 2),
(57, 8014, '421', '990909', '5555', '222344', NULL, 2, '11111', '22-22-2022', '', '', '', '1639296600', '1670832600', '1', '2', '2', '1', 2, '', '', '27', NULL, NULL, '1', NULL, NULL, '', '', '', '', '', '0', '1', '', '', '', '1', '111', '1', '', NULL, '1', '3', '2', '21', NULL, NULL, NULL, NULL, NULL, NULL, '3', NULL, NULL, NULL, '2', '', '', '', NULL, NULL, NULL, NULL, NULL, NULL, NULL, NULL, NULL, NULL, NULL, NULL, NULL, 8, 1, NULL, '222', 7, NULL, 2, 2, NULL, NULL, NULL, 2, NULL, NULL, '{"34":"","35":"","36":"","37":""}', NULL, NULL, NULL, NULL, NULL, NULL, NULL, NULL, NULL, NULL, '2', '1', '1', '2', '1', NULL, NULL, '3', '', '', '1', '1', '', '1', '1', 'hahaahah', '3', '4', '1619996278', '1', NULL, 4),
(58, 8014, '421', '990909', '5555', '222344', NULL, 2, '11111', '22-22-2022', '', '', '', '1639296600', '1670832600', '1', '2', '2', '1', 2, '', '', '27', NULL, NULL, '1', NULL, NULL, '', '', '', '', '', '0', '1', '', '', '', '1', '111', '1', '', NULL, '1', '3', '2', '21', NULL, NULL, NULL, NULL, NULL, NULL, '3', NULL, NULL, NULL, '2', '', '', '', NULL, NULL, NULL, NULL, NULL, NULL, NULL, NULL, NULL, NULL, NULL, NULL, NULL, 8, 1, NULL, '222', 7, NULL, 2, 2, NULL, NULL, NULL, 2, NULL, NULL, '{"34":"","35":"","36":"","37":""}', NULL, NULL, NULL, NULL, NULL, NULL, NULL, NULL, NULL, NULL, '2', '1', '1', '2', '1', NULL, NULL, '3', '', '', '1', '1', '', '1', '1', 'hahaahah', '3', '4', '1619996371', '2', NULL, 6),
(59, 8013, '135', '99999', '2222', '1111', NULL, 2, '123123', '12-12-2020', '', '', '', '1602317400', '1670832600', '1', '1', '1', '1', 2, '', '', '27', NULL, NULL, '1', NULL, NULL, '', '', '', '', '', '0', '1', '', '', '', '1', '', '1', '', NULL, '1', '21', '2', '21', NULL, NULL, NULL, NULL, NULL, NULL, '3', NULL, NULL, NULL, '2', '', '', '', NULL, NULL, NULL, NULL, NULL, NULL, NULL, NULL, NULL, NULL, NULL, NULL, NULL, NULL, NULL, NULL, NULL, NULL, NULL, NULL, NULL, NULL, NULL, NULL, NULL, NULL, NULL, NULL, NULL, NULL, 1, NULL, 1, '', '', '', '{"1":"","2":""}', NULL, NULL, '1', '1', '2', '1', NULL, '2', '4', '', '', '1', '1', '', '1', '3', '', '3', '4', '1619996483', '1', NULL, 2),
(60, 8000, '381', NULL, NULL, NULL, NULL, NULL, NULL, NULL, 'KITCO BITES CHEDDAR CHEESE BALLS POLYBAG BLUE BG', '4960210040000007', '26-2231', '1618906200', '1622362200', '1,2', '11', '1', '1', NULL, NULL, '2.80', '27', NULL, NULL, '2', NULL, NULL, '25', '15', '', '', 'D04371', '0', '6', '0', '31593', '', '1', '1000', '1', '10', NULL, '65', '4', NULL, NULL, NULL, NULL, NULL, NULL, NULL, NULL, NULL, NULL, NULL, NULL, '1', '', '67.20', '2', NULL, NULL, NULL, NULL, NULL, NULL, NULL, NULL, NULL, NULL, NULL, NULL, NULL, NULL, NULL, NULL, NULL, NULL, NULL, NULL, NULL, NULL, NULL, NULL, NULL, NULL, NULL, NULL, NULL, NULL, 3, NULL, 6, '', '50', '', '{"5":"565","6":"450","7":"120"}', NULL, NULL, '2', '2', '3', '7', NULL, '4', '4', '', '', '1', '2', '1000', '1', '1', NULL, '3', '2,3,4,6,12', '1620034179', '1', NULL, 7),
(61, 8000, '381', NULL, NULL, NULL, NULL, NULL, NULL, NULL, 'KITCO BITES CHEDDAR CHEESE BALLS POLYBAG BLUE BG', '4960210040000007', '26-2231', '1618906200', '1622362200', '1,2', '11', '1', '1', NULL, NULL, '2.80', '27', NULL, NULL, '2', NULL, NULL, '25', '15', '', '', 'D04371', '0', '6', '0', '31593', '', '1', '1000', '1', '10', NULL, '65', '4', NULL, NULL, NULL, NULL, NULL, NULL, NULL, NULL, NULL, NULL, NULL, NULL, '1', '', '67.20', '2', NULL, NULL, NULL, NULL, NULL, NULL, NULL, NULL, NULL, NULL, NULL, NULL, NULL, NULL, NULL, NULL, NULL, NULL, NULL, NULL, NULL, NULL, NULL, NULL, NULL, NULL, NULL, NULL, NULL, NULL, 3, NULL, 6, '', '50', '', '{"5":"565","6":"450","7":"120"}', NULL, NULL, '2', '2', '3', '7', NULL, '4', '4', '', '', '1', '2', '1000', '1', '1', NULL, '3', '2,3,4,6,12', '1620034185', '1', NULL, 9),
(62, 8014, '421', '990909', '5555', '222344', NULL, 2, '11111', '22-22-2022', '', '', '', '1639296600', '1670832600', '1', '2', '2', '1', 2, '', '', '27', NULL, NULL, '1', NULL, NULL, '', '', '', '', '', '0', '1', '', '', '', '1', '111', '1', '', NULL, '1', '3', '2', '21', NULL, NULL, NULL, NULL, NULL, NULL, '3', NULL, NULL, NULL, '2', '', '', '', NULL, NULL, NULL, NULL, NULL, NULL, NULL, NULL, NULL, NULL, NULL, NULL, NULL, 8, 1, NULL, '222', 7, NULL, 2, 2, NULL, NULL, NULL, 2, NULL, NULL, '{"34":"","35":"","36":"","37":""}', NULL, NULL, NULL, NULL, NULL, NULL, NULL, NULL, NULL, NULL, '2', '1', '1', '2', '1', NULL, NULL, '3', '', '', '1', '1', '', '1', '1', 'hahaahah', '3', '4', '1620034273', '1', NULL, 7),
(63, 8014, '421', '990909', '5555', '222344', NULL, 2, '11111', '22-22-2022', '', '', '', '1639296600', '1670832600', '1', '2', '2', '1', 2, '', '', '27', NULL, NULL, '1', NULL, NULL, '', '', '', '', '', '0', '1', '', '', '', '1', '111', '1', '', NULL, '1', '3', '2', '21', NULL, NULL, NULL, NULL, NULL, NULL, '3', NULL, NULL, NULL, '2', '', '', '', NULL, NULL, NULL, NULL, NULL, NULL, NULL, NULL, NULL, NULL, NULL, NULL, NULL, 8, 1, NULL, '222', 7, NULL, 2, 2, NULL, NULL, NULL, 2, NULL, NULL, '{"34":"","35":"","36":"","37":""}', NULL, NULL, NULL, NULL, NULL, NULL, NULL, NULL, NULL, NULL, '2', '1', '1', '2', '1', NULL, NULL, '3', '', '', '1', '1', '', '1', '1', 'hahaahah', '3', '4', '1620034284', '1', NULL, 9);
INSERT INTO `master_work_order_main` (`master_wo_id`, `master_wo_ref`, `master_wo_2_client_id`, `master_wo_m_lwo`, `master_wo_extra_ccr`, `master_wo_extra_ncr`, `master_wo_extra_print_end_ops`, `master_wo_2_partial_delivery`, `master_wo_rfp_no`, `master_wo_rfp_date`, `master_wo_customer_design_name`, `master_wo_customer_item_code`, `master_wo_customer_po`, `master_wo_po_date`, `master_wo_delivery_date`, `master_wo_3_customer_loc`, `master_wo_2_sales_id`, `master_wo_2_structure`, `master_wo_2_type_printed`, `master_wo_2_lsd_required`, `master_wo_lsd_copies`, `master_wo_ink_gsm_pre_c`, `master_wo_2_application`, `master_wo_2_roll_fill_opts`, `master_wo_2_pouchbag_fillops`, `master_wo_2_fill_temp`, `master_wo_submersion_duration`, `master_wo_submersion_temp`, `master_wo_fill_temp`, `master_wo_line_speed`, `master_wo_dwell_time`, `master_wo_seal_temp`, `master_wo_design_id`, `master_wo_rev_no`, `master_wo_2_coating_options`, `master_wo_coating_gsm`, `master_wo_approved_sample_wo_no`, `master_wo_pack_weight`, `master_wo_2_pack_weight_unit`, `master_wo_quantity`, `master_wo_2_units`, `master_wo_quantity_tolerance`, `master_wo_2_laser_config`, `master_wo_layer_1_micron`, `master_wo_layer_1_structure`, `master_wo_layer_2_micron`, `master_wo_layer_2_structure`, `master_wo_layer_3_micron`, `master_wo_layer_3_structure`, `master_wo_layer_4_micron`, `master_wo_layer_4_structure`, `master_wo_layer_5_micron`, `master_wo_layer_5_structure`, `master_wo_adh1`, `master_wo_adh2`, `master_wo_adh3`, `master_wo_adh4`, `master_wo_ply`, `master_wo_cof_val`, `master_wo_total_gsm`, `master_wo_total_gsm_tolerance`, `master_wo_2_wind_dir`, `master_wo_roll_od`, `master_wo_roll_width`, `master_wo_roll_cutoff_len`, `master_wo_max_w_p_r`, `master_wo_max_lmtr_p_r`, `master_wo_max_imps_p_r`, `master_wo_2_slitting_core_id`, `master_wo_2_slitting_core_material`, `master_wo_2_slitting_core_plugs`, `master_wo_2_slitting_qc_ins`, `master_wo_max_joints`, `master_wo_remarks_roll`, `master_wo_2_pouch_master`, `master_wo_2_pouch_perforation`, `master_wo_pouch_perforation_distance_top`, `master_wo_pouch_distance_top_extra`, `master_wo_2_pouch_punch_type`, `master_wo_2_pouch_euro_punch`, `master_wo_2_pouch_round_corner`, `master_wo_2_pouch_zipper`, `master_wo_2_pouch_zipper_opc`, `master_wo_pouch_top_dist`, `master_wo_2_pouch_pestrip`, `master_wo_2_pouch_tear_notch`, `master_wo_2_pouch_tear_notch_qty`, `master_wo_2_pouch_tear_notch_side`, `master_wo_pouch_values`, `master_wo_3_pouch_lap_fin`, `master_wo_remarks_pouch`, `master_wo_2_bag_type`, `master_wo_bags_distance_top_extra`, `master_wo_2_bags_handle`, `master_wo_bags_top_fold`, `master_wo_bags_flap`, `master_wo_bags_lip`, `master_wo_bags_values`, `master_wo_remarks_bags`, `master_wo_2_foil_print_side`, `master_wo_2_printing_method`, `master_wo_2_printing_shade_card_needed`, `master_wo_2_printing_color_ref_type`, `master_wo_2_printing_approvalby`, `master_wo_2_roll_pack_ins`, `master_wo_2_carton_pack_ins`, `master_wo_2_pallet_mark_ins`, `master_wo_pouch_per_bund`, `master_wo_bund_per_box`, `master_wo_2_pallet_type`, `master_wo_2_cont_stuff`, `master_wo_max_gross_pallet_weight`, `master_wo_2_pallet_dim`, `master_wo_2_freight_type`, `master_wo_ship_port_name`, `master_wo_cart_thick`, `master_wo_3_docs`, `master_wo_gen_dnt`, `master_wo_gen_lum_id`, `master_reject_text`, `master_wo_status`) VALUES
(64, 8015, '421', '', '', '', NULL, 2, '', '', '', '', '', '1639296600', '1670832600', '1', '2', '3', '1', 1, NULL, '', '27', '10', NULL, '1', NULL, NULL, '', '', '', '', '', '0', '1', '', '', '', '1', '', '1', '1', '2', '1', '21', '2', '21', NULL, NULL, NULL, NULL, NULL, NULL, '3', NULL, NULL, NULL, '2', '', '', '', '1', '', '', '', '', '', '', '1', '1', '1', '1', '', NULL, NULL, NULL, NULL, NULL, NULL, NULL, NULL, NULL, NULL, NULL, NULL, NULL, NULL, NULL, NULL, NULL, NULL, NULL, NULL, NULL, NULL, NULL, NULL, NULL, NULL, NULL, '1', '1', '2', '1', '1', NULL, '3', NULL, NULL, '1', '1', '', '1', '1', 'aaa', '3', '4', '1620034651', '1', NULL, 1),
(65, 8015, '421', '', '', '', NULL, 2, '', '', '', '', '', '1639296600', '1670832600', '1', '2', '3', '1', 1, NULL, '', '27', '10', NULL, '1', NULL, NULL, '', '', '', '', '', '0', '1', '', '', '', '1', '', '1', '1', '2', '1', '21', '2', '21', NULL, NULL, NULL, NULL, NULL, NULL, '3', NULL, NULL, NULL, '2', '', '', '', '1', '', '', '', '', '', '', '1', '1', '1', '1', '', NULL, NULL, NULL, NULL, NULL, NULL, NULL, NULL, NULL, NULL, NULL, NULL, NULL, NULL, NULL, NULL, NULL, NULL, NULL, NULL, NULL, NULL, NULL, NULL, NULL, NULL, NULL, '1', '1', '2', '1', '1', NULL, '3', NULL, NULL, '1', '1', '', '1', '1', 'aaa', '3', '4', '1620034918', '1', NULL, 2),
(66, 8015, '421', '', '', '', NULL, 2, '', '', '', '', '', '1639296600', '1670832600', '1', '2', '3', '1', 1, NULL, '', '27', '10', NULL, '1', NULL, NULL, '', '', '', '', '', '0', '1', '', '', '', '1', '', '1', '1', '2', '1', '21', '2', '21', NULL, NULL, NULL, NULL, NULL, NULL, '3', NULL, NULL, NULL, '2', '', '', '', '1', '', '', '', '', '', '', '1', '1', '1', '1', '', NULL, NULL, NULL, NULL, NULL, NULL, NULL, NULL, NULL, NULL, NULL, NULL, NULL, NULL, NULL, NULL, NULL, NULL, NULL, NULL, NULL, NULL, NULL, NULL, NULL, NULL, NULL, '1', '1', '2', '1', '1', NULL, '3', NULL, NULL, '1', '1', '', '1', '1', 'aaa', '3', '4', '1620035059', '1', 'aaaa', 3),
(67, 8015, '421', '', '', '', NULL, 2, '', '', '', '', '', '1639296600', '1670832600', '1', '2', '3', '1', 1, NULL, '', '27', '10', NULL, '1', NULL, NULL, '', '', '', '', '', '0', '1', '', '', '', '1', '', '1', '1', '2', '1', '21', '2', '21', NULL, NULL, NULL, NULL, NULL, NULL, '3', NULL, NULL, NULL, '2', '', '', '', '1', '', '', '', '', '', '', '1', '1', '1', '1', '', NULL, NULL, NULL, NULL, NULL, NULL, NULL, NULL, NULL, NULL, NULL, NULL, NULL, NULL, NULL, NULL, NULL, NULL, NULL, NULL, NULL, NULL, NULL, NULL, NULL, NULL, NULL, '1', '1', '2', '1', '1', NULL, '3', NULL, NULL, '1', '1', '', '1', '1', 'aaa', '3', '4', '1620035072', '1', NULL, 2),
(68, 8015, '421', '', '', '', NULL, 2, '', '', '', '', '', '1639296600', '1670832600', '1', '2', '3', '1', 1, NULL, '', '27', '10', NULL, '1', NULL, NULL, '', '', '', '', '', '0', '1', '', '', '', '1', '', '1', '1', '2', '1', '21', '2', '21', NULL, NULL, NULL, NULL, NULL, NULL, '3', NULL, NULL, NULL, '2', '', '', '', '1', '', '', '', '', '', '', '1', '1', '1', '1', '', NULL, NULL, NULL, NULL, NULL, NULL, NULL, NULL, NULL, NULL, NULL, NULL, NULL, NULL, NULL, NULL, NULL, NULL, NULL, NULL, NULL, NULL, NULL, NULL, NULL, NULL, NULL, '1', '1', '2', '1', '1', NULL, '3', NULL, NULL, '1', '1', '', '1', '1', 'aaa', '3', '4', '1620035079', '1', NULL, 4),
(69, 8015, '421', '', '', '', NULL, 2, '', '', '', '', '', '1639296600', '1670832600', '1', '2', '3', '1', 1, NULL, '', '27', '10', NULL, '1', NULL, NULL, '', '', '', '', '', '0', '1', '', '', '', '1', '', '1', '1', '2', '1', '21', '2', '21', NULL, NULL, NULL, NULL, NULL, NULL, '3', NULL, NULL, NULL, '2', '', '', '', '1', '', '', '', '', '', '', '1', '1', '1', '1', '', NULL, NULL, NULL, NULL, NULL, NULL, NULL, NULL, NULL, NULL, NULL, NULL, NULL, NULL, NULL, NULL, NULL, NULL, NULL, NULL, NULL, NULL, NULL, NULL, NULL, NULL, NULL, '1', '1', '2', '1', '1', NULL, '3', NULL, NULL, '1', '1', '', '1', '1', 'aaa', '3', '4', '1620035327', '1', NULL, 5),
(70, 8015, '421', '', '', '', NULL, 2, '', '', '', '', '', '1639296600', '1670832600', '1', '2', '3', '1', 1, NULL, '', '27', '10', NULL, '1', NULL, NULL, '', '', '', '', '', '0', '1', '', '', '', '1', '', '1', '1', '2', '1', '21', '2', '21', NULL, NULL, NULL, NULL, NULL, NULL, '3', NULL, NULL, NULL, '2', '', '', '', '1', '', '', '', '', '', '', '1', '1', '1', '1', '', NULL, NULL, NULL, NULL, NULL, NULL, NULL, NULL, NULL, NULL, NULL, NULL, NULL, NULL, NULL, NULL, NULL, NULL, NULL, NULL, NULL, NULL, NULL, NULL, NULL, NULL, NULL, '1', '1', '2', '1', '1', NULL, '3', NULL, NULL, '1', '1', '', '1', '1', 'aaa', '3', '4', '1620035392', '1', NULL, 7),
(71, 8015, '421', '', '', '', NULL, 2, '', '', '', '', '', '1639296600', '1670832600', '1', '2', '3', '1', 1, NULL, '', '27', '10', NULL, '1', NULL, NULL, '', '', '', '', '', '0', '1', '', '', '', '1', '', '1', '1', '2', '1', '21', '2', '21', NULL, NULL, NULL, NULL, NULL, NULL, '3', NULL, NULL, NULL, '2', '', '', '', '1', '', '', '', '', '', '', '1', '1', '1', '1', '', NULL, NULL, NULL, NULL, NULL, NULL, NULL, NULL, NULL, NULL, NULL, NULL, NULL, NULL, NULL, NULL, NULL, NULL, NULL, NULL, NULL, NULL, NULL, NULL, NULL, NULL, NULL, '1', '1', '2', '1', '1', NULL, '3', NULL, NULL, '1', '1', '', '1', '1', 'aaa', '3', '4', '1620035401', '1', 'aaa', 8),
(72, 8015, '421', '', '', '', NULL, 2, '', '', '', '', '', '1639296600', '1670832600', '1', '2', '3', '1', 1, NULL, '', '27', '10', NULL, '1', NULL, NULL, '', '', '', '', '', '0', '1', '', '', '', '1', '', '1', '1', '2', '1', '21', '2', '21', NULL, NULL, NULL, NULL, NULL, NULL, '3', NULL, NULL, NULL, '2', '', '', '', '1', '', '', '', '', '', '', '1', '1', '1', '1', '', NULL, NULL, NULL, NULL, NULL, NULL, NULL, NULL, NULL, NULL, NULL, NULL, NULL, NULL, NULL, NULL, NULL, NULL, NULL, NULL, NULL, NULL, NULL, NULL, NULL, NULL, NULL, '1', '1', '2', '1', '1', NULL, '3', NULL, NULL, '1', '1', '', '1', '1', 'aaa', '3', '4', '1620035411', '1', NULL, 7),
(73, 8015, '421', '', '', '', NULL, 2, '', '', '', '', '', '1639296600', '1670832600', '1', '2', '3', '1', 1, NULL, '', '27', '10', NULL, '1', NULL, NULL, '', '', '', '', '', '0', '1', '', '', '', '1', '', '1', '1', '2', '1', '21', '2', '21', NULL, NULL, NULL, NULL, NULL, NULL, '3', NULL, NULL, NULL, '2', '', '', '', '1', '', '', '', '', '', '', '1', '1', '1', '1', '', NULL, NULL, NULL, NULL, NULL, NULL, NULL, NULL, NULL, NULL, NULL, NULL, NULL, NULL, NULL, NULL, NULL, NULL, NULL, NULL, NULL, NULL, NULL, NULL, NULL, NULL, NULL, '1', '1', '2', '1', '1', NULL, '3', NULL, NULL, '1', '1', '', '1', '1', 'aaa', '3', '4', '1620035748', '1', 'aaa', 8),
(74, 8015, '421', '', '', '', NULL, 2, '', '', '', '', '', '1639296600', '1670832600', '1', '2', '3', '1', 1, NULL, '', '27', '10', NULL, '1', NULL, NULL, '', '', '', '', '', '0', '1', '', '', '', '1', '', '1', '1', '2', '1', '21', '2', '21', NULL, NULL, NULL, NULL, NULL, NULL, '3', NULL, NULL, NULL, '2', '', '', '', '1', '', '', '', '', '', '', '1', '1', '1', '1', '', NULL, NULL, NULL, NULL, NULL, NULL, NULL, NULL, NULL, NULL, NULL, NULL, NULL, NULL, NULL, NULL, NULL, NULL, NULL, NULL, NULL, NULL, NULL, NULL, NULL, NULL, NULL, '1', '1', '2', '1', '1', NULL, '3', NULL, NULL, '1', '1', '', '1', '1', 'aaa', '3', '4', '1620035853', '1', NULL, 7),
(75, 8015, '421', '', '', '', NULL, 2, '', '', '', '', '', '1639296600', '1670832600', '1', '2', '3', '1', 1, NULL, '', '27', '10', NULL, '1', NULL, NULL, '', '', '', '', '', '0', '1', '', '', '', '1', '', '1', '1', '2', '1', '21', '2', '21', NULL, NULL, NULL, NULL, NULL, NULL, '3', NULL, NULL, NULL, '2', '', '', '', '1', '', '', '', '', '', '', '1', '1', '1', '1', '', NULL, NULL, NULL, NULL, NULL, NULL, NULL, NULL, NULL, NULL, NULL, NULL, NULL, NULL, NULL, NULL, NULL, NULL, NULL, NULL, NULL, NULL, NULL, NULL, NULL, NULL, NULL, '1', '1', '2', '1', '1', NULL, '3', NULL, NULL, '1', '1', '', '1', '1', 'aaa', '3', '4', '1620035862', '1', NULL, 9),
(76, 8011, '130', '', '', '', NULL, 1, '', '', 'SADIA 20 PCS CHICKEN BURGER POUCH 1000GM', '674537', '103462480', '1618128600', '1622621400', '1', '4', '2', '1', 1, NULL, '1.2', '1', NULL, NULL, '1', NULL, NULL, '', '', '', '', 'D06685', '0', '6', '', '47574 - LWO No.', '1', '3', '150000', '3', '10', NULL, '12', '1', '80', '5', NULL, NULL, NULL, NULL, NULL, NULL, '1.8', NULL, NULL, NULL, '2', '', '95.40', '5', NULL, NULL, NULL, NULL, NULL, NULL, NULL, NULL, NULL, NULL, NULL, NULL, NULL, 14, 1, NULL, '111', 7, NULL, 2, 2, NULL, NULL, NULL, 2, NULL, NULL, '{"70":"220","71":"300","72":"5"}', NULL, NULL, NULL, NULL, NULL, NULL, NULL, NULL, NULL, NULL, NULL, '2', '2', '3', '7', NULL, NULL, '3', '', '', '1', '2', '', '1', '1', '', '3', '3,11', '1620038988', '1', NULL, 1),
(77, 8011, '130', '', '', '', NULL, 1, '', '', 'SADIA 20 PCS CHICKEN BURGER POUCH 1000GM', '674537', '103462480', '1618128600', '1622621400', '1', '4', '2', '1', 1, NULL, '1.2', '1', NULL, NULL, '1', NULL, NULL, '', '', '', '', 'D06685', '0', '6', '', '47574 - LWO No.', '1', '3', '150000', '3', '10', NULL, '12', '1', '80', '5', NULL, NULL, NULL, NULL, NULL, NULL, '1.8', NULL, NULL, NULL, '2', '', '95.40', '5', NULL, NULL, NULL, NULL, NULL, NULL, NULL, NULL, NULL, NULL, NULL, NULL, NULL, 14, 2, '222', '111', 7, NULL, 2, 2, NULL, NULL, NULL, 2, NULL, NULL, '{"70":"220","71":"300","72":"5"}', NULL, NULL, NULL, NULL, NULL, NULL, NULL, NULL, NULL, NULL, NULL, '2', '2', '3', '7', NULL, NULL, '3', '', '', '1', '2', '', '1', '1', '', '3', '3,11', '1620039000', '1', NULL, 1),
(78, 8014, '421', '990909', '5555', '222344', NULL, 2, '11111', '22-22-2022', '', '', '', '1639296600', '1670832600', '1', '2', '2', '1', 2, '', '', '27', NULL, NULL, '1', NULL, NULL, '', '', '', '', '', '0', '1', '', '', '', '1', '111', '1', '', NULL, '1', '3', '2', '21', NULL, NULL, NULL, NULL, NULL, NULL, '3', NULL, NULL, NULL, '2', '', '', '', NULL, NULL, NULL, NULL, NULL, NULL, NULL, NULL, NULL, NULL, NULL, NULL, NULL, 8, 1, NULL, '222', 7, NULL, 2, 2, NULL, NULL, NULL, 2, NULL, NULL, '{"34":"","35":"","36":"","37":""}', NULL, NULL, NULL, NULL, NULL, NULL, NULL, NULL, NULL, NULL, '2', '1', '1', '2', '1', NULL, NULL, '3', '', '', '1', '1', '', '1', '1', 'hahaahah', '3', '4', '1620042084', '1', NULL, 10),
(79, 8013, '135', '99999', '2222', '1111', NULL, 2, '123123', '12-12-2020', '', '', '', '1602317400', '1670832600', '1', '1', '1', '1', 2, '', '', '27', NULL, NULL, '1', NULL, NULL, '', '', '', '', '', '0', '1', '', '', '', '1', '', '1', '', NULL, '1', '21', '2', '21', NULL, NULL, NULL, NULL, NULL, NULL, '3', NULL, NULL, NULL, '2', '', '', '', NULL, NULL, NULL, NULL, NULL, NULL, NULL, NULL, NULL, NULL, NULL, NULL, NULL, NULL, NULL, NULL, NULL, NULL, NULL, NULL, NULL, NULL, NULL, NULL, NULL, NULL, NULL, NULL, NULL, NULL, 1, NULL, 1, '', '', '', '{"1":"","2":""}', NULL, NULL, '1', '1', '2', '1', NULL, '2', '4', '', '', '1', '1', '', '1', '3', '', '3', '4', '1620044865', '1', 'a', 3),
(80, 8010, '460', NULL, NULL, NULL, NULL, NULL, NULL, NULL, 'NABIL-CREMORE ORANGE CREAM BISCUITS 82G', '41102238', '011867', '1619511000', '1621066200', '1,2', '11', '3', '1', NULL, NULL, '2.2', '28', '10', NULL, '2', NULL, NULL, '23', '', '', '', 'D06678', '0', '6', '', '44228', '', '1', '1000', '1', '10', '9', '20', '6', '20', '40', NULL, NULL, NULL, NULL, NULL, NULL, '2', NULL, NULL, NULL, '2', '', '', '5', '5', '', '170', '220', '12', '', '', '2', '1', '1', '1', '1', NULL, NULL, NULL, NULL, NULL, NULL, NULL, NULL, NULL, NULL, NULL, NULL, NULL, NULL, NULL, NULL, NULL, NULL, NULL, NULL, NULL, NULL, NULL, NULL, NULL, NULL, NULL, '2', '2', '3', '7', '1', NULL, '3', NULL, NULL, '1', '2', '1000', '1', '1', NULL, '3', '2', '1620045012', '1', NULL, 5),
(81, 8010, '460', NULL, NULL, NULL, NULL, NULL, NULL, NULL, 'NABIL-CREMORE ORANGE CREAM BISCUITS 82G', '41102238', '011867', '1619511000', '1621066200', '1,2', '11', '3', '1', NULL, NULL, '2.2', '28', '10', NULL, '2', NULL, NULL, '23', '', '', '', 'D06678', '0', '6', '', '44228', '', '1', '1000', '1', '10', '9', '20', '6', '20', '40', NULL, NULL, NULL, NULL, NULL, NULL, '2', NULL, NULL, NULL, '2', '', '', '5', '5', '', '170', '220', '12', '', '', '2', '1', '1', '1', '1', NULL, NULL, NULL, NULL, NULL, NULL, NULL, NULL, NULL, NULL, NULL, NULL, NULL, NULL, NULL, NULL, NULL, NULL, NULL, NULL, NULL, NULL, NULL, NULL, NULL, NULL, NULL, '2', '2', '3', '7', '1', NULL, '3', NULL, NULL, '1', '2', '1000', '1', '1', NULL, '3', '2', '1620045151', '1', NULL, 7),
(82, 8010, '460', NULL, NULL, NULL, NULL, NULL, NULL, NULL, 'NABIL-CREMORE ORANGE CREAM BISCUITS 82G', '41102238', '011867', '1619511000', '1621066200', '1,2', '11', '3', '1', NULL, NULL, '2.2', '28', '10', NULL, '2', NULL, NULL, '23', '', '', '', 'D06678', '0', '6', '', '44228', '', '1', '1000', '1', '10', '9', '20', '6', '20', '40', NULL, NULL, NULL, NULL, NULL, NULL, '2', NULL, NULL, NULL, '2', '', '', '5', '5', '', '170', '220', '12', '', '', '2', '1', '1', '1', '1', NULL, NULL, NULL, NULL, NULL, NULL, NULL, NULL, NULL, NULL, NULL, NULL, NULL, NULL, NULL, NULL, NULL, NULL, NULL, NULL, NULL, NULL, NULL, NULL, NULL, NULL, NULL, '2', '2', '3', '7', '1', NULL, '3', NULL, NULL, '1', '2', '1000', '1', '1', NULL, '3', '2', '1620045163', '1', 'H', 8),
(83, 8010, '460', NULL, NULL, NULL, NULL, NULL, NULL, NULL, 'NABIL-CREMORE ORANGE CREAM BISCUITS 82G', '41102238', '011867', '1619511000', '1621066200', '1,2', '11', '3', '1', NULL, NULL, '2.2', '28', '10', NULL, '2', NULL, NULL, '23', '', '', '', 'D06678', '0', '6', '', '44228', '', '1', '1000', '1', '10', '9', '20', '6', '20', '40', NULL, NULL, NULL, NULL, NULL, NULL, '2', NULL, NULL, NULL, '2', '', '', '5', '5', '', '170', '220', '12', '', '', '2', '1', '1', '1', '1', NULL, NULL, NULL, NULL, NULL, NULL, NULL, NULL, NULL, NULL, NULL, NULL, NULL, NULL, NULL, NULL, NULL, NULL, NULL, NULL, NULL, NULL, NULL, NULL, NULL, NULL, NULL, '2', '2', '3', '7', '1', NULL, '3', NULL, NULL, '1', '2', '1000', '1', '1', NULL, '3', '2', '1620045172', '1', NULL, 7),
(84, 8010, '460', NULL, NULL, NULL, NULL, NULL, NULL, NULL, 'NABIL-CREMORE ORANGE CREAM BISCUITS 82G', '41102238', '011867', '1619511000', '1621066200', '1,2', '11', '3', '1', NULL, NULL, '2.2', '28', '10', NULL, '2', NULL, NULL, '23', '', '', '', 'D06678', '0', '6', '', '44228', '', '1', '1000', '1', '10', '9', '20', '6', '20', '40', NULL, NULL, NULL, NULL, NULL, NULL, '2', NULL, NULL, NULL, '2', '', '', '5', '5', '', '170', '220', '12', '', '', '2', '1', '1', '1', '1', NULL, NULL, NULL, NULL, NULL, NULL, NULL, NULL, NULL, NULL, NULL, NULL, NULL, NULL, NULL, NULL, NULL, NULL, NULL, NULL, NULL, NULL, NULL, NULL, NULL, NULL, NULL, '2', '2', '3', '7', '1', NULL, '3', NULL, NULL, '1', '2', '1000', '1', '1', NULL, '3', '2', '1620045246', '1', 'h', 8),
(85, 8010, '460', NULL, NULL, NULL, NULL, NULL, NULL, NULL, 'NABIL-CREMORE ORANGE CREAM BISCUITS 82G', '41102238', '011867', '1619511000', '1621066200', '1,2', '11', '3', '1', NULL, NULL, '2.2', '28', '10', NULL, '2', NULL, NULL, '23', '', '', '', 'D06678', '0', '6', '', '44228', '', '1', '1000', '1', '10', '9', '20', '6', '20', '40', NULL, NULL, NULL, NULL, NULL, NULL, '2', NULL, NULL, NULL, '2', '', '', '5', '5', '', '170', '220', '12', '', '', '2', '1', '1', '1', '1', NULL, NULL, NULL, NULL, NULL, NULL, NULL, NULL, NULL, NULL, NULL, NULL, NULL, NULL, NULL, NULL, NULL, NULL, NULL, NULL, NULL, NULL, NULL, NULL, NULL, NULL, NULL, '2', '2', '3', '7', '1', NULL, '3', NULL, NULL, '1', '2', '1000', '1', '1', NULL, '3', '2', '1620045328', '1', NULL, 7),
(86, 8010, '460', NULL, NULL, NULL, NULL, NULL, NULL, NULL, 'NABIL-CREMORE ORANGE CREAM BISCUITS 82G', '41102238', '011867', '1619511000', '1621066200', '1,2', '11', '3', '1', NULL, NULL, '2.2', '28', '10', NULL, '2', NULL, NULL, '23', '', '', '', 'D06678', '0', '6', '', '44228', '', '1', '1000', '1', '10', '9', '20', '6', '20', '40', NULL, NULL, NULL, NULL, NULL, NULL, '2', NULL, NULL, NULL, '2', '', '', '5', '5', '', '170', '220', '12', '', '', '2', '1', '1', '1', '1', NULL, NULL, NULL, NULL, NULL, NULL, NULL, NULL, NULL, NULL, NULL, NULL, NULL, NULL, NULL, NULL, NULL, NULL, NULL, NULL, NULL, NULL, NULL, NULL, NULL, NULL, NULL, '2', '2', '3', '7', '1', NULL, '3', NULL, NULL, '1', '2', '1000', '1', '1', NULL, '3', '2', '1620045333', '1', NULL, 9);

-- --------------------------------------------------------

--
-- Table structure for table `master_work_order_main_identitiy`
--

CREATE TABLE `master_work_order_main_identitiy` (
  `mwoid_id` int(100) NOT NULL,
  `mwoid_desc1` varchar(500) NOT NULL,
  `mwoid_desc2` varchar(500) NOT NULL
) ENGINE=MyISAM DEFAULT CHARSET=latin1;

--
-- Dumping data for table `master_work_order_main_identitiy`
--

INSERT INTO `master_work_order_main_identitiy` (`mwoid_id`, `mwoid_desc1`, `mwoid_desc2`) VALUES
(1, 'Sales- Created/Edited', 'Sales Created the Document'),
(2, 'Sales - Requesting Verification', 'Awaiting Sales Verifier Approval'),
(3, 'Sales Verifier - Rejected', 'Verifier Returned the document. Rejected'),
(5, 'Accounts - Published', 'Pending Technical Data entry'),
(6, 'Accounts - Conditional Published', 'Pending Technical Data entry (Account Conditional Release)'),
(7, 'Technical - Requesting Verification', 'Awaiting Technical Verifier Approval'),
(4, 'Sales Verifier Approved the document.', 'Awaiting Accounts Approval'),
(8, 'Technical Verifier - Rejected', 'Technical Verifier Returned the document. Rejected'),
(9, 'Technical Verifier - Approved', 'Work Order Published '),
(10, 'Marked Complete', 'Marked Complete - Complete');

-- --------------------------------------------------------

--
-- Table structure for table `master_work_order_reference_number`
--

CREATE TABLE `master_work_order_reference_number` (
  `mwo_ref_id` int(255) NOT NULL,
  `mwo_dnt` varchar(698) NOT NULL,
  `mwo_repeat_wo_id` int(255) DEFAULT NULL,
  `mwo_repeat_wo_type` varchar(25) DEFAULT NULL,
  `mwo_gen_on_behalf_lum_id` int(255) NOT NULL,
  `mwo_gen_lum_id` int(255) NOT NULL,
  `mwo_type` int(1) NOT NULL DEFAULT '1' COMMENT '1=New\r\n2=Rep\r\n3=RepChange'
) ENGINE=MyISAM DEFAULT CHARSET=latin1;

--
-- Dumping data for table `master_work_order_reference_number`
--

INSERT INTO `master_work_order_reference_number` (`mwo_ref_id`, `mwo_dnt`, `mwo_repeat_wo_id`, `mwo_repeat_wo_type`, `mwo_gen_on_behalf_lum_id`, `mwo_gen_lum_id`, `mwo_type`) VALUES
(8000, '1619438579', NULL, NULL, 11, 11, 1),
(8001, '1619438777', NULL, NULL, 12, 12, 1),
(8002, '1619438788', NULL, NULL, 13, 13, 1),
(8003, '1619439205', NULL, NULL, 10, 10, 1),
(8004, '1619439582', NULL, NULL, 3, 6, 1),
(8005, '1619510617', NULL, NULL, 8, 8, 1),
(8006, '1619518371', NULL, NULL, 5, 6, 1),
(8007, '1619520015', NULL, NULL, 5, 6, 1),
(8008, '1619521272', NULL, NULL, 3, 6, 1),
(8009, '1619522676', NULL, NULL, 11, 11, 1),
(8010, '1619591026', NULL, NULL, 11, 10, 1),
(8011, '1619694436', NULL, NULL, 4, 6, 1),
(8012, '1619952361', NULL, NULL, 16, 7, 1),
(8013, '1619992196', NULL, NULL, 1, 1, 1),
(8014, '1619992382', NULL, NULL, 1, 1, 1),
(8015, '1620034651', NULL, NULL, 2, 1, 1);

-- --------------------------------------------------------

--
-- Table structure for table `materials_main`
--

CREATE TABLE `materials_main` (
  `material_id` int(50) NOT NULL,
  `material_value` varchar(698) NOT NULL,
  `material_density` varchar(10) NOT NULL DEFAULT '1',
  `material_show` int(1) NOT NULL DEFAULT '1',
  `material_position` int(3) DEFAULT '1'
) ENGINE=MyISAM DEFAULT CHARSET=latin1;

--
-- Dumping data for table `materials_main`
--

INSERT INTO `materials_main` (`material_id`, `material_value`, `material_density`, `material_show`, `material_position`) VALUES
(1, 'PET', '1.4', 1, 1),
(2, 'METTALIZED PET', '1.41', 1, 1),
(3, 'ALUMINUM FOIL', '2.71', 1, 1),
(4, 'TPE', '0.92', 1, 1),
(5, 'WPE', '0.94', 1, 1),
(6, 'TOPP', '0.91', 1, 1),
(7, 'MATTE OPP', '0.89', 1, 1),
(8, 'METTALIZED PEARLISED OPP', '0.73', 1, 1),
(9, 'PEARLISED BOPP', '0.72', 1, 1),
(10, 'PEARLISED BOPP LABEL GRADE', '0.62', 1, 1),
(11, 'MPOPP', '0.73', 1, 1),
(12, 'NYLON', '1.15', 1, 1),
(13, 'TCPP', '0.905', 1, 1),
(14, 'METALLIZED CPP', '0.91', 1, 1),
(15, 'PAPER', '1', 1, 1),
(16, 'PAPER FEEL POLY', '0.94', 1, 1),
(17, 'BUTTER FOIL', '1', 1, 1),
(18, 'RETORT PET', '1.4', 1, 1),
(20, 'CHEMICAL PET', '1.4', 1, 1),
(21, 'ACRYLIC PET', '1.4', 1, 1),
(22, 'UPF PET', '1.4', 1, 1),
(23, 'TWIST PET', '1.4', 1, 1),
(24, 'CORONA PET', '1.4', 1, 1),
(25, 'ALOX PET', '00000', 1, 1),
(26, 'SIOX PET', '000000', 1, 1),
(27, 'MATTE PET', '1.4', 1, 1),
(28, 'SOFT PET', '1.4', 1, 1),
(29, 'SOFT MATTE  PET', '1.4', 1, 1),
(30, 'HIGH GLOSS PET', '1.4', 1, 1),
(32, 'METALLIZED PET HIGH OD', '1.4', 1, 1),
(33, 'METALLIZED PET ULTRA HIGH OD', '1.4', 1, 1),
(36, 'COL PE', '0.94', 1, 1),
(40, 'HIGH OD MOPP', '0.91', 1, 1),
(41, 'WHITE OPP', '0.92', 1, 1),
(43, 'OPP LABEL GRADE', '0.92', 1, 1),
(45, 'KRAFT PAPER', '1', 1, 1),
(46, 'BLEACH PAPER', '1', 1, 1),
(47, 'GLASSINE PAPER', '1', 1, 1),
(48, 'BUTTER PAPER', '1', 1, 1),
(49, 'RELEASE PAPER', '1', 1, 1),
(50, 'POLYCOATED PAPER', '1', 1, 1),
(51, 'EXTRUDED NYLON PAPER', '1', 1, 1),
(52, 'RETORT FOIL', '2.71', 1, 1),
(53, 'RETORT CPP', '0.905', 1, 1),
(54, 'RETORT NYLON', '1.15', 1, 1),
(55, 'EVOH TPE', '0.950', 1, 1),
(56, 'MOPP', '0.910', 1, 1);

-- --------------------------------------------------------

--
-- Table structure for table `modules_groups`
--

CREATE TABLE `modules_groups` (
  `mg_id` int(255) NOT NULL,
  `mg_name` varchar(698) NOT NULL
) ENGINE=MyISAM DEFAULT CHARSET=latin1;

--
-- Dumping data for table `modules_groups`
--

INSERT INTO `modules_groups` (`mg_id`, `mg_name`) VALUES
(1, 'Sales'),
(2, 'Dependencies'),
(3, 'Sales Attach'),
(4, 'Customer'),
(5, 'Main - WIP'),
(6, 'Logs'),
(7, 'Accounts'),
(8, 'Published'),
(9, 'Technical'),
(10, 'Master'),
(11, 'Amendment');

-- --------------------------------------------------------

--
-- Table structure for table `modules_main`
--

CREATE TABLE `modules_main` (
  `mod_id` int(255) NOT NULL,
  `mod_mg_id` int(255) NOT NULL,
  `mod_name` varchar(155) NOT NULL,
  `mod_href` varchar(155) NOT NULL,
  `mod_icon` varchar(155) NOT NULL,
  `mod_visible` int(2) NOT NULL DEFAULT '1',
  `mod_valid` int(2) NOT NULL DEFAULT '1'
) ENGINE=MyISAM DEFAULT CHARSET=latin1;

--
-- Dumping data for table `modules_main`
--

INSERT INTO `modules_main` (`mod_id`, `mod_mg_id`, `mod_name`, `mod_href`, `mod_icon`, `mod_visible`, `mod_valid`) VALUES
(1, 5, 'Dashboard', 'home', 'fas fa-table', 1, 1),
(9, 1, 'Sales Order Make', 'work_order_sales_generate', 'fas fa-clipboard-list', 1, 1),
(2, 1, 'Sales Order', 'work_order_sales', 'fas fa-clipboard-list', 1, 1),
(10, 1, 'Sales Work Order Generate Controller', 'SalesWorkOrderSubmit', 'fa fa-home', 0, 1),
(11, 1, 'Sales Work Order Backend Viewer Getter', 'WorkOrderSalesViewGetter', 'fa fa-home', 0, 1),
(12, 2, 'Form Manager', 'form_manager', 'fas fa-clipboard-list', 1, 1),
(13, 2, 'Form Manager Controller', 'FormManagerController', 'fa fa-home', 0, 1),
(14, 1, 'Main Work Order Backend Generate', 'MainWorkOrderSubmit', 'fa fa-home', 0, 1),
(15, 1, 'Sales Order Verifier', 'work_order_sales_verify', 'fas fa-clipboard-list', 1, 1),
(16, 9, 'Work Order - Technical', 'work_order_technical', 'fas fa-clipboard-list', 1, 1),
(18, 7, ' Sales Order Accounts', 'work_order_accounts', 'fas fa-clipboard-list', 1, 1),
(45, 9, 'Work Order - Tech. Ver', 'work_order_technical_verify', 'fas fa-clipboard-list', 1, 1),
(21, 1, 'Main Work Order Backend Generate All', 'MainWorkOrderSubmitAll', 'fa fa-home', 0, 1),
(22, 1, 'Sales Work Order Controller', 'SalesWorkOrderController', 'fa fa-home', 0, 1),
(23, 1, 'Work Order View Print', 'work_order_view_print', 'fas fa-clipboard-list', 0, 1),
(25, 1, 'Work Order Controller Main Edit', 'WorkOrderControllerEdit', 'fa fa-home', 0, 1),
(26, 1, 'Work Order Main Edit', 'work_order_main_edit', 'fas fa-clipboard-list', 0, 1),
(27, 2, 'Work Order Version Control', 'work_order_tracker', 'fas fa-clipboard-list', 1, 1),
(28, 1, 'Accounts Controller', 'AccountsController', 'fa fa-home', 0, 1),
(30, 1, 'Conditional Release Controller', 'ConditionalController', 'fa fa-home', 0, 1),
(49, 10, 'Materials', 'master_materials', 'fas fa-clipboard-list', 1, 1),
(33, 2, 'Users', 'admin_users', 'fas fa-users', 1, 1),
(34, 2, 'Admin Controller', 'AdminController', 'fa fa-home', 0, 1),
(35, 5, 'Profile', 'profile', 'fas fa-user', 1, 1),
(36, 1, 'Pre Press Controller', 'PrePressController', 'fa fa-home', 0, 1),
(37, 6, 'Admin Logs', 'admin_logs', 'fas fa-clipboard-list', 1, 1),
(38, 1, 'Work Order Planning Edit', 'work_order_planning_edit', 'fas fa-clipboard-list', 0, 1),
(39, 1, 'Planning Controller', 'PlanningController', 'fa fa-home', 0, 1),
(40, 1, 'Work Order - S - REP', 'work_order_sales_repeat', 'fas fa-clipboard-list', 0, 1),
(41, 1, 'Work Order - S - rep change', 'work_order_sales_repeat_change', 'fas fa-clipboard-list', 0, 1),
(42, 1, 'Sales Work Order Generate Controller Repeat', 'SalesWorkOrderRepeat', 'fa fa-home', 0, 1),
(43, 1, 'Sales Work Order Generate Controller Repeat Change', 'SalesWorkOrderRepeatChange', 'fa fa-home', 0, 1),
(44, 8, 'Work Order - Approved', 'work_order_all', 'fas fa-clipboard-list', 1, 1),
(46, 7, 'Conditional Release', 'conditional_release', 'fas fa-clipboard-list', 1, 1),
(47, 1, 'All Work Order Controller', 'AllController', 'fa fa-home', 0, 1),
(48, 1, 'All Work Order Controller Table', 'AllControllerTable', 'fa fa-home', 0, 1),
(50, 10, 'Clients', 'master_clients', 'fas fa-clipboard-list', 1, 1),
(51, 10, 'MaterialsController', 'MaterialsController', 'fas fa-clipboard-list', 0, 1),
(52, 10, 'ClientsController', 'ClientsController', 'fas fa-clipboard-list', 0, 1),
(53, 1, 'Work Order Form Controller', 'FormController', 'fa fa-home', 0, 1),
(54, 1, 'Work Order Bag Pouch Form Dynamic Controller', 'FormAllDynController', 'fa fa-home', 0, 1),
(55, 1, 'Sales Groups', 'sales_groups', 'fa fa-users', 1, 1),
(56, 8, 'Work Order - Complete', 'work_order_all_complete', 'fas fa-clipboard-list', 1, 1),
(57, 11, 'Amendment Form', 'amendment_form', 'fas fa-clipboard-list', 1, 1),
(58, 11, 'Amendment Form Controller', 'AmendmentFormController', 'fas fa-clipboard-list', 0, 1),
(59, 11, 'Amendment Form New', 'amendment_form_new', 'fas fa-clipboard-list', 0, 1);

-- --------------------------------------------------------

--
-- Table structure for table `pouch_digital_master`
--

CREATE TABLE `pouch_digital_master` (
  `pdm_id` int(11) NOT NULL,
  `pdm_name` varchar(50) NOT NULL,
  `pdm_valid` int(1) NOT NULL DEFAULT '1'
) ENGINE=MyISAM DEFAULT CHARSET=latin1;

--
-- Dumping data for table `pouch_digital_master`
--

INSERT INTO `pouch_digital_master` (`pdm_id`, `pdm_name`, `pdm_valid`) VALUES
(1, 'CENTER SEAL POUCH', 1),
(2, 'SIDE GUSSET CENTER SEAL POUCHES', 1),
(3, 'QUADRO POUCH / SIDE GUSSET POUCHES', 1),
(4, '3 SIDE SEAL POUCH', 1),
(5, 'FLAT BOTTOM (3D POUCHES)', 1),
(6, 'STAND UP K SEAL', 1),
(7, 'STAND UP DOY Pouch (ARC SEAL)', 1);

-- --------------------------------------------------------

--
-- Table structure for table `pouch_digital_params`
--

CREATE TABLE `pouch_digital_params` (
  `pdp_id` int(25) NOT NULL,
  `pdp_pds_id` int(25) NOT NULL,
  `pdp_title` varchar(80) NOT NULL
) ENGINE=MyISAM DEFAULT CHARSET=latin1;

--
-- Dumping data for table `pouch_digital_params`
--

INSERT INTO `pouch_digital_params` (`pdp_id`, `pdp_pds_id`, `pdp_title`) VALUES
(1, 1, 'L-Length'),
(2, 1, 'W-Width'),
(3, 1, 'A-Center Seal'),
(4, 1, 'B-Bottom Seal'),
(5, 2, 'L-Length'),
(6, 2, 'W-Width'),
(7, 2, 'A-Center Seal'),
(8, 2, 'B-Bottom Seal'),
(10, 3, 'L-Length'),
(11, 3, 'W-Width'),
(12, 3, 'A-Center Seal'),
(13, 3, 'B-Bottom Seal'),
(14, 3, 'C-Side Gusset'),
(15, 4, 'L-Length'),
(16, 4, 'W-Width'),
(17, 4, 'A-Center Seal'),
(18, 4, 'B-Top Seal'),
(19, 4, 'C-Side Gusset'),
(20, 5, 'L-Length'),
(21, 5, 'W-Width'),
(22, 5, 'A-Bottom Seal'),
(23, 5, 'B-Side Seal Width'),
(24, 5, 'C-Side Gusset'),
(25, 6, 'L-Length'),
(26, 6, 'W-Width'),
(27, 6, 'A-Top Seal'),
(28, 6, 'B-Side Seal Width'),
(29, 6, 'C-Side Gusset'),
(30, 7, 'L-Length'),
(31, 7, 'W-Width'),
(32, 7, 'A-Side Seal Width'),
(33, 7, 'B-Bottom Seal'),
(34, 8, 'L-Length'),
(35, 8, 'W-Width'),
(36, 8, 'A-Side Seal Width'),
(37, 8, 'B-Top Seal'),
(38, 9, 'L-Length'),
(39, 9, 'W-Width'),
(40, 9, 'A-Side Seal Width'),
(41, 9, 'B-Side Gusset'),
(42, 9, 'C-Bottom Gusset'),
(43, 9, 'D-Bottom Seal'),
(44, 9, 'E-Zipper Distance'),
(45, 10, 'L-Length'),
(46, 10, 'W-Width'),
(47, 10, 'A-Side Seal Width'),
(48, 10, 'B-Side Gusset'),
(49, 10, 'C-Bottom Gusset'),
(50, 10, 'D-Bottom Seal'),
(51, 10, 'E-Zipper Distance'),
(52, 10, 'F-Top Seal'),
(53, 11, 'L-Length'),
(54, 11, 'W-Width'),
(55, 11, 'A-Side Seal Width'),
(56, 11, 'B-Side Gusset'),
(57, 11, 'C-Bottom Seal'),
(58, 11, 'D-Bottom Seal'),
(59, 12, 'L-Length'),
(60, 12, 'W-Width'),
(61, 12, 'A-Side Seal Width'),
(62, 12, 'B-Side Gusset'),
(63, 12, 'C-Bottom Gusset'),
(64, 12, 'D-Bottom Seal'),
(65, 12, 'E-Top Seal'),
(66, 13, 'L-Length'),
(67, 13, 'W-Width'),
(68, 13, 'A-Side Seal Width'),
(69, 13, 'B-Bottom Seal'),
(70, 14, 'L-Length'),
(71, 14, 'W-Width'),
(72, 14, 'A-Side Seal Width'),
(73, 15, 'L-Length'),
(74, 15, 'W-Width'),
(75, 15, 'A-Side Seal Width'),
(76, 15, 'B-Bottom Seal'),
(77, 16, 'L-Length'),
(78, 16, 'W-Width'),
(79, 16, 'A-Side Seal Width'),
(80, 16, 'B-Bottom Seal');

-- --------------------------------------------------------

--
-- Table structure for table `pouch_digital_sub`
--

CREATE TABLE `pouch_digital_sub` (
  `pds_id` int(25) NOT NULL,
  `pds_pdm_id` int(25) NOT NULL,
  `pds_name` varchar(80) NOT NULL,
  `pds_url` varchar(80) NOT NULL,
  `pds_valid` int(1) NOT NULL DEFAULT '1'
) ENGINE=MyISAM DEFAULT CHARSET=latin1;

--
-- Dumping data for table `pouch_digital_sub`
--

INSERT INTO `pouch_digital_sub` (`pds_id`, `pds_pdm_id`, `pds_name`, `pds_url`, `pds_valid`) VALUES
(1, 1, 'Center Seal Pouch Top Open', 'assets/wo/pouch/1_1_1.jpg', 1),
(2, 1, 'Center Seal Pouch Bottom Open', 'assets/wo/pouch/1_1_2.jpg', 1),
(3, 2, 'SG Center Seal Pouch Top Open', 'assets/wo/pouch/1_2_3.jpg', 1),
(4, 2, 'SG Center Seal Pouch Bottom Open', 'assets/wo/pouch/1_2_4.jpg', 1),
(5, 3, 'Center Seal Pouch & With 4 Hole Punch (Top Open)', 'assets/wo/pouch/1_3_5.jpg', 1),
(6, 3, 'Center Seal Pouch & With Straight Handle (Top Open)\r\n', 'assets/wo/pouch/1_3_6.jpg', 1),
(7, 4, '3 Side Seal Pouch Top Open', 'assets/wo/pouch/1_4_7.jpg', 1),
(8, 4, '3 Side Seal Pouch Bottom Open', 'assets/wo/pouch/1_4_8.jpg', 1),
(9, 5, 'Flat Bottom Pouch with Zipper & Top Open\r\n', 'assets/wo/pouch/1_5_9.jpg', 1),
(10, 5, 'Flat Bottom Pouch with Zipper & Bottom Open\r\n', 'assets/wo/pouch/1_5_10.jpg', 1),
(11, 5, 'Flat Bottom Pouch Top Open\r\n', 'assets/wo/pouch/1_5_11.jpg', 1),
(12, 5, 'Flat Bottom Pouch Bottom Open', 'assets/wo/pouch/1_5_12.jpg', 1),
(13, 6, 'Standup K Seal Pouch Bottom Seal', 'assets/wo/pouch/1_6_13.jpg', 1),
(14, 6, 'Standup K Seal Pouch Bottom Fold', 'assets/wo/pouch/1_6_14.jpg', 1),
(15, 7, 'Standup Doy Pouch (Bottom Straight)\r\n', 'assets/wo/pouch/1_7_15.jpg', 1),
(16, 7, 'Standup Doy Pouch (Bottom Curved)\r\n', 'assets/wo/pouch/1_7_16.jpg', 1);

-- --------------------------------------------------------

--
-- Table structure for table `remarks_identity`
--

CREATE TABLE `remarks_identity` (
  `remarkiden_id` int(15) NOT NULL,
  `remarkiden_vale` varchar(500) NOT NULL
) ENGINE=MyISAM DEFAULT CHARSET=latin1;

--
-- Dumping data for table `remarks_identity`
--

INSERT INTO `remarks_identity` (`remarkiden_id`, `remarkiden_vale`) VALUES
(1, 'Overall'),
(2, 'Pouch'),
(3, 'Roll'),
(4, 'Bag');

-- --------------------------------------------------------

--
-- Table structure for table `remarks_wo`
--

CREATE TABLE `remarks_wo` (
  `remark_id` int(255) NOT NULL,
  `remark_lum_id` int(255) NOT NULL,
  `remark_text` text NOT NULL,
  `remark_master_wo_id` int(255) NOT NULL,
  `remark_dnt` varchar(698) NOT NULL,
  `remark_type` int(5) NOT NULL,
  `remark_status` int(1) NOT NULL DEFAULT '1'
) ENGINE=MyISAM DEFAULT CHARSET=latin1;

--
-- Dumping data for table `remarks_wo`
--

INSERT INTO `remarks_wo` (`remark_id`, `remark_lum_id`, `remark_text`, `remark_master_wo_id`, `remark_dnt`, `remark_type`, `remark_status`) VALUES
(1, 11, 'SIDE WELD TO BE STRONG<br>WIRE SEAL MUST REMAIN INTACT<br>POLYBAG WITHOUT PHYSICAL WICKETS', 8000, '1619438579', 1, 1),
(2, 11, '2 WICKET HOLES ON FLAP WITH 14MM DIAMETER<br>TOP HOLE 33MM FROM TOP, 67.5MM FROM SIDES<br>BOTTOM HOLE 35.5MM<br><br><br>', 8000, '1619438579', 4, 1),
(3, 12, '1. Application is not including the Secondary pack(Shirnk)<br>2. Material should have TPE(Shrink)<br>3.For unprinted Single/Multilayer the Winding direction instruction should be there', 8001, '1619438777', 1, 1),
(4, 12, '1. Use Edgeguard<br>2.TPE is shrink<br>3.Application is secondary packing<br>4.Pallet Sticker to be used<br>5.Single side tape at joints<br>6.Treatment at the Top<br><br>', 8001, '1619438777', 3, 1),
(5, 10, 'NO STICKER ON ROLL<br>PUT STICKERT ON CORE + PE', 8003, '1619439205', 3, 1),
(6, 6, '1. COF: F/M &lt; 0.2 &amp; F/F &lt; 0.3 (For both Printing &amp; Lamination)<br>2. Magenta cylinder is common with WO# 32007 (D02633)', 8007, '1619520015', 3, 1),
(7, 6, '1. Dispatch FG stock qty - 102.57 kg (WO# 48206) / PO Order Qty is 1000 kg<br>', 8008, '1619521272', 1, 1),
(8, 6, '1. All cylinders are common with D05563', 8004, '1619521490', 1, 1),
(9, 11, 'WO#46515 LWO#47416', 8009, '1619522676', 1, 1),
(10, 6, 'Pouch Open - Top', 8011, '1619694436', 2, 1),
(11, 7, 'COA REQUIRED<br>KEEP IN CONTROL OF VISCOSITY OF INK<br>PREPARE SINGLE BATCH OF GOLD FOR FULL RUN', 8012, '1619952361', 1, 1),
(12, 7, 'Unwinding Direction :3 ( as per Ingredient List)', 8012, '1619952361', 3, 1);

-- --------------------------------------------------------

--
-- Table structure for table `sales_groups_master`
--

CREATE TABLE `sales_groups_master` (
  `sgm_id` int(5) NOT NULL,
  `sgm_name` varchar(25) NOT NULL
) ENGINE=MyISAM DEFAULT CHARSET=latin1;

--
-- Dumping data for table `sales_groups_master`
--

INSERT INTO `sales_groups_master` (`sgm_id`, `sgm_name`) VALUES
(1, 'Group 1'),
(2, 'Group 2'),
(3, 'Group 3'),
(4, 'Group 4'),
(5, 'Group 5');

-- --------------------------------------------------------

--
-- Table structure for table `sales_groups_people`
--

CREATE TABLE `sales_groups_people` (
  `sgp_id` int(25) NOT NULL,
  `sgp_sgm_id` int(25) NOT NULL,
  `sgp_lum_id` int(25) NOT NULL
) ENGINE=MyISAM DEFAULT CHARSET=latin1;

--
-- Dumping data for table `sales_groups_people`
--

INSERT INTO `sales_groups_people` (`sgp_id`, `sgp_sgm_id`, `sgp_lum_id`) VALUES
(1, 1, 1),
(6, 2, 1),
(3, 3, 1),
(4, 5, 1),
(5, 4, 1),
(7, 1, 6),
(8, 1, 4),
(9, 1, 5),
(10, 1, 3),
(11, 2, 7),
(12, 2, 8),
(13, 2, 16),
(14, 2, 9),
(15, 3, 10),
(16, 3, 11),
(17, 3, 12),
(18, 4, 13),
(19, 4, 14),
(20, 4, 15),
(21, 5, 18),
(22, 5, 17),
(23, 5, 2),
(24, 4, 2),
(25, 2, 2),
(28, 1, 2),
(27, 3, 2);

-- --------------------------------------------------------

--
-- Table structure for table `session_tracker`
--

CREATE TABLE `session_tracker` (
  `sess_id` int(255) NOT NULL,
  `sess_lum_id` int(255) NOT NULL,
  `sess_hash` varchar(698) NOT NULL,
  `sess_dnt` varchar(698) NOT NULL,
  `sess_ip` varchar(698) NOT NULL,
  `sess_valid` int(1) NOT NULL DEFAULT '1'
) ENGINE=MyISAM DEFAULT CHARSET=latin1;

--
-- Dumping data for table `session_tracker`
--

INSERT INTO `session_tracker` (`sess_id`, `sess_lum_id`, `sess_hash`, `sess_dnt`, `sess_ip`, `sess_valid`) VALUES
(1, 1, 'IPPSESSID6085c9da80e01', '1619380698', '94.203.255.182', 0),
(2, 11, 'IPPSESSID6086a917b640b', '1619437847', '86.98.30.153', 0),
(3, 13, 'IPPSESSID6086a9827662a', '1619437954', '86.98.30.153', 0),
(4, 12, 'IPPSESSID6086a9b089660', '1619438000', '86.98.30.153', 1),
(5, 6, 'IPPSESSID6086a9e0aee87', '1619438048', '86.98.30.153', 0),
(6, 7, 'IPPSESSID6086aab767d88', '1619438263', '86.98.30.153', 0),
(7, 10, 'IPPSESSID6086ac6a1daab', '1619438698', '86.98.30.153', 0),
(8, 15, 'IPPSESSID6086adf5d6dd9', '1619439093', '86.98.30.153', 1),
(9, 13, 'IPPSESSID6086ae7471e92', '1619439220', '86.98.30.153', 0),
(10, 11, 'IPPSESSID6086ae8594e8c', '1619439237', '86.98.30.153', 0),
(11, 1, 'IPPSESSID6086af36cfc42', '1619439414', '94.203.255.182', 0),
(12, 7, 'IPPSESSID608704fee6c32', '1619461374', '2.51.53.162', 0),
(13, 13, 'IPPSESSID6087b3e64a8a9', '1619506150', '86.98.30.153', 1),
(14, 8, 'IPPSESSID6087b8628938c', '1619507298', '86.98.30.153', 1),
(15, 9, 'IPPSESSID6087babd69475', '1619507901', '86.98.30.153', 0),
(16, 10, 'IPPSESSID6087c38a48f1d', '1619510154', '86.98.30.153', 0),
(17, 7, 'IPPSESSID6087cb2c50f4d', '1619512108', '86.98.30.153', 0),
(18, 5, 'IPPSESSID6087ea9d1abb0', '1619520157', '86.98.30.153', 1),
(19, 1, 'IPPSESSID6087edd70f477', '1619520983', '94.203.255.182', 0),
(20, 1, 'IPPSESSID6087eef78916e', '1619521271', '94.203.255.182', 0),
(21, 3, 'IPPSESSID6087f22d4bff5', '1619522093', '86.98.30.153', 0),
(22, 11, 'IPPSESSID6087f23209acb', '1619522098', '86.98.30.153', 0),
(23, 18, 'IPPSESSID60880852a39c5', '1619527762', '86.98.30.153', 0),
(24, 3, 'IPPSESSID60880b8f84461', '1619528591', '94.203.255.182', 1),
(25, 9, 'IPPSESSID6088128f57520', '1619530383', '94.203.255.182', 0),
(26, 10, 'IPPSESSID6088fdd6895b1', '1619590614', '86.98.30.153', 1),
(27, 9, 'IPPSESSID608900d53a5cf', '1619591381', '86.98.30.153', 0),
(28, 1, 'IPPSESSID60892871d558f', '1619601521', '94.203.255.182', 0),
(29, 9, 'IPPSESSID608944db4b842', '1619608795', '86.98.30.153', 1),
(30, 7, 'IPPSESSID608a60bf59052', '1619681471', '86.98.30.153', 0),
(31, 1, 'IPPSESSID608a7ecd2cf4b', '1619689165', '94.203.255.182', 0),
(32, 6, 'IPPSESSID608a8c3a1055a', '1619692602', '86.98.30.153', 1),
(33, 18, 'IPPSESSID608a8e4352135', '1619693123', '86.98.30.153', 0),
(34, 1, 'IPPSESSID608a8f7f8dbbb', '1619693439', '94.203.255.182', 0),
(35, 1, 'IPPSESSID608a901d281e1', '1619693597', '94.203.255.182', 0),
(36, 1, 'IPPSESSID608a901d88b7b', '1619693597', '94.203.255.182', 0),
(37, 7, 'IPPSESSID608ceedb8cd5c', '1619848923', '86.98.30.153', 1),
(38, 1, 'IPPSESSID608d1fc6b57c7', '1619861446', '94.203.255.182', 0),
(39, 1, 'IPPSESSID608d2256c6def', '1619862102', '94.203.255.182', 0),
(40, 11, 'IPPSESSID608e7df6913b0', '1619951094', '86.98.30.153', 1),
(41, 16, 'IPPSESSID608e897d7435e', '1619954045', '86.98.30.153', 1),
(42, 1, 'IPPSESSID608e91d334a26', '1619956179', '86.98.30.153', 0),
(43, 18, 'IPPSESSID608e92d1e8ea0', '1619956433', '86.98.30.153', 1),
(44, 1, 'IPPSESSID608f154fe30c0', '1619989839', '127.0.0.1', 0),
(45, 2, 'IPPSESSID608f2e988db82', '1619996312', '127.0.0.1', 1),
(46, 1, 'IPPSESSID608fc0cc64b97', '1620033740', '127.0.0.1', 1);

-- --------------------------------------------------------

--
-- Table structure for table `users_pending`
--

CREATE TABLE `users_pending` (
  `pending_id` int(255) NOT NULL,
  `pending_name` varchar(698) NOT NULL,
  `pending_email` varchar(698) NOT NULL,
  `pending_hash` varchar(698) NOT NULL,
  `pending_code` varchar(50) NOT NULL,
  `pending_type` int(255) NOT NULL,
  `pending_dnt` varchar(698) NOT NULL,
  `pending_valid` int(2) NOT NULL DEFAULT '1'
) ENGINE=MyISAM DEFAULT CHARSET=latin1;

-- --------------------------------------------------------

--
-- Table structure for table `user_main`
--

CREATE TABLE `user_main` (
  `lum_id` int(255) NOT NULL,
  `lum_user_type` int(25) NOT NULL,
  `lum_code` varchar(698) NOT NULL,
  `lum_email` varchar(698) NOT NULL,
  `lum_hash` varchar(698) NOT NULL,
  `lum_name` varchar(698) NOT NULL,
  `lum_dnt` varchar(698) NOT NULL,
  `lum_deact` varchar(698) DEFAULT NULL,
  `lum_valid` int(1) NOT NULL DEFAULT '1'
) ENGINE=MyISAM DEFAULT CHARSET=latin1;

--
-- Dumping data for table `user_main`
--

INSERT INTO `user_main` (`lum_id`, `lum_user_type`, `lum_code`, `lum_email`, `lum_hash`, `lum_name`, `lum_dnt`, `lum_deact`, `lum_valid`) VALUES
(1, 1, 'SU-1', 'superuser.ipp@gmail.com', '40ab1d1cfed0e3c9f34190a1142b2d70', 'SUPERUSER', '1619861978', NULL, 1),
(2, 2, 'MD-1', 'intgpack@eim.ae', '03a7369f441c0914e84cb85375bc8b25', 'Ahmed S.', '1612080796', NULL, 1),
(3, 16, 'S-03', 'mohammed.nasrullah@ipp.ae', '1d0ca1ce447758073b972bda3dd358f9', 'Nasrullah', '1612080796', NULL, 1),
(4, 18, 'S-21', 'ritesh.tak@ipp.ae', 'c25dfca2b6adc76da56cba19ab48c822', 'Ritesh ', '1612080796', NULL, 1),
(5, 18, 'S-22', 'ankit.kumar@ipp.ae', 'bec120bb11ef0a0240fb9f2c89e8419a', 'Ankit', '1612080796', NULL, 1),
(6, 4, 'S-25', 'upashna.s@ipp.ae', 'c56a5ef62e82a86e9075c943e22407f8', 'Upashna', '1612080796', NULL, 1),
(7, 4, 'NA', 'pulkit.jain@ipp.ae', 'f1a6e0d65d7677d8b202d166dc7f7b53', 'Pulkit', '1612080796', NULL, 1),
(8, 18, 'S-17', 'alihasan@ipp.ae', 'e1a1399a79373cd947932247ae37af67', 'Ali', '1612080796', NULL, 1),
(9, 16, 'S-02', 'malik.tauqeer@ipp.ae', 'd0b5b3ecfc3a0a14fa31b79687f4a828', 'Malik', '1612080796', NULL, 1),
(10, 4, 'S-26', 'Madina.ayazbayeva@ipp.ae', '0971e24864f586e62401bbc4311dee31', 'Madina', '1612080796', NULL, 1),
(11, 18, 'S-13', 'shivang.sharma@ipp.ae', 'a3ef6d5e9f6e5d7e16ed5455a230a2bd', 'Shivang', '1612080796', NULL, 1),
(12, 18, 'S-19 M', 'navneet.behl@ipp.ae', 'ed7cee7d5be7e545766030dcf4609220', 'Navneet', '1612080796', NULL, 1),
(13, 4, 'NA', 'rahil.asif@ipp.ae', 'c78e91cc8919e7548ebebe7dbcfb03b1', 'Rahil', '1612080796', NULL, 1),
(14, 18, 'S-11 Abrey', 'abrey.page@ipp.ae', '2f33e89ba4b7473dffa8d56a2cc6cf55', 'Abrey ', '1612080796', NULL, 1),
(15, 18, 'S-11', 'arjun.chitra@ipp.ae', '9cc271b1acfcd11e6e6d82ed8ccebcda', 'Arjun', '1612080796', NULL, 1),
(16, 18, 'S-18', 'basel.meaari@ipp.ae', 'd55761f91d63dbf8b8a431d65d8562c8', 'Basel', '1612080796', NULL, 1),
(17, 18, 'S-19E', 'ian.crofts@ipp.ae', '27c2bad7efb2b2a580ec1a8ec22b8092', 'Ian', '1612080796', NULL, 1),
(18, 1, 'S-24', 'abid.r@ipp.ae', '359e2dffe8d35e602a1b8e63177fe642', 'Abid', '1612080796', NULL, 1),
(19, 15, 'NA', 'accounts.receivable@ipp.ae', 'adac8ce70e7c0a0986eafeea2c3d7b8d', 'Accounts R.', '1612080796', NULL, 1),
(20, 5, 'NA', 'jayachandran@ipp.ae', 'da1262cac838bbf67ceda1136f89d22d', 'JC', '1612080796', NULL, 1),
(21, 17, 'NA', 'qc.manager@ipp.ae', '79a176ae10608fa23e5204cef872281d', 'Bipin', '1612080796', NULL, 1),
(22, 17, 'NA', 'manoj.pandey@ipp.ae', '5ddee9fcfad5bf742999b4f768bdeef8', 'MP', '1612080796', NULL, 1),
(23, 3, 'NA', 'steven.baretto@ipp.ae', '9e3bb021bdb5a55ee92cfefba1578c4d', 'Steven', '1612080796', NULL, 1),
(24, 19, 'NA', 'ppc@ipp.ae', '7a8592a0dbd7f4051c12c640d1095c94', 'Shakil', '1612080796', NULL, 1),
(25, 2, 'MD-2', 'shahid@ipp.ae', 'fcfa4fd0a77d1d4eef40c1517598ce4c', 'Shahid S.', '1612080796', NULL, 1),
(26, 5, 'TECH1', 'technical@ipp.ae', '21863a5f121dc9529c4f2846a87273f8', 'BP Singh', '1615191879', NULL, 1),
(27, 5, 'TECH2', 'm.shahzad@ipp.ae', 'c9994eadf3b0b9d680577aafb285411f', 'Shahzad', '1615191907', NULL, 1),
(28, 20, 'NA-27', 'cylinders@ipp.ae', '99493e04d1536e4a49695738346aa4d4', 'Nitin', '1615192243', NULL, 1),
(29, 20, 'na-28', 'artworks@ipp.ae', '845c9fe3dc9e867d886b58df3a13c776', 'Surya', '1615192265', NULL, 1),
(30, 20, 'na-29', 'mrp@ipp.ae', '5984304acb95ade254de345699f0553a', 'Shadab', '1615192282', NULL, 1),
(31, 20, 'na-30', 'precosting@ipp.ae', 'cdc0ac20f13f00e9aafeb54f4a40550f', 'Fayyas', '1615192299', NULL, 1),
(32, 20, 'na-31', 'costing@ipp.ae', '308a652fb271fcb21956b9b4155904dc', 'Sameer', '1615192323', NULL, 1),
(33, 20, 'na-32', 'nilesh.vadnere@ipp.ae', 'f53d77646a6bb94ca1cf4ed6ad484a0c', 'Nilesh', '1615192340', NULL, 1);

-- --------------------------------------------------------

--
-- Table structure for table `user_types`
--

CREATE TABLE `user_types` (
  `user_type_id` int(255) NOT NULL,
  `user_type_name` varchar(255) NOT NULL,
  `user_type_access` varchar(698) NOT NULL,
  `user_type_landing` varchar(698) NOT NULL,
  `user_type_mod_id` varchar(698) NOT NULL
) ENGINE=MyISAM DEFAULT CHARSET=latin1;

--
-- Dumping data for table `user_types`
--

INSERT INTO `user_types` (`user_type_id`, `user_type_name`, `user_type_access`, `user_type_landing`, `user_type_mod_id`) VALUES
(1, 'Master Admin', '-', 'home', '*'),
(2, 'Managing Director', '-', 'home', '*'),
(3, 'IT Admin', '-', 'home', '34,37,1,12,13,35,33,33,27,55'),
(4, 'Sales Co-Ordinator', '-', 'work_order_sales', '1,14,21,35,2,9,11,22,10,42,43,40,41,27,23,47,54'),
(5, 'Technical Team', '-', 'work_order_technical', '1,14,16,21,23,25,26,27,35,47'),
(7, 'ALL', '-', 'work_order_all', '1,23,27,44,47,48'),
(15, 'Accounts Agent', '-', 'work_order_accounts', '1,18,21,23,27,28,30,47,14'),
(16, 'Sales Manager', '-', 'work_order_sales_verify', '1,15,14,22,27,10,11,2,21,23,35,40,41,42,43,9,47,54'),
(17, 'Technical verify', '-', 'work_order_technical_verify', '1,14,45,21,23,25,26,27,35,47,22'),
(18, 'Assistant Sales Manager', '-', 'work_order_sales', '1,15,14,21,35,2,9,11,22,10,42,43,40,41,27,23,47,54'),
(19, 'ALL - Complete', '-', 'work_order_all', '1,23,27,44,47,48,56,14'),
(20, 'ALL - View Published', '-', 'work_order_all_published', '1,23,27,44,47,48');

-- --------------------------------------------------------

--
-- Table structure for table `work_order_applications`
--

CREATE TABLE `work_order_applications` (
  `application_id` int(255) NOT NULL,
  `application_value` varchar(698) NOT NULL,
  `application_show` int(1) NOT NULL DEFAULT '1'
) ENGINE=MyISAM DEFAULT CHARSET=latin1;

--
-- Dumping data for table `work_order_applications`
--

INSERT INTO `work_order_applications` (`application_id`, `application_value`, `application_show`) VALUES
(1, 'FROZEN MEAT\n', 1),
(2, 'TOMATO PASTE HOT FILL', 1),
(3, 'TOMATO PASTE COLD FILL', 1),
(4, 'EDIBLE OIL', 1),
(5, 'FATS', 1),
(6, 'MARGARINE', 1),
(7, 'BUTTER', 1),
(8, 'PET FOOD DRY - DOG', 1),
(9, 'PET FOOD DRY - CAT', 1),
(10, 'PET FOOD WET - DOG', 1),
(11, 'PET FOOD WET - CAT', 1),
(12, 'FERTILIZER', 1),
(13, 'BIRD SEEDS', 1),
(14, 'DRY FRUITS', 1),
(15, 'PULSES', 1),
(16, 'POWDER', 1),
(17, 'WHOLE LEAVES', 1),
(18, 'LIQUID JUICE DRINK', 1),
(19, 'INSTANT DRINK POWDER', 1),
(20, 'SPICES', 1),
(21, 'GRAINS', 1),
(22, 'DATES', 1),
(23, 'CONDIMENTS', 1),
(24, 'HARD BOILED CANDY', 1),
(25, 'WET WIPES', 1),
(26, 'HAND SANITIZERS', 1),
(27, 'BABY WIPES', 1),
(28, 'DRY SNACKS', 1),
(29, 'OUTER POLY BAG', 1),
(30, 'SHRINK PE', 1),
(31, 'CHEESE PACKING (SLICES & SHREDDED & BLOCK)', 1),
(32, 'CHIPS', 1),
(33, 'FROZEN VEGETABLES', 1),
(34, 'PASTRY DOUGH', 1),
(35, 'RICE', 1),
(36, 'BREAD & BAKERY', 1);

-- --------------------------------------------------------

--
-- Table structure for table `work_order_digital_master`
--

CREATE TABLE `work_order_digital_master` (
  `dm_id` int(20) NOT NULL,
  `dm_type` varchar(5) NOT NULL COMMENT '1=pouch , 2=bag',
  `dm_img_url` varchar(100) NOT NULL,
  `dm_header` varchar(100) NOT NULL,
  `dm_vals` int(5) NOT NULL
) ENGINE=MyISAM DEFAULT CHARSET=latin1;

--
-- Dumping data for table `work_order_digital_master`
--

INSERT INTO `work_order_digital_master` (`dm_id`, `dm_type`, `dm_img_url`, `dm_header`, `dm_vals`) VALUES
(1, '1', 'assets/wo/pouch/1.jpg', 'Center Seal Pouch with Top Open', 8),
(2, '1', 'assets/wo/pouch/2.jpg', 'Center Seal Pouch with Bottom Open', 8),
(3, '1', 'assets/wo/pouch/3.jpg', 'Flat bottom Pouch with Zipper & without handle', 1),
(4, '1', 'assets/wo/pouch/4.jpg', 'Flat bottom Pouch without Zipper & with handle', 7),
(5, '1', 'assets/wo/pouch/5.jpg', 'SG Center Seal Pouch without Handle Punch (Top Open)', 7),
(6, '1', 'assets/wo/pouch/6.jpg', 'SG Center Seal Pouch without Handle Punch (Bottom Open)', 7),
(7, '1', 'assets/wo/pouch/7.jpg', 'SG Center Seal Pouch with Handle', 5),
(8, '1', 'assets/wo/pouch/8.jpg', '3 Side Seal Pouch without euro punch', 1),
(9, '1', 'assets/wo/pouch/9.jpg', '3 Side Seal Pouch with euro punch', 6),
(10, '1', 'assets/wo/pouch/10.jpg', 'Quadro pouch with rope handle', 7),
(11, '1', 'assets/wo/pouch/11.jpg', 'Quadro pouch with handle Punch', 7),
(12, '1', 'assets/wo/pouch/12.jpg', 'Standup K Seal pouch with handle Punch (Bottom Curved)', 5),
(13, '1', 'assets/wo/pouch/13.jpg', 'Standup K Seal pouch with handle Punch (Straight Curved)', 8),
(14, '1', 'assets/wo/pouch/14.jpg', 'Standup K Seal pouch with Euro Punch (Bottom Curved)', 7),
(15, '1', 'assets/wo/pouch/15.jpg', 'Standup K Seal pouch with Euro Punch (Straight Curved)', 7),
(16, '1', 'assets/wo/pouch/16.jpg', 'Standup Doy Pack with EURO Punch (Bottom Curved)', 8),
(17, '1', 'assets/wo/pouch/17.jpg', 'Standup Doy Pack with EURO Punch (Straight Curved)', 8),
(18, '1', 'assets/wo/pouch/18.jpg', 'Standup Doy Pack with Handle Punch (Bottom Curved)', 8),
(19, '1', 'assets/wo/pouch/19.jpg', 'Standup Doy Pack with Handle Punch (Straight Curved)', 8),
(20, '2', 'assets/wo/bag/2_1.jpg', 'Bag Single Weld & Bottom Fold', 4),
(21, '2', 'assets/wo/bag/2_2.jpg', 'Bag Double Weld & Bottom Fold', 5),
(22, '2', 'assets/wo/bag/2_3.jpg', 'Bag Single Weld & Bottom Gusset', 6),
(23, '2', 'assets/wo/bag/2_4.jpg', 'Bag Double Weld & Bottom Gusset', 6),
(24, '2', 'assets/wo/bag/2_5.jpg', 'Bag Side Gusset & Bottom Seal', 6);

-- --------------------------------------------------------

--
-- Table structure for table `work_order_digital_params`
--

CREATE TABLE `work_order_digital_params` (
  `param_id` int(10) NOT NULL,
  `param_head` varchar(50) NOT NULL
) ENGINE=MyISAM DEFAULT CHARSET=latin1;

--
-- Dumping data for table `work_order_digital_params`
--

INSERT INTO `work_order_digital_params` (`param_id`, `param_head`) VALUES
(1, 'Pouch Height'),
(2, 'Pouch Width'),
(3, 'Notch Distance'),
(4, 'Zipper Distance'),
(5, 'Side Seal Size'),
(6, 'Bottom Seal Size'),
(7, 'Bottom Gusset Size'),
(8, 'Euro Notch Size');

-- --------------------------------------------------------

--
-- Table structure for table `work_order_pack_size_unit`
--

CREATE TABLE `work_order_pack_size_unit` (
  `psu_id` int(50) NOT NULL,
  `psu_value` varchar(25) NOT NULL,
  `psu_show` int(1) NOT NULL DEFAULT '1'
) ENGINE=MyISAM DEFAULT CHARSET=latin1;

--
-- Dumping data for table `work_order_pack_size_unit`
--

INSERT INTO `work_order_pack_size_unit` (`psu_id`, `psu_value`, `psu_show`) VALUES
(1, 'mg', 1),
(2, 'g', 1),
(3, 'kg', 1),
(4, 'Oz', 1),
(5, 'ml', 1),
(6, 'L', 1),
(7, 'pieces', 1);

-- --------------------------------------------------------

--
-- Table structure for table `work_order_product_type_printed`
--

CREATE TABLE `work_order_product_type_printed` (
  `ptp_id` int(50) NOT NULL,
  `ptp_value` varchar(25) NOT NULL,
  `ptp_show` int(11) NOT NULL DEFAULT '1'
) ENGINE=MyISAM DEFAULT CHARSET=latin1;

--
-- Dumping data for table `work_order_product_type_printed`
--

INSERT INTO `work_order_product_type_printed` (`ptp_id`, `ptp_value`, `ptp_show`) VALUES
(1, 'Printed', 1),
(2, 'Unprinted', 1);

-- --------------------------------------------------------

--
-- Table structure for table `work_order_qty_units`
--

CREATE TABLE `work_order_qty_units` (
  `unit_id` int(50) NOT NULL,
  `unit_value` varchar(698) NOT NULL,
  `unit_show` int(1) NOT NULL DEFAULT '1'
) ENGINE=MyISAM DEFAULT CHARSET=latin1;

--
-- Dumping data for table `work_order_qty_units`
--

INSERT INTO `work_order_qty_units` (`unit_id`, `unit_value`, `unit_show`) VALUES
(1, 'KGs', 1),
(2, 'KMs', 1),
(3, 'PCs', 1),
(4, 'IMPs', 1),
(5, 'MTR', 1),
(6, 'ROLLs', 1),
(7, 'LABELs', 1),
(8, 'L.MTR', 1);

-- --------------------------------------------------------

--
-- Table structure for table `work_order_ui_bag_handle`
--

CREATE TABLE `work_order_ui_bag_handle` (
  `bag_handle_id` int(5) NOT NULL,
  `bag_handle_value` varchar(25) NOT NULL,
  `bag_handle_show` int(1) NOT NULL DEFAULT '1'
) ENGINE=MyISAM DEFAULT CHARSET=latin1;

--
-- Dumping data for table `work_order_ui_bag_handle`
--

INSERT INTO `work_order_ui_bag_handle` (`bag_handle_id`, `bag_handle_value`, `bag_handle_show`) VALUES
(1, '1 Hole Punch', 1),
(2, '2 Hole Punch', 1),
(3, 'Straight Handle', 1),
(4, 'Half Cut Straight Handle', 1),
(5, 'Banana Handle', 1),
(6, 'Half Cut Banana Handle', 1),
(7, 'Kidney Handle', 1),
(8, 'Half Cut Kidney Handle', 1);

-- --------------------------------------------------------

--
-- Table structure for table `work_order_ui_customer_location`
--

CREATE TABLE `work_order_ui_customer_location` (
  `customer_location_id` int(5) NOT NULL,
  `customer_location_value` varchar(100) NOT NULL,
  `customer_location_show` int(1) NOT NULL DEFAULT '1'
) ENGINE=MyISAM DEFAULT CHARSET=latin1;

--
-- Dumping data for table `work_order_ui_customer_location`
--

INSERT INTO `work_order_ui_customer_location` (`customer_location_id`, `customer_location_value`, `customer_location_show`) VALUES
(1, 'Local', 1),
(2, 'GCC', 1),
(3, 'Export', 1);

-- --------------------------------------------------------

--
-- Table structure for table `work_order_ui_ext_cof`
--

CREATE TABLE `work_order_ui_ext_cof` (
  `cof_id` int(5) NOT NULL,
  `cof_value` varchar(100) NOT NULL,
  `cof_show` int(1) NOT NULL DEFAULT '1'
) ENGINE=MyISAM DEFAULT CHARSET=latin1;

--
-- Dumping data for table `work_order_ui_ext_cof`
--

INSERT INTO `work_order_ui_ext_cof` (`cof_id`, `cof_value`, `cof_show`) VALUES
(1, 'L.Slip', 1),
(2, 'Normal', 1),
(3, 'H.Slip', 1);

-- --------------------------------------------------------

--
-- Table structure for table `work_order_ui_filling_temp`
--

CREATE TABLE `work_order_ui_filling_temp` (
  `filling_temp_id` int(25) NOT NULL,
  `filling_temp_value` varchar(25) NOT NULL,
  `filling_temp_show` int(1) NOT NULL DEFAULT '1'
) ENGINE=MyISAM DEFAULT CHARSET=latin1;

--
-- Dumping data for table `work_order_ui_filling_temp`
--

INSERT INTO `work_order_ui_filling_temp` (`filling_temp_id`, `filling_temp_value`, `filling_temp_show`) VALUES
(1, 'Cold', 1),
(2, 'Room Temp', 1),
(3, 'Hot', 1),
(4, 'Pasturization', 1),
(5, 'RETORT', 1);

-- --------------------------------------------------------

--
-- Table structure for table `work_order_ui_foil_print_side`
--

CREATE TABLE `work_order_ui_foil_print_side` (
  `foil_print_side_id` int(5) NOT NULL,
  `foil_print_side_value` varchar(50) NOT NULL,
  `foil_print_side_show` int(5) NOT NULL DEFAULT '1'
) ENGINE=MyISAM DEFAULT CHARSET=latin1;

--
-- Dumping data for table `work_order_ui_foil_print_side`
--

INSERT INTO `work_order_ui_foil_print_side` (`foil_print_side_id`, `foil_print_side_value`, `foil_print_side_show`) VALUES
(1, 'Print on Dull Side of Foil', 1),
(2, 'Print on Bright side of Foil', 1);

-- --------------------------------------------------------

--
-- Table structure for table `work_order_ui_lam_options`
--

CREATE TABLE `work_order_ui_lam_options` (
  `lamo_id` int(10) NOT NULL,
  `lamo_value` varchar(25) NOT NULL,
  `lamo_show` int(2) NOT NULL DEFAULT '1'
) ENGINE=MyISAM DEFAULT CHARSET=latin1;

--
-- Dumping data for table `work_order_ui_lam_options`
--

INSERT INTO `work_order_ui_lam_options` (`lamo_id`, `lamo_value`, `lamo_show`) VALUES
(1, 'Cold Seal', 1),
(2, 'Heat Seal', 1),
(3, 'FC Matte Lacquer', 1),
(4, 'Registered Matte Lacquer', 1),
(5, 'OPV', 1),
(6, 'None', 1);

-- --------------------------------------------------------

--
-- Table structure for table `work_order_ui_lsd_required`
--

CREATE TABLE `work_order_ui_lsd_required` (
  `lsd_required_id` int(10) NOT NULL,
  `lsd_required_value` varchar(25) NOT NULL,
  `lsd_required_show` int(2) NOT NULL DEFAULT '1'
) ENGINE=MyISAM DEFAULT CHARSET=latin1;

--
-- Dumping data for table `work_order_ui_lsd_required`
--

INSERT INTO `work_order_ui_lsd_required` (`lsd_required_id`, `lsd_required_value`, `lsd_required_show`) VALUES
(1, 'No', 1),
(2, 'Yes', 1);

-- --------------------------------------------------------

--
-- Table structure for table `work_order_ui_pallet_size`
--

CREATE TABLE `work_order_ui_pallet_size` (
  `pallet_size_id` int(5) NOT NULL,
  `pallet_size_value` varchar(50) NOT NULL,
  `pallet_size_show` int(5) NOT NULL
) ENGINE=MyISAM DEFAULT CHARSET=latin1;

--
-- Dumping data for table `work_order_ui_pallet_size`
--

INSERT INTO `work_order_ui_pallet_size` (`pallet_size_id`, `pallet_size_value`, `pallet_size_show`) VALUES
(1, '100 x 120 cms', 1),
(2, '115 x 115 cms', 1),
(3, '110 x 110 cms', 1),
(4, '80 x 120 cms', 1),
(5, 'Custom Size', 1);

-- --------------------------------------------------------

--
-- Table structure for table `work_order_ui_partial_del`
--

CREATE TABLE `work_order_ui_partial_del` (
  `partial_del_id` int(10) NOT NULL,
  `partial_del_value` varchar(25) NOT NULL,
  `partial_del_show` int(2) DEFAULT '1'
) ENGINE=MyISAM DEFAULT CHARSET=latin1;

--
-- Dumping data for table `work_order_ui_partial_del`
--

INSERT INTO `work_order_ui_partial_del` (`partial_del_id`, `partial_del_value`, `partial_del_show`) VALUES
(1, 'No', 1),
(2, 'Yes', 1);

-- --------------------------------------------------------

--
-- Table structure for table `work_order_ui_pe_film_feature`
--

CREATE TABLE `work_order_ui_pe_film_feature` (
  `pe_film_feature_id` int(50) NOT NULL,
  `pe_film_feature_value` varchar(100) NOT NULL,
  `pe_film_feature_show` int(1) NOT NULL DEFAULT '1'
) ENGINE=MyISAM DEFAULT CHARSET=latin1;

--
-- Dumping data for table `work_order_ui_pe_film_feature`
--

INSERT INTO `work_order_ui_pe_film_feature` (`pe_film_feature_id`, `pe_film_feature_value`, `pe_film_feature_show`) VALUES
(1, 'EASY TEAR', 1),
(2, 'PEEL-ABLE', 1),
(3, 'RE-SEAL-ABLE', 1),
(4, 'LINEAR DIRECTION', 1),
(5, 'SHRINK FILM', 1);

-- --------------------------------------------------------

--
-- Table structure for table `work_order_ui_pouch_bag_fill_opts`
--

CREATE TABLE `work_order_ui_pouch_bag_fill_opts` (
  `pbfo_id` int(25) NOT NULL,
  `pbfo_value` varchar(50) NOT NULL,
  `pbfo_show` int(1) NOT NULL DEFAULT '1'
) ENGINE=MyISAM DEFAULT CHARSET=latin1;

--
-- Dumping data for table `work_order_ui_pouch_bag_fill_opts`
--

INSERT INTO `work_order_ui_pouch_bag_fill_opts` (`pbfo_id`, `pbfo_value`, `pbfo_show`) VALUES
(1, 'Pick and Fill', 1),
(2, 'Vaccum Packing', 1),
(3, 'Manual Fill', 1);

-- --------------------------------------------------------

--
-- Table structure for table `work_order_ui_pouch_euro_punch`
--

CREATE TABLE `work_order_ui_pouch_euro_punch` (
  `euro_id` int(25) NOT NULL,
  `euro_value` varchar(10) NOT NULL,
  `euro_show` int(1) NOT NULL DEFAULT '1'
) ENGINE=MyISAM DEFAULT CHARSET=latin1;

--
-- Dumping data for table `work_order_ui_pouch_euro_punch`
--

INSERT INTO `work_order_ui_pouch_euro_punch` (`euro_id`, `euro_value`, `euro_show`) VALUES
(1, 'S', 1),
(2, 'M', 1),
(3, 'L', 1);

-- --------------------------------------------------------

--
-- Table structure for table `work_order_ui_pouch_lap_fin`
--

CREATE TABLE `work_order_ui_pouch_lap_fin` (
  `lap_fin_id` int(25) NOT NULL,
  `lap_fin_value` varchar(25) NOT NULL,
  `lap_fin_show` int(1) NOT NULL DEFAULT '1'
) ENGINE=MyISAM DEFAULT CHARSET=latin1;

--
-- Dumping data for table `work_order_ui_pouch_lap_fin`
--

INSERT INTO `work_order_ui_pouch_lap_fin` (`lap_fin_id`, `lap_fin_value`, `lap_fin_show`) VALUES
(1, 'Lap Seal(In/Out)', 1),
(2, 'Fin Seal (In/Out)', 1);

-- --------------------------------------------------------

--
-- Table structure for table `work_order_ui_pouch_pack_ins`
--

CREATE TABLE `work_order_ui_pouch_pack_ins` (
  `pouch_pack_ins_id` int(5) NOT NULL,
  `pouch_pack_ins_value` varchar(50) NOT NULL,
  `pouch_pack_ins_show` int(5) NOT NULL DEFAULT '1'
) ENGINE=MyISAM DEFAULT CHARSET=latin1;

--
-- Dumping data for table `work_order_ui_pouch_pack_ins`
--

INSERT INTO `work_order_ui_pouch_pack_ins` (`pouch_pack_ins_id`, `pouch_pack_ins_value`, `pouch_pack_ins_show`) VALUES
(1, 'Unprinted Carton without Polybag', 1),
(2, 'Unprinted Carton with Polybag ', 1),
(3, 'Printed Carton with Polybag ', 1),
(4, 'Printed Carton without Polybag ', 1);

-- --------------------------------------------------------

--
-- Table structure for table `work_order_ui_pouch_perforation`
--

CREATE TABLE `work_order_ui_pouch_perforation` (
  `pouch_perforation_id` int(10) NOT NULL,
  `pouch_perforation_value` varchar(25) NOT NULL,
  `pouch_perforation_show` int(2) NOT NULL DEFAULT '1'
) ENGINE=MyISAM DEFAULT CHARSET=latin1;

--
-- Dumping data for table `work_order_ui_pouch_perforation`
--

INSERT INTO `work_order_ui_pouch_perforation` (`pouch_perforation_id`, `pouch_perforation_value`, `pouch_perforation_show`) VALUES
(1, 'No', 1),
(2, 'Yes', 1);

-- --------------------------------------------------------

--
-- Table structure for table `work_order_ui_pouch_pe_strip`
--

CREATE TABLE `work_order_ui_pouch_pe_strip` (
  `pestrip_id` int(25) NOT NULL,
  `pestrip_value` varchar(50) NOT NULL,
  `pestrip_show` int(1) NOT NULL DEFAULT '1'
) ENGINE=MyISAM DEFAULT CHARSET=latin1;

--
-- Dumping data for table `work_order_ui_pouch_pe_strip`
--

INSERT INTO `work_order_ui_pouch_pe_strip` (`pestrip_id`, `pestrip_value`, `pestrip_show`) VALUES
(1, 'Yes', 1),
(2, 'No', 1);

-- --------------------------------------------------------

--
-- Table structure for table `work_order_ui_pouch_punch_type`
--

CREATE TABLE `work_order_ui_pouch_punch_type` (
  `punch_id` int(25) NOT NULL,
  `punch_value` varchar(80) NOT NULL,
  `punch_show` int(1) NOT NULL DEFAULT '1'
) ENGINE=MyISAM DEFAULT CHARSET=latin1;

--
-- Dumping data for table `work_order_ui_pouch_punch_type`
--

INSERT INTO `work_order_ui_pouch_punch_type` (`punch_id`, `punch_value`, `punch_show`) VALUES
(1, 'Straight Handle', 1),
(2, 'Half Cut Straight Handle', 1),
(3, 'Banana Handle', 1),
(4, 'Half Cut Banana Handle', 1),
(5, 'Kidney Handle', 1),
(6, 'Half Cut Kidney Handle', 1),
(7, '1 Hole Punch', 1),
(8, '3 Hole Punch', 1),
(9, '4 Hole Punch', 1),
(10, 'Euro Punch', 1);

-- --------------------------------------------------------

--
-- Table structure for table `work_order_ui_pouch_round_corner`
--

CREATE TABLE `work_order_ui_pouch_round_corner` (
  `round_corner_id` int(25) NOT NULL,
  `round_corner_value` varchar(10) NOT NULL,
  `round_corner_show` int(1) NOT NULL DEFAULT '1'
) ENGINE=MyISAM DEFAULT CHARSET=latin1;

--
-- Dumping data for table `work_order_ui_pouch_round_corner`
--

INSERT INTO `work_order_ui_pouch_round_corner` (`round_corner_id`, `round_corner_value`, `round_corner_show`) VALUES
(1, 'Yes', 1),
(2, 'No', 1);

-- --------------------------------------------------------

--
-- Table structure for table `work_order_ui_pouch_tear_notch`
--

CREATE TABLE `work_order_ui_pouch_tear_notch` (
  `tear_notch_id` int(25) NOT NULL,
  `tear_notch_value` varchar(50) NOT NULL,
  `tear_notch_show` int(1) NOT NULL DEFAULT '1'
) ENGINE=MyISAM DEFAULT CHARSET=latin1;

--
-- Dumping data for table `work_order_ui_pouch_tear_notch`
--

INSERT INTO `work_order_ui_pouch_tear_notch` (`tear_notch_id`, `tear_notch_value`, `tear_notch_show`) VALUES
(1, 'Yes', 1),
(2, 'No', 1);

-- --------------------------------------------------------

--
-- Table structure for table `work_order_ui_pouch_tear_notch_qty`
--

CREATE TABLE `work_order_ui_pouch_tear_notch_qty` (
  `tear_notch_qty_id` int(25) NOT NULL,
  `tear_notch_qty_value` varchar(50) NOT NULL,
  `tear_notch_qty_show` int(1) NOT NULL DEFAULT '1'
) ENGINE=MyISAM DEFAULT CHARSET=latin1;

--
-- Dumping data for table `work_order_ui_pouch_tear_notch_qty`
--

INSERT INTO `work_order_ui_pouch_tear_notch_qty` (`tear_notch_qty_id`, `tear_notch_qty_value`, `tear_notch_qty_show`) VALUES
(1, '1 Side', 1),
(2, '2 Side', 1);

-- --------------------------------------------------------

--
-- Table structure for table `work_order_ui_pouch_tear_notch_side`
--

CREATE TABLE `work_order_ui_pouch_tear_notch_side` (
  `tear_notch_side_id` int(25) NOT NULL,
  `tear_notch_side_value` varchar(50) NOT NULL,
  `tear_notch_side_show` int(1) NOT NULL DEFAULT '1'
) ENGINE=MyISAM DEFAULT CHARSET=latin1;

--
-- Dumping data for table `work_order_ui_pouch_tear_notch_side`
--

INSERT INTO `work_order_ui_pouch_tear_notch_side` (`tear_notch_side_id`, `tear_notch_side_value`, `tear_notch_side_show`) VALUES
(1, 'Width', 1),
(2, 'Length', 1);

-- --------------------------------------------------------

--
-- Table structure for table `work_order_ui_pouch_zipper`
--

CREATE TABLE `work_order_ui_pouch_zipper` (
  `zipper_id` int(25) NOT NULL,
  `zipper_value` varchar(50) NOT NULL,
  `zipper_show` int(1) NOT NULL DEFAULT '1'
) ENGINE=MyISAM DEFAULT CHARSET=latin1;

--
-- Dumping data for table `work_order_ui_pouch_zipper`
--

INSERT INTO `work_order_ui_pouch_zipper` (`zipper_id`, `zipper_value`, `zipper_show`) VALUES
(1, 'Yes', 1),
(2, 'No', 1);

-- --------------------------------------------------------

--
-- Table structure for table `work_order_ui_pouch_zipper_opc`
--

CREATE TABLE `work_order_ui_pouch_zipper_opc` (
  `zipopc_id` int(25) NOT NULL,
  `zipopc_value` varchar(56) NOT NULL,
  `zipopc_show` int(1) NOT NULL DEFAULT '1'
) ENGINE=MyISAM DEFAULT CHARSET=latin1;

--
-- Dumping data for table `work_order_ui_pouch_zipper_opc`
--

INSERT INTO `work_order_ui_pouch_zipper_opc` (`zipopc_id`, `zipopc_value`, `zipopc_show`) VALUES
(1, 'Open', 1),
(2, 'Close', 1);

-- --------------------------------------------------------

--
-- Table structure for table `work_order_ui_print_end_options`
--

CREATE TABLE `work_order_ui_print_end_options` (
  `print_end_opts_id` int(11) NOT NULL,
  `print_end_opts_value` varchar(25) NOT NULL,
  `print_end_opts_show` int(1) NOT NULL DEFAULT '1'
) ENGINE=MyISAM DEFAULT CHARSET=latin1;

--
-- Dumping data for table `work_order_ui_print_end_options`
--

INSERT INTO `work_order_ui_print_end_options` (`print_end_opts_id`, `print_end_opts_value`, `print_end_opts_show`) VALUES
(1, 'OP Varnish', 1),
(2, 'Matte Lacquer', 1);

-- --------------------------------------------------------

--
-- Table structure for table `work_order_ui_print_options`
--

CREATE TABLE `work_order_ui_print_options` (
  `print_options_id` int(5) NOT NULL,
  `print_options_value` varchar(100) NOT NULL,
  `print_options_show` int(1) NOT NULL DEFAULT '1'
) ENGINE=MyISAM DEFAULT CHARSET=latin1;

--
-- Dumping data for table `work_order_ui_print_options`
--

INSERT INTO `work_order_ui_print_options` (`print_options_id`, `print_options_value`, `print_options_show`) VALUES
(1, 'Customer', 1),
(2, 'IPP-Sales', 1),
(7, 'IPP-QC', 1);

-- --------------------------------------------------------

--
-- Table structure for table `work_order_ui_print_shadecardreq`
--

CREATE TABLE `work_order_ui_print_shadecardreq` (
  `shadecardreq_id` int(5) NOT NULL,
  `shadecardreq_value` varchar(100) NOT NULL,
  `shadecardreq_show` int(1) NOT NULL DEFAULT '1'
) ENGINE=MyISAM DEFAULT CHARSET=latin1;

--
-- Dumping data for table `work_order_ui_print_shadecardreq`
--

INSERT INTO `work_order_ui_print_shadecardreq` (`shadecardreq_id`, `shadecardreq_value`, `shadecardreq_show`) VALUES
(1, 'Yes', 1),
(2, 'No', 1);

-- --------------------------------------------------------

--
-- Table structure for table `work_order_ui_print_shadecard_ref_type`
--

CREATE TABLE `work_order_ui_print_shadecard_ref_type` (
  `shadecard_ref_type_id` int(5) NOT NULL,
  `shadecard_ref_type_value` varchar(100) NOT NULL,
  `shadecard_ref_type_show` int(2) NOT NULL DEFAULT '1'
) ENGINE=MyISAM DEFAULT CHARSET=latin1;

--
-- Dumping data for table `work_order_ui_print_shadecard_ref_type`
--

INSERT INTO `work_order_ui_print_shadecard_ref_type` (`shadecard_ref_type_id`, `shadecard_ref_type_value`, `shadecard_ref_type_show`) VALUES
(2, 'GMG', 1),
(3, 'Cylinder Proof', 1),
(4, 'Customer Sample', 1),
(6, 'Shade as per last supply', 1);

-- --------------------------------------------------------

--
-- Table structure for table `work_order_ui_print_surfrev`
--

CREATE TABLE `work_order_ui_print_surfrev` (
  `surfrev_id` int(6) NOT NULL,
  `surfrev_value` varchar(100) NOT NULL,
  `surfrev_show` int(1) NOT NULL DEFAULT '1'
) ENGINE=MyISAM DEFAULT CHARSET=latin1;

--
-- Dumping data for table `work_order_ui_print_surfrev`
--

INSERT INTO `work_order_ui_print_surfrev` (`surfrev_id`, `surfrev_value`, `surfrev_show`) VALUES
(1, 'Surface', 1),
(2, 'Reverse', 1);

-- --------------------------------------------------------

--
-- Table structure for table `work_order_ui_repeat_types`
--

CREATE TABLE `work_order_ui_repeat_types` (
  `rept_id` int(5) NOT NULL,
  `rept_value` varchar(20) NOT NULL,
  `rept_show` int(1) NOT NULL DEFAULT '1'
) ENGINE=MyISAM DEFAULT CHARSET=latin1;

--
-- Dumping data for table `work_order_ui_repeat_types`
--

INSERT INTO `work_order_ui_repeat_types` (`rept_id`, `rept_value`, `rept_show`) VALUES
(1, 'Text', 1),
(2, 'Color', 1),
(3, 'Structure', 1),
(4, 'B\'Code', 1),
(5, 'Other', 1);

-- --------------------------------------------------------

--
-- Table structure for table `work_order_ui_roll_options`
--

CREATE TABLE `work_order_ui_roll_options` (
  `rollopts_id` int(25) NOT NULL,
  `rollopts_value` varchar(50) NOT NULL,
  `rollopts_show` int(1) NOT NULL DEFAULT '1'
) ENGINE=MyISAM DEFAULT CHARSET=latin1;

--
-- Dumping data for table `work_order_ui_roll_options`
--

INSERT INTO `work_order_ui_roll_options` (`rollopts_id`, `rollopts_value`, `rollopts_show`) VALUES
(1, 'Horizontal Flow Wrap', 1),
(2, 'Vertical Form Fill', 1),
(3, 'Vertical Multi Trak Stick Pack', 1),
(4, 'Vertical Multii Track Sachet', 1),
(5, 'Horizontal Multi Track Sachet', 1),
(6, 'Teq Bag Wrapping Machine Envelope Pack', 1),
(7, 'Vaccum Packing', 1),
(8, 'Horizontal Doy Pack Filling Machine', 1),
(9, 'Thermo Foaming', 1),
(10, 'High Speed Label Machine', 1),
(11, 'Vertical Quadro Pouch Filling Machine', 1);

-- --------------------------------------------------------

--
-- Table structure for table `work_order_ui_shipment`
--

CREATE TABLE `work_order_ui_shipment` (
  `shipment_id` int(5) NOT NULL,
  `shipment_value` varchar(50) NOT NULL,
  `shipment_show` int(5) NOT NULL DEFAULT '1'
) ENGINE=MyISAM DEFAULT CHARSET=latin1;

--
-- Dumping data for table `work_order_ui_shipment`
--

INSERT INTO `work_order_ui_shipment` (`shipment_id`, `shipment_value`, `shipment_show`) VALUES
(1, 'Delivery Documents', 0),
(2, 'COA', 1),
(3, 'Commercial Inv Delivery', 1),
(4, 'Health Certificate', 1),
(5, 'Commercial Packing List', 0),
(6, 'Certificate of Origin (COO)', 1),
(7, 'GCC Certification', 0),
(8, 'FDA', 0),
(9, 'ECAS', 1),
(10, 'TDS of Film Used', 1),
(11, 'Customer Item Code to be mentioned on Sticker ', 1),
(12, 'Customer Item Code NOT to be mentioned on Sticker ', 1);

-- --------------------------------------------------------

--
-- Table structure for table `work_order_ui_slitting_core_id_length`
--

CREATE TABLE `work_order_ui_slitting_core_id_length` (
  `slitting_core_id_length_id` int(5) NOT NULL,
  `slitting_core_id_length_value` varchar(100) NOT NULL,
  `slitting_core_id_length_show` int(1) NOT NULL DEFAULT '1'
) ENGINE=MyISAM DEFAULT CHARSET=latin1;

--
-- Dumping data for table `work_order_ui_slitting_core_id_length`
--

INSERT INTO `work_order_ui_slitting_core_id_length` (`slitting_core_id_length_id`, `slitting_core_id_length_value`, `slitting_core_id_length_show`) VALUES
(1, '70mm', 1),
(2, '76mm', 1),
(3, '152mm', 1);

-- --------------------------------------------------------

--
-- Table structure for table `work_order_ui_slitting_core_id_type`
--

CREATE TABLE `work_order_ui_slitting_core_id_type` (
  `slitting_core_id_type_id` int(5) NOT NULL,
  `slitting_core_id_type_value` varchar(100) NOT NULL,
  `slitting_core_id_type_show` int(1) NOT NULL DEFAULT '1'
) ENGINE=MyISAM DEFAULT CHARSET=latin1;

--
-- Dumping data for table `work_order_ui_slitting_core_id_type`
--

INSERT INTO `work_order_ui_slitting_core_id_type` (`slitting_core_id_type_id`, `slitting_core_id_type_value`, `slitting_core_id_type_show`) VALUES
(1, 'Paper', 1),
(2, 'PVC', 1),
(3, 'PVC - Returnable', 1);

-- --------------------------------------------------------

--
-- Table structure for table `work_order_ui_slitting_core_plugs`
--

CREATE TABLE `work_order_ui_slitting_core_plugs` (
  `core_plugs_id` int(50) NOT NULL,
  `core_plugs_value` varchar(10) NOT NULL,
  `core_plugs_show` int(1) DEFAULT '1'
) ENGINE=MyISAM DEFAULT CHARSET=latin1;

--
-- Dumping data for table `work_order_ui_slitting_core_plugs`
--

INSERT INTO `work_order_ui_slitting_core_plugs` (`core_plugs_id`, `core_plugs_value`, `core_plugs_show`) VALUES
(1, 'Yes', 1),
(2, 'No', 1);

-- --------------------------------------------------------

--
-- Table structure for table `work_order_ui_slitting_freight_ins`
--

CREATE TABLE `work_order_ui_slitting_freight_ins` (
  `freight_id` int(5) NOT NULL,
  `freight_value` varchar(100) NOT NULL,
  `freight_show` int(2) NOT NULL DEFAULT '1'
) ENGINE=MyISAM DEFAULT CHARSET=latin1;

--
-- Dumping data for table `work_order_ui_slitting_freight_ins`
--

INSERT INTO `work_order_ui_slitting_freight_ins` (`freight_id`, `freight_value`, `freight_show`) VALUES
(1, 'CIF', 1),
(2, 'CNF', 0),
(3, 'FOB', 1),
(4, 'EXW', 1),
(5, 'Local Delivery', 1),
(6, 'DDP', 1),
(7, 'DDU', 1);

-- --------------------------------------------------------

--
-- Table structure for table `work_order_ui_slitting_laser_config`
--

CREATE TABLE `work_order_ui_slitting_laser_config` (
  `laser_id` int(5) NOT NULL,
  `laser_value` varchar(50) NOT NULL,
  `laser_show` int(5) NOT NULL DEFAULT '1'
) ENGINE=MyISAM DEFAULT CHARSET=latin1;

--
-- Dumping data for table `work_order_ui_slitting_laser_config`
--

INSERT INTO `work_order_ui_slitting_laser_config` (`laser_id`, `laser_value`, `laser_show`) VALUES
(1, 'NONE', 1),
(2, 'Cross Dir Scoring', 1),
(3, 'Etching', 1),
(4, 'Prescribing', 1),
(5, 'Perforation', 1),
(6, 'Web Micro Perforation', 1),
(7, 'Cross Micro Perforation', 1),
(8, 'Cross Dir Shape Scoring', 1),
(9, 'Web Direction Scoring', 1);

-- --------------------------------------------------------

--
-- Table structure for table `work_order_ui_slitting_packing_opts`
--

CREATE TABLE `work_order_ui_slitting_packing_opts` (
  `slitting_packing_opts_id` int(5) NOT NULL,
  `slitting_packing_opts_value` varchar(100) NOT NULL,
  `slitting_packing_opts_show` int(1) NOT NULL DEFAULT '1'
) ENGINE=MyISAM DEFAULT CHARSET=latin1;

--
-- Dumping data for table `work_order_ui_slitting_packing_opts`
--

INSERT INTO `work_order_ui_slitting_packing_opts` (`slitting_packing_opts_id`, `slitting_packing_opts_value`, `slitting_packing_opts_show`) VALUES
(1, 'KGS', 0),
(2, 'NOS', 0),
(3, 'Carton UNPTD', 1),
(10, 'Carton PTD', 1),
(5, 'L.MTR', 0),
(6, 'IMP', 0),
(7, 'Polybag', 1),
(8, 'POLYBAG + Carton', 1),
(9, 'Bundles', 1),
(11, 'A', 0),
(12, 'test 2', 0);

-- --------------------------------------------------------

--
-- Table structure for table `work_order_ui_slitting_pack_ins`
--

CREATE TABLE `work_order_ui_slitting_pack_ins` (
  `pack_ins_id` int(5) NOT NULL,
  `pack_ins_value` varchar(50) NOT NULL,
  `pack_ins_show` int(5) NOT NULL DEFAULT '1'
) ENGINE=MyISAM DEFAULT CHARSET=latin1;

--
-- Dumping data for table `work_order_ui_slitting_pack_ins`
--

INSERT INTO `work_order_ui_slitting_pack_ins` (`pack_ins_id`, `pack_ins_value`, `pack_ins_show`) VALUES
(1, 'Individual Polybags without Carton', 1),
(2, 'Individual Polybags with Printed Carton', 1),
(3, 'Individual Polybags with Un-printed Carton', 1);

-- --------------------------------------------------------

--
-- Table structure for table `work_order_ui_slitting_pallet`
--

CREATE TABLE `work_order_ui_slitting_pallet` (
  `slitting_pallet_id` int(5) NOT NULL,
  `slitting_pallet_value` varchar(100) NOT NULL,
  `slitting_pallet_show` int(1) NOT NULL DEFAULT '1'
) ENGINE=MyISAM DEFAULT CHARSET=latin1;

--
-- Dumping data for table `work_order_ui_slitting_pallet`
--

INSERT INTO `work_order_ui_slitting_pallet` (`slitting_pallet_id`, `slitting_pallet_value`, `slitting_pallet_show`) VALUES
(1, 'Wooden Pallet', 1),
(2, 'Wooden Fumigated', 1),
(3, 'Plastic Single Use', 1),
(4, 'Plastic Returnable', 1);

-- --------------------------------------------------------

--
-- Table structure for table `work_order_ui_slitting_pallet_instructions`
--

CREATE TABLE `work_order_ui_slitting_pallet_instructions` (
  `pallet_instructions_id` int(5) NOT NULL,
  `pallet_instructions_value` varchar(100) NOT NULL,
  `pallet_instructions_show` int(1) NOT NULL DEFAULT '1'
) ENGINE=MyISAM DEFAULT CHARSET=latin1;

--
-- Dumping data for table `work_order_ui_slitting_pallet_instructions`
--

INSERT INTO `work_order_ui_slitting_pallet_instructions` (`pallet_instructions_id`, `pallet_instructions_value`, `pallet_instructions_show`) VALUES
(1, 'Collective', 0),
(2, 'Individual', 0),
(3, 'Marking - Pallet Sticker', 1),
(4, 'Marking -  Pallet Sticker with Design Sample Pasted on Pallet', 1),
(5, 'Marking - Mixed Variants', 0);

-- --------------------------------------------------------

--
-- Table structure for table `work_order_ui_slitting_qc_ins`
--

CREATE TABLE `work_order_ui_slitting_qc_ins` (
  `slitting_qc_ins_id` int(5) NOT NULL,
  `slitting_qc_ins_value` varchar(100) NOT NULL,
  `slitting_qc_ins_show` int(1) NOT NULL DEFAULT '1'
) ENGINE=MyISAM DEFAULT CHARSET=latin1;

--
-- Dumping data for table `work_order_ui_slitting_qc_ins`
--

INSERT INTO `work_order_ui_slitting_qc_ins` (`slitting_qc_ins_id`, `slitting_qc_ins_value`, `slitting_qc_ins_show`) VALUES
(1, 'Red Tape on Joint', 1),
(6, 'Blue Tape on Joint', 1),
(7, 'White Tape on Joint', 1),
(8, 'Transparent Tape on Joint', 1),
(9, 'Brown Tape on Joint', 1);

-- --------------------------------------------------------

--
-- Table structure for table `work_order_ui_slitting_shipping_dets`
--

CREATE TABLE `work_order_ui_slitting_shipping_dets` (
  `shipping_dets_id` int(5) NOT NULL,
  `shipping_dets_value` varchar(50) NOT NULL,
  `shipping_dets_show` int(5) NOT NULL DEFAULT '1'
) ENGINE=MyISAM DEFAULT CHARSET=latin1;

--
-- Dumping data for table `work_order_ui_slitting_shipping_dets`
--

INSERT INTO `work_order_ui_slitting_shipping_dets` (`shipping_dets_id`, `shipping_dets_value`, `shipping_dets_show`) VALUES
(1, 'Loose Stuffing', 1),
(2, 'Pallet Stuffing', 1),
(3, 'Roll in Individual Box', 0);

-- --------------------------------------------------------

--
-- Table structure for table `work_order_ui_structure`
--

CREATE TABLE `work_order_ui_structure` (
  `structure_id` int(50) NOT NULL,
  `structure_value` varchar(698) NOT NULL,
  `structure_show` int(1) NOT NULL DEFAULT '1'
) ENGINE=MyISAM DEFAULT CHARSET=latin1;

--
-- Dumping data for table `work_order_ui_structure`
--

INSERT INTO `work_order_ui_structure` (`structure_id`, `structure_value`, `structure_show`) VALUES
(1, 'Bag', 1),
(2, 'Pouch', 1),
(3, 'Roll', 1);

-- --------------------------------------------------------

--
-- Table structure for table `work_order_wind_dir`
--

CREATE TABLE `work_order_wind_dir` (
  `wind_id` int(50) NOT NULL,
  `wind_value` varchar(255) NOT NULL,
  `wind_show` int(1) NOT NULL DEFAULT '1'
) ENGINE=MyISAM DEFAULT CHARSET=latin1;

--
-- Dumping data for table `work_order_wind_dir`
--

INSERT INTO `work_order_wind_dir` (`wind_id`, `wind_value`, `wind_show`) VALUES
(1, '1A', 1),
(2, '1B', 1),
(3, '2A', 1),
(4, '2B', 1),
(5, '3A', 1),
(6, '3B', 1),
(7, '4A', 1),
(8, '4B', 1),
(9, '5A', 1),
(10, '5B', 1),
(11, '6A', 1),
(12, '6B', 1),
(13, '7A', 1),
(14, '7B', 1),
(15, '8A', 1),
(16, '8B', 1),
(17, '1AB', 1),
(18, '2AB', 1),
(19, '3AB', 1),
(20, '4AB', 1),
(21, '5AB', 1),
(22, '6AB', 1),
(23, '7AB', 1),
(24, '8AB', 1);

--
-- Indexes for dumped tables
--

--
-- Indexes for table `bag_digital_master`
--
ALTER TABLE `bag_digital_master`
  ADD PRIMARY KEY (`bdm_id`);

--
-- Indexes for table `bag_digital_params`
--
ALTER TABLE `bag_digital_params`
  ADD PRIMARY KEY (`bdp_id`);

--
-- Indexes for table `clients_main`
--
ALTER TABLE `clients_main`
  ADD PRIMARY KEY (`client_id`);

--
-- Indexes for table `conditional_release_identity`
--
ALTER TABLE `conditional_release_identity`
  ADD PRIMARY KEY (`crd_id`);

--
-- Indexes for table `conditional_release_reason`
--
ALTER TABLE `conditional_release_reason`
  ADD PRIMARY KEY (`crr_id`);

--
-- Indexes for table `conditional_release_wo`
--
ALTER TABLE `conditional_release_wo`
  ADD PRIMARY KEY (`crw_id`);

--
-- Indexes for table `logcat_main`
--
ALTER TABLE `logcat_main`
  ADD PRIMARY KEY (`logcat_id`);

--
-- Indexes for table `master_work_order_main`
--
ALTER TABLE `master_work_order_main`
  ADD PRIMARY KEY (`master_wo_id`);

--
-- Indexes for table `master_work_order_main_identitiy`
--
ALTER TABLE `master_work_order_main_identitiy`
  ADD PRIMARY KEY (`mwoid_id`);

--
-- Indexes for table `master_work_order_reference_number`
--
ALTER TABLE `master_work_order_reference_number`
  ADD PRIMARY KEY (`mwo_ref_id`);

--
-- Indexes for table `materials_main`
--
ALTER TABLE `materials_main`
  ADD PRIMARY KEY (`material_id`);

--
-- Indexes for table `modules_groups`
--
ALTER TABLE `modules_groups`
  ADD PRIMARY KEY (`mg_id`);

--
-- Indexes for table `modules_main`
--
ALTER TABLE `modules_main`
  ADD PRIMARY KEY (`mod_id`);

--
-- Indexes for table `pouch_digital_master`
--
ALTER TABLE `pouch_digital_master`
  ADD PRIMARY KEY (`pdm_id`);

--
-- Indexes for table `pouch_digital_params`
--
ALTER TABLE `pouch_digital_params`
  ADD PRIMARY KEY (`pdp_id`);

--
-- Indexes for table `pouch_digital_sub`
--
ALTER TABLE `pouch_digital_sub`
  ADD PRIMARY KEY (`pds_id`);

--
-- Indexes for table `remarks_identity`
--
ALTER TABLE `remarks_identity`
  ADD PRIMARY KEY (`remarkiden_id`);

--
-- Indexes for table `remarks_wo`
--
ALTER TABLE `remarks_wo`
  ADD PRIMARY KEY (`remark_id`);

--
-- Indexes for table `sales_groups_master`
--
ALTER TABLE `sales_groups_master`
  ADD PRIMARY KEY (`sgm_id`);

--
-- Indexes for table `sales_groups_people`
--
ALTER TABLE `sales_groups_people`
  ADD PRIMARY KEY (`sgp_id`);

--
-- Indexes for table `session_tracker`
--
ALTER TABLE `session_tracker`
  ADD PRIMARY KEY (`sess_id`);

--
-- Indexes for table `users_pending`
--
ALTER TABLE `users_pending`
  ADD PRIMARY KEY (`pending_id`);

--
-- Indexes for table `user_main`
--
ALTER TABLE `user_main`
  ADD PRIMARY KEY (`lum_id`);

--
-- Indexes for table `user_types`
--
ALTER TABLE `user_types`
  ADD PRIMARY KEY (`user_type_id`);

--
-- Indexes for table `work_order_applications`
--
ALTER TABLE `work_order_applications`
  ADD PRIMARY KEY (`application_id`);

--
-- Indexes for table `work_order_digital_master`
--
ALTER TABLE `work_order_digital_master`
  ADD PRIMARY KEY (`dm_id`);

--
-- Indexes for table `work_order_digital_params`
--
ALTER TABLE `work_order_digital_params`
  ADD PRIMARY KEY (`param_id`);

--
-- Indexes for table `work_order_pack_size_unit`
--
ALTER TABLE `work_order_pack_size_unit`
  ADD PRIMARY KEY (`psu_id`);

--
-- Indexes for table `work_order_product_type_printed`
--
ALTER TABLE `work_order_product_type_printed`
  ADD PRIMARY KEY (`ptp_id`);

--
-- Indexes for table `work_order_qty_units`
--
ALTER TABLE `work_order_qty_units`
  ADD PRIMARY KEY (`unit_id`);

--
-- Indexes for table `work_order_ui_bag_handle`
--
ALTER TABLE `work_order_ui_bag_handle`
  ADD PRIMARY KEY (`bag_handle_id`);

--
-- Indexes for table `work_order_ui_customer_location`
--
ALTER TABLE `work_order_ui_customer_location`
  ADD PRIMARY KEY (`customer_location_id`);

--
-- Indexes for table `work_order_ui_ext_cof`
--
ALTER TABLE `work_order_ui_ext_cof`
  ADD PRIMARY KEY (`cof_id`);

--
-- Indexes for table `work_order_ui_filling_temp`
--
ALTER TABLE `work_order_ui_filling_temp`
  ADD PRIMARY KEY (`filling_temp_id`);

--
-- Indexes for table `work_order_ui_foil_print_side`
--
ALTER TABLE `work_order_ui_foil_print_side`
  ADD PRIMARY KEY (`foil_print_side_id`);

--
-- Indexes for table `work_order_ui_lam_options`
--
ALTER TABLE `work_order_ui_lam_options`
  ADD PRIMARY KEY (`lamo_id`);

--
-- Indexes for table `work_order_ui_lsd_required`
--
ALTER TABLE `work_order_ui_lsd_required`
  ADD PRIMARY KEY (`lsd_required_id`);

--
-- Indexes for table `work_order_ui_pallet_size`
--
ALTER TABLE `work_order_ui_pallet_size`
  ADD PRIMARY KEY (`pallet_size_id`);

--
-- Indexes for table `work_order_ui_partial_del`
--
ALTER TABLE `work_order_ui_partial_del`
  ADD PRIMARY KEY (`partial_del_id`);

--
-- Indexes for table `work_order_ui_pe_film_feature`
--
ALTER TABLE `work_order_ui_pe_film_feature`
  ADD PRIMARY KEY (`pe_film_feature_id`);

--
-- Indexes for table `work_order_ui_pouch_bag_fill_opts`
--
ALTER TABLE `work_order_ui_pouch_bag_fill_opts`
  ADD PRIMARY KEY (`pbfo_id`);

--
-- Indexes for table `work_order_ui_pouch_euro_punch`
--
ALTER TABLE `work_order_ui_pouch_euro_punch`
  ADD PRIMARY KEY (`euro_id`);

--
-- Indexes for table `work_order_ui_pouch_lap_fin`
--
ALTER TABLE `work_order_ui_pouch_lap_fin`
  ADD PRIMARY KEY (`lap_fin_id`);

--
-- Indexes for table `work_order_ui_pouch_pack_ins`
--
ALTER TABLE `work_order_ui_pouch_pack_ins`
  ADD PRIMARY KEY (`pouch_pack_ins_id`);

--
-- Indexes for table `work_order_ui_pouch_perforation`
--
ALTER TABLE `work_order_ui_pouch_perforation`
  ADD PRIMARY KEY (`pouch_perforation_id`);

--
-- Indexes for table `work_order_ui_pouch_pe_strip`
--
ALTER TABLE `work_order_ui_pouch_pe_strip`
  ADD PRIMARY KEY (`pestrip_id`);

--
-- Indexes for table `work_order_ui_pouch_punch_type`
--
ALTER TABLE `work_order_ui_pouch_punch_type`
  ADD PRIMARY KEY (`punch_id`);

--
-- Indexes for table `work_order_ui_pouch_round_corner`
--
ALTER TABLE `work_order_ui_pouch_round_corner`
  ADD PRIMARY KEY (`round_corner_id`);

--
-- Indexes for table `work_order_ui_pouch_tear_notch`
--
ALTER TABLE `work_order_ui_pouch_tear_notch`
  ADD PRIMARY KEY (`tear_notch_id`);

--
-- Indexes for table `work_order_ui_pouch_tear_notch_qty`
--
ALTER TABLE `work_order_ui_pouch_tear_notch_qty`
  ADD PRIMARY KEY (`tear_notch_qty_id`);

--
-- Indexes for table `work_order_ui_pouch_tear_notch_side`
--
ALTER TABLE `work_order_ui_pouch_tear_notch_side`
  ADD PRIMARY KEY (`tear_notch_side_id`);

--
-- Indexes for table `work_order_ui_pouch_zipper`
--
ALTER TABLE `work_order_ui_pouch_zipper`
  ADD PRIMARY KEY (`zipper_id`);

--
-- Indexes for table `work_order_ui_pouch_zipper_opc`
--
ALTER TABLE `work_order_ui_pouch_zipper_opc`
  ADD PRIMARY KEY (`zipopc_id`);

--
-- Indexes for table `work_order_ui_print_end_options`
--
ALTER TABLE `work_order_ui_print_end_options`
  ADD PRIMARY KEY (`print_end_opts_id`);

--
-- Indexes for table `work_order_ui_print_options`
--
ALTER TABLE `work_order_ui_print_options`
  ADD PRIMARY KEY (`print_options_id`);

--
-- Indexes for table `work_order_ui_print_shadecardreq`
--
ALTER TABLE `work_order_ui_print_shadecardreq`
  ADD PRIMARY KEY (`shadecardreq_id`);

--
-- Indexes for table `work_order_ui_print_shadecard_ref_type`
--
ALTER TABLE `work_order_ui_print_shadecard_ref_type`
  ADD PRIMARY KEY (`shadecard_ref_type_id`);

--
-- Indexes for table `work_order_ui_print_surfrev`
--
ALTER TABLE `work_order_ui_print_surfrev`
  ADD PRIMARY KEY (`surfrev_id`);

--
-- Indexes for table `work_order_ui_repeat_types`
--
ALTER TABLE `work_order_ui_repeat_types`
  ADD PRIMARY KEY (`rept_id`);

--
-- Indexes for table `work_order_ui_roll_options`
--
ALTER TABLE `work_order_ui_roll_options`
  ADD PRIMARY KEY (`rollopts_id`);

--
-- Indexes for table `work_order_ui_shipment`
--
ALTER TABLE `work_order_ui_shipment`
  ADD PRIMARY KEY (`shipment_id`);

--
-- Indexes for table `work_order_ui_slitting_core_id_length`
--
ALTER TABLE `work_order_ui_slitting_core_id_length`
  ADD PRIMARY KEY (`slitting_core_id_length_id`);

--
-- Indexes for table `work_order_ui_slitting_core_id_type`
--
ALTER TABLE `work_order_ui_slitting_core_id_type`
  ADD PRIMARY KEY (`slitting_core_id_type_id`);

--
-- Indexes for table `work_order_ui_slitting_core_plugs`
--
ALTER TABLE `work_order_ui_slitting_core_plugs`
  ADD PRIMARY KEY (`core_plugs_id`);

--
-- Indexes for table `work_order_ui_slitting_freight_ins`
--
ALTER TABLE `work_order_ui_slitting_freight_ins`
  ADD PRIMARY KEY (`freight_id`);

--
-- Indexes for table `work_order_ui_slitting_laser_config`
--
ALTER TABLE `work_order_ui_slitting_laser_config`
  ADD PRIMARY KEY (`laser_id`);

--
-- Indexes for table `work_order_ui_slitting_packing_opts`
--
ALTER TABLE `work_order_ui_slitting_packing_opts`
  ADD PRIMARY KEY (`slitting_packing_opts_id`);

--
-- Indexes for table `work_order_ui_slitting_pack_ins`
--
ALTER TABLE `work_order_ui_slitting_pack_ins`
  ADD PRIMARY KEY (`pack_ins_id`);

--
-- Indexes for table `work_order_ui_slitting_pallet`
--
ALTER TABLE `work_order_ui_slitting_pallet`
  ADD PRIMARY KEY (`slitting_pallet_id`);

--
-- Indexes for table `work_order_ui_slitting_pallet_instructions`
--
ALTER TABLE `work_order_ui_slitting_pallet_instructions`
  ADD PRIMARY KEY (`pallet_instructions_id`);

--
-- Indexes for table `work_order_ui_slitting_qc_ins`
--
ALTER TABLE `work_order_ui_slitting_qc_ins`
  ADD PRIMARY KEY (`slitting_qc_ins_id`);

--
-- Indexes for table `work_order_ui_slitting_shipping_dets`
--
ALTER TABLE `work_order_ui_slitting_shipping_dets`
  ADD PRIMARY KEY (`shipping_dets_id`);

--
-- Indexes for table `work_order_ui_structure`
--
ALTER TABLE `work_order_ui_structure`
  ADD PRIMARY KEY (`structure_id`);

--
-- Indexes for table `work_order_wind_dir`
--
ALTER TABLE `work_order_wind_dir`
  ADD PRIMARY KEY (`wind_id`);

--
-- AUTO_INCREMENT for dumped tables
--

--
-- AUTO_INCREMENT for table `bag_digital_master`
--
ALTER TABLE `bag_digital_master`
  MODIFY `bdm_id` int(50) NOT NULL AUTO_INCREMENT, AUTO_INCREMENT=6;
--
-- AUTO_INCREMENT for table `bag_digital_params`
--
ALTER TABLE `bag_digital_params`
  MODIFY `bdp_id` int(10) NOT NULL AUTO_INCREMENT, AUTO_INCREMENT=14;
--
-- AUTO_INCREMENT for table `clients_main`
--
ALTER TABLE `clients_main`
  MODIFY `client_id` int(80) NOT NULL AUTO_INCREMENT, AUTO_INCREMENT=684;
--
-- AUTO_INCREMENT for table `conditional_release_identity`
--
ALTER TABLE `conditional_release_identity`
  MODIFY `crd_id` int(4) NOT NULL AUTO_INCREMENT, AUTO_INCREMENT=4;
--
-- AUTO_INCREMENT for table `conditional_release_reason`
--
ALTER TABLE `conditional_release_reason`
  MODIFY `crr_id` int(10) NOT NULL AUTO_INCREMENT, AUTO_INCREMENT=3;
--
-- AUTO_INCREMENT for table `conditional_release_wo`
--
ALTER TABLE `conditional_release_wo`
  MODIFY `crw_id` int(50) NOT NULL AUTO_INCREMENT, AUTO_INCREMENT=4;
--
-- AUTO_INCREMENT for table `logcat_main`
--
ALTER TABLE `logcat_main`
  MODIFY `logcat_id` int(15) NOT NULL AUTO_INCREMENT, AUTO_INCREMENT=1426;
--
-- AUTO_INCREMENT for table `master_work_order_main`
--
ALTER TABLE `master_work_order_main`
  MODIFY `master_wo_id` int(11) NOT NULL AUTO_INCREMENT, AUTO_INCREMENT=87;
--
-- AUTO_INCREMENT for table `master_work_order_main_identitiy`
--
ALTER TABLE `master_work_order_main_identitiy`
  MODIFY `mwoid_id` int(100) NOT NULL AUTO_INCREMENT, AUTO_INCREMENT=11;
--
-- AUTO_INCREMENT for table `master_work_order_reference_number`
--
ALTER TABLE `master_work_order_reference_number`
  MODIFY `mwo_ref_id` int(255) NOT NULL AUTO_INCREMENT, AUTO_INCREMENT=8016;
--
-- AUTO_INCREMENT for table `materials_main`
--
ALTER TABLE `materials_main`
  MODIFY `material_id` int(50) NOT NULL AUTO_INCREMENT, AUTO_INCREMENT=57;
--
-- AUTO_INCREMENT for table `modules_groups`
--
ALTER TABLE `modules_groups`
  MODIFY `mg_id` int(255) NOT NULL AUTO_INCREMENT, AUTO_INCREMENT=12;
--
-- AUTO_INCREMENT for table `modules_main`
--
ALTER TABLE `modules_main`
  MODIFY `mod_id` int(255) NOT NULL AUTO_INCREMENT, AUTO_INCREMENT=60;
--
-- AUTO_INCREMENT for table `pouch_digital_master`
--
ALTER TABLE `pouch_digital_master`
  MODIFY `pdm_id` int(11) NOT NULL AUTO_INCREMENT, AUTO_INCREMENT=8;
--
-- AUTO_INCREMENT for table `pouch_digital_params`
--
ALTER TABLE `pouch_digital_params`
  MODIFY `pdp_id` int(25) NOT NULL AUTO_INCREMENT, AUTO_INCREMENT=81;
--
-- AUTO_INCREMENT for table `pouch_digital_sub`
--
ALTER TABLE `pouch_digital_sub`
  MODIFY `pds_id` int(25) NOT NULL AUTO_INCREMENT, AUTO_INCREMENT=17;
--
-- AUTO_INCREMENT for table `remarks_identity`
--
ALTER TABLE `remarks_identity`
  MODIFY `remarkiden_id` int(15) NOT NULL AUTO_INCREMENT, AUTO_INCREMENT=8;
--
-- AUTO_INCREMENT for table `remarks_wo`
--
ALTER TABLE `remarks_wo`
  MODIFY `remark_id` int(255) NOT NULL AUTO_INCREMENT, AUTO_INCREMENT=13;
--
-- AUTO_INCREMENT for table `sales_groups_master`
--
ALTER TABLE `sales_groups_master`
  MODIFY `sgm_id` int(5) NOT NULL AUTO_INCREMENT, AUTO_INCREMENT=6;
--
-- AUTO_INCREMENT for table `sales_groups_people`
--
ALTER TABLE `sales_groups_people`
  MODIFY `sgp_id` int(25) NOT NULL AUTO_INCREMENT, AUTO_INCREMENT=29;
--
-- AUTO_INCREMENT for table `session_tracker`
--
ALTER TABLE `session_tracker`
  MODIFY `sess_id` int(255) NOT NULL AUTO_INCREMENT, AUTO_INCREMENT=47;
--
-- AUTO_INCREMENT for table `users_pending`
--
ALTER TABLE `users_pending`
  MODIFY `pending_id` int(255) NOT NULL AUTO_INCREMENT;
--
-- AUTO_INCREMENT for table `user_main`
--
ALTER TABLE `user_main`
  MODIFY `lum_id` int(255) NOT NULL AUTO_INCREMENT, AUTO_INCREMENT=34;
--
-- AUTO_INCREMENT for table `user_types`
--
ALTER TABLE `user_types`
  MODIFY `user_type_id` int(255) NOT NULL AUTO_INCREMENT, AUTO_INCREMENT=21;
--
-- AUTO_INCREMENT for table `work_order_applications`
--
ALTER TABLE `work_order_applications`
  MODIFY `application_id` int(255) NOT NULL AUTO_INCREMENT, AUTO_INCREMENT=37;
--
-- AUTO_INCREMENT for table `work_order_digital_master`
--
ALTER TABLE `work_order_digital_master`
  MODIFY `dm_id` int(20) NOT NULL AUTO_INCREMENT, AUTO_INCREMENT=25;
--
-- AUTO_INCREMENT for table `work_order_digital_params`
--
ALTER TABLE `work_order_digital_params`
  MODIFY `param_id` int(10) NOT NULL AUTO_INCREMENT, AUTO_INCREMENT=9;
--
-- AUTO_INCREMENT for table `work_order_pack_size_unit`
--
ALTER TABLE `work_order_pack_size_unit`
  MODIFY `psu_id` int(50) NOT NULL AUTO_INCREMENT, AUTO_INCREMENT=8;
--
-- AUTO_INCREMENT for table `work_order_product_type_printed`
--
ALTER TABLE `work_order_product_type_printed`
  MODIFY `ptp_id` int(50) NOT NULL AUTO_INCREMENT, AUTO_INCREMENT=3;
--
-- AUTO_INCREMENT for table `work_order_qty_units`
--
ALTER TABLE `work_order_qty_units`
  MODIFY `unit_id` int(50) NOT NULL AUTO_INCREMENT, AUTO_INCREMENT=9;
--
-- AUTO_INCREMENT for table `work_order_ui_bag_handle`
--
ALTER TABLE `work_order_ui_bag_handle`
  MODIFY `bag_handle_id` int(5) NOT NULL AUTO_INCREMENT, AUTO_INCREMENT=9;
--
-- AUTO_INCREMENT for table `work_order_ui_customer_location`
--
ALTER TABLE `work_order_ui_customer_location`
  MODIFY `customer_location_id` int(5) NOT NULL AUTO_INCREMENT, AUTO_INCREMENT=4;
--
-- AUTO_INCREMENT for table `work_order_ui_ext_cof`
--
ALTER TABLE `work_order_ui_ext_cof`
  MODIFY `cof_id` int(5) NOT NULL AUTO_INCREMENT, AUTO_INCREMENT=4;
--
-- AUTO_INCREMENT for table `work_order_ui_filling_temp`
--
ALTER TABLE `work_order_ui_filling_temp`
  MODIFY `filling_temp_id` int(25) NOT NULL AUTO_INCREMENT, AUTO_INCREMENT=6;
--
-- AUTO_INCREMENT for table `work_order_ui_foil_print_side`
--
ALTER TABLE `work_order_ui_foil_print_side`
  MODIFY `foil_print_side_id` int(5) NOT NULL AUTO_INCREMENT, AUTO_INCREMENT=3;
--
-- AUTO_INCREMENT for table `work_order_ui_lam_options`
--
ALTER TABLE `work_order_ui_lam_options`
  MODIFY `lamo_id` int(10) NOT NULL AUTO_INCREMENT, AUTO_INCREMENT=7;
--
-- AUTO_INCREMENT for table `work_order_ui_lsd_required`
--
ALTER TABLE `work_order_ui_lsd_required`
  MODIFY `lsd_required_id` int(10) NOT NULL AUTO_INCREMENT, AUTO_INCREMENT=3;
--
-- AUTO_INCREMENT for table `work_order_ui_pallet_size`
--
ALTER TABLE `work_order_ui_pallet_size`
  MODIFY `pallet_size_id` int(5) NOT NULL AUTO_INCREMENT, AUTO_INCREMENT=6;
--
-- AUTO_INCREMENT for table `work_order_ui_partial_del`
--
ALTER TABLE `work_order_ui_partial_del`
  MODIFY `partial_del_id` int(10) NOT NULL AUTO_INCREMENT, AUTO_INCREMENT=3;
--
-- AUTO_INCREMENT for table `work_order_ui_pe_film_feature`
--
ALTER TABLE `work_order_ui_pe_film_feature`
  MODIFY `pe_film_feature_id` int(50) NOT NULL AUTO_INCREMENT, AUTO_INCREMENT=6;
--
-- AUTO_INCREMENT for table `work_order_ui_pouch_bag_fill_opts`
--
ALTER TABLE `work_order_ui_pouch_bag_fill_opts`
  MODIFY `pbfo_id` int(25) NOT NULL AUTO_INCREMENT, AUTO_INCREMENT=4;
--
-- AUTO_INCREMENT for table `work_order_ui_pouch_euro_punch`
--
ALTER TABLE `work_order_ui_pouch_euro_punch`
  MODIFY `euro_id` int(25) NOT NULL AUTO_INCREMENT, AUTO_INCREMENT=4;
--
-- AUTO_INCREMENT for table `work_order_ui_pouch_lap_fin`
--
ALTER TABLE `work_order_ui_pouch_lap_fin`
  MODIFY `lap_fin_id` int(25) NOT NULL AUTO_INCREMENT, AUTO_INCREMENT=3;
--
-- AUTO_INCREMENT for table `work_order_ui_pouch_pack_ins`
--
ALTER TABLE `work_order_ui_pouch_pack_ins`
  MODIFY `pouch_pack_ins_id` int(5) NOT NULL AUTO_INCREMENT, AUTO_INCREMENT=5;
--
-- AUTO_INCREMENT for table `work_order_ui_pouch_perforation`
--
ALTER TABLE `work_order_ui_pouch_perforation`
  MODIFY `pouch_perforation_id` int(10) NOT NULL AUTO_INCREMENT, AUTO_INCREMENT=3;
--
-- AUTO_INCREMENT for table `work_order_ui_pouch_pe_strip`
--
ALTER TABLE `work_order_ui_pouch_pe_strip`
  MODIFY `pestrip_id` int(25) NOT NULL AUTO_INCREMENT, AUTO_INCREMENT=3;
--
-- AUTO_INCREMENT for table `work_order_ui_pouch_punch_type`
--
ALTER TABLE `work_order_ui_pouch_punch_type`
  MODIFY `punch_id` int(25) NOT NULL AUTO_INCREMENT, AUTO_INCREMENT=11;
--
-- AUTO_INCREMENT for table `work_order_ui_pouch_round_corner`
--
ALTER TABLE `work_order_ui_pouch_round_corner`
  MODIFY `round_corner_id` int(25) NOT NULL AUTO_INCREMENT, AUTO_INCREMENT=3;
--
-- AUTO_INCREMENT for table `work_order_ui_pouch_tear_notch`
--
ALTER TABLE `work_order_ui_pouch_tear_notch`
  MODIFY `tear_notch_id` int(25) NOT NULL AUTO_INCREMENT, AUTO_INCREMENT=3;
--
-- AUTO_INCREMENT for table `work_order_ui_pouch_tear_notch_qty`
--
ALTER TABLE `work_order_ui_pouch_tear_notch_qty`
  MODIFY `tear_notch_qty_id` int(25) NOT NULL AUTO_INCREMENT, AUTO_INCREMENT=3;
--
-- AUTO_INCREMENT for table `work_order_ui_pouch_tear_notch_side`
--
ALTER TABLE `work_order_ui_pouch_tear_notch_side`
  MODIFY `tear_notch_side_id` int(25) NOT NULL AUTO_INCREMENT, AUTO_INCREMENT=3;
--
-- AUTO_INCREMENT for table `work_order_ui_pouch_zipper`
--
ALTER TABLE `work_order_ui_pouch_zipper`
  MODIFY `zipper_id` int(25) NOT NULL AUTO_INCREMENT, AUTO_INCREMENT=3;
--
-- AUTO_INCREMENT for table `work_order_ui_pouch_zipper_opc`
--
ALTER TABLE `work_order_ui_pouch_zipper_opc`
  MODIFY `zipopc_id` int(25) NOT NULL AUTO_INCREMENT, AUTO_INCREMENT=3;
--
-- AUTO_INCREMENT for table `work_order_ui_print_end_options`
--
ALTER TABLE `work_order_ui_print_end_options`
  MODIFY `print_end_opts_id` int(11) NOT NULL AUTO_INCREMENT, AUTO_INCREMENT=3;
--
-- AUTO_INCREMENT for table `work_order_ui_print_options`
--
ALTER TABLE `work_order_ui_print_options`
  MODIFY `print_options_id` int(5) NOT NULL AUTO_INCREMENT, AUTO_INCREMENT=8;
--
-- AUTO_INCREMENT for table `work_order_ui_print_shadecardreq`
--
ALTER TABLE `work_order_ui_print_shadecardreq`
  MODIFY `shadecardreq_id` int(5) NOT NULL AUTO_INCREMENT, AUTO_INCREMENT=3;
--
-- AUTO_INCREMENT for table `work_order_ui_print_shadecard_ref_type`
--
ALTER TABLE `work_order_ui_print_shadecard_ref_type`
  MODIFY `shadecard_ref_type_id` int(5) NOT NULL AUTO_INCREMENT, AUTO_INCREMENT=7;
--
-- AUTO_INCREMENT for table `work_order_ui_print_surfrev`
--
ALTER TABLE `work_order_ui_print_surfrev`
  MODIFY `surfrev_id` int(6) NOT NULL AUTO_INCREMENT, AUTO_INCREMENT=3;
--
-- AUTO_INCREMENT for table `work_order_ui_repeat_types`
--
ALTER TABLE `work_order_ui_repeat_types`
  MODIFY `rept_id` int(5) NOT NULL AUTO_INCREMENT, AUTO_INCREMENT=6;
--
-- AUTO_INCREMENT for table `work_order_ui_roll_options`
--
ALTER TABLE `work_order_ui_roll_options`
  MODIFY `rollopts_id` int(25) NOT NULL AUTO_INCREMENT, AUTO_INCREMENT=12;
--
-- AUTO_INCREMENT for table `work_order_ui_shipment`
--
ALTER TABLE `work_order_ui_shipment`
  MODIFY `shipment_id` int(5) NOT NULL AUTO_INCREMENT, AUTO_INCREMENT=13;
--
-- AUTO_INCREMENT for table `work_order_ui_slitting_core_id_length`
--
ALTER TABLE `work_order_ui_slitting_core_id_length`
  MODIFY `slitting_core_id_length_id` int(5) NOT NULL AUTO_INCREMENT, AUTO_INCREMENT=4;
--
-- AUTO_INCREMENT for table `work_order_ui_slitting_core_id_type`
--
ALTER TABLE `work_order_ui_slitting_core_id_type`
  MODIFY `slitting_core_id_type_id` int(5) NOT NULL AUTO_INCREMENT, AUTO_INCREMENT=4;
--
-- AUTO_INCREMENT for table `work_order_ui_slitting_core_plugs`
--
ALTER TABLE `work_order_ui_slitting_core_plugs`
  MODIFY `core_plugs_id` int(50) NOT NULL AUTO_INCREMENT, AUTO_INCREMENT=3;
--
-- AUTO_INCREMENT for table `work_order_ui_slitting_freight_ins`
--
ALTER TABLE `work_order_ui_slitting_freight_ins`
  MODIFY `freight_id` int(5) NOT NULL AUTO_INCREMENT, AUTO_INCREMENT=8;
--
-- AUTO_INCREMENT for table `work_order_ui_slitting_laser_config`
--
ALTER TABLE `work_order_ui_slitting_laser_config`
  MODIFY `laser_id` int(5) NOT NULL AUTO_INCREMENT, AUTO_INCREMENT=10;
--
-- AUTO_INCREMENT for table `work_order_ui_slitting_packing_opts`
--
ALTER TABLE `work_order_ui_slitting_packing_opts`
  MODIFY `slitting_packing_opts_id` int(5) NOT NULL AUTO_INCREMENT, AUTO_INCREMENT=13;
--
-- AUTO_INCREMENT for table `work_order_ui_slitting_pack_ins`
--
ALTER TABLE `work_order_ui_slitting_pack_ins`
  MODIFY `pack_ins_id` int(5) NOT NULL AUTO_INCREMENT, AUTO_INCREMENT=4;
--
-- AUTO_INCREMENT for table `work_order_ui_slitting_pallet`
--
ALTER TABLE `work_order_ui_slitting_pallet`
  MODIFY `slitting_pallet_id` int(5) NOT NULL AUTO_INCREMENT, AUTO_INCREMENT=5;
--
-- AUTO_INCREMENT for table `work_order_ui_slitting_pallet_instructions`
--
ALTER TABLE `work_order_ui_slitting_pallet_instructions`
  MODIFY `pallet_instructions_id` int(5) NOT NULL AUTO_INCREMENT, AUTO_INCREMENT=6;
--
-- AUTO_INCREMENT for table `work_order_ui_slitting_qc_ins`
--
ALTER TABLE `work_order_ui_slitting_qc_ins`
  MODIFY `slitting_qc_ins_id` int(5) NOT NULL AUTO_INCREMENT, AUTO_INCREMENT=12;
--
-- AUTO_INCREMENT for table `work_order_ui_slitting_shipping_dets`
--
ALTER TABLE `work_order_ui_slitting_shipping_dets`
  MODIFY `shipping_dets_id` int(5) NOT NULL AUTO_INCREMENT, AUTO_INCREMENT=4;
--
-- AUTO_INCREMENT for table `work_order_ui_structure`
--
ALTER TABLE `work_order_ui_structure`
  MODIFY `structure_id` int(50) NOT NULL AUTO_INCREMENT, AUTO_INCREMENT=5;
--
-- AUTO_INCREMENT for table `work_order_wind_dir`
--
ALTER TABLE `work_order_wind_dir`
  MODIFY `wind_id` int(50) NOT NULL AUTO_INCREMENT, AUTO_INCREMENT=25;
/*!40101 SET CHARACTER_SET_CLIENT=@OLD_CHARACTER_SET_CLIENT */;
/*!40101 SET CHARACTER_SET_RESULTS=@OLD_CHARACTER_SET_RESULTS */;
/*!40101 SET COLLATION_CONNECTION=@OLD_COLLATION_CONNECTION */;
